[2025-05-02T15:21:35.297Z] [INFO] Requesting intents: Guilds, GuildMessages, GuildMembers, MessageContent
[2025-05-02T15:21:35.302Z] [INFO] Loaded event: interactionCreate
[2025-05-02T15:21:35.305Z] [INFO] Loaded event: messageCreate
[2025-05-02T15:21:35.312Z] [INFO] Loaded event: ready
[2025-05-02T15:21:35.313Z] [INFO] Loaded command: 8ball from fun
[2025-05-02T15:21:35.313Z] [INFO] Loaded command: coinflip from fun
[2025-05-02T15:21:35.315Z] [INFO] Loaded command: joke from fun
[2025-05-02T15:21:35.315Z] [INFO] Loaded command: giveaway from giveaway
[2025-05-02T15:21:35.316Z] [INFO] Loaded command: gend from giveaway
[2025-05-02T15:21:35.317Z] [INFO] Loaded command: glist from giveaway
[2025-05-02T15:21:35.322Z] [INFO] Loaded command: greroll from giveaway
[2025-05-02T15:21:35.327Z] [INFO] Loaded command: antiping from moderation
[2025-05-02T15:21:35.342Z] [INFO] Loaded command: automod from moderation
[2025-05-02T15:21:35.343Z] [INFO] Loaded command: ban from moderation
[2025-05-02T15:21:35.345Z] [INFO] Loaded command: kick from moderation
[2025-05-02T15:21:35.346Z] [INFO] Loaded command: purge from moderation
[2025-05-02T15:21:35.347Z] [INFO] Loaded command: timeout from moderation
[2025-05-02T15:21:35.348Z] [INFO] Loaded command: unmute from moderation
[2025-05-02T15:21:35.352Z] [INFO] Loaded command: unsticky from sticky
[2025-05-02T15:21:35.355Z] [INFO] Loaded command: sticky from sticky
[2025-05-02T15:21:35.358Z] [INFO] Loaded command: embed from utility
[2025-05-02T15:21:35.360Z] [INFO] Loaded command: help from utility
[2025-05-02T15:21:35.362Z] [INFO] Loaded command: ping from utility
[2025-05-02T15:21:35.364Z] [INFO] Loaded command: serverinfo from utility
[2025-05-02T15:21:35.368Z] [INFO] Loaded command: userinfo from utility
[2025-05-02T15:21:35.369Z] [INFO] Loaded command: vouch from utility
[2025-05-02T15:21:35.369Z] [INFO] Attempting to log in to Discord...
[2025-05-02T15:21:35.299Z] [INFO] Requesting intents: Guilds, GuildMessages, GuildMembers, MessageContent
[2025-05-02T15:21:35.304Z] [INFO] Loaded event: messageCreate
[2025-05-02T15:21:35.303Z] [INFO] Loaded event: interactionCreate
[2025-05-02T15:21:35.308Z] [INFO] Loaded event: ready
[2025-05-02T15:21:35.312Z] [INFO] Loaded command: 8ball from fun
[2025-05-02T15:21:35.313Z] [INFO] Loaded command: coinflip from fun
[2025-05-02T15:21:35.315Z] [INFO] Loaded command: joke from fun
[2025-05-02T15:21:35.315Z] [INFO] Loaded command: giveaway from giveaway
[2025-05-02T15:21:35.316Z] [INFO] Loaded command: gend from giveaway
[2025-05-02T15:21:35.317Z] [INFO] Loaded command: glist from giveaway
[2025-05-02T15:21:35.318Z] [INFO] Loaded command: greroll from giveaway
[2025-05-02T15:21:35.321Z] [INFO] Loaded command: antiping from moderation
[2025-05-02T15:21:35.353Z] [INFO] Loaded command: automod from moderation
[2025-05-02T15:21:35.357Z] [INFO] Loaded command: ban from moderation
[2025-05-02T15:21:35.358Z] [INFO] Loaded command: kick from moderation
[2025-05-02T15:21:35.361Z] [INFO] Loaded command: purge from moderation
[2025-05-02T15:21:35.362Z] [INFO] Loaded command: timeout from moderation
[2025-05-02T15:21:35.363Z] [INFO] Loaded command: unmute from moderation
[2025-05-02T15:21:35.367Z] [INFO] Loaded command: unsticky from sticky
[2025-05-02T15:21:35.369Z] [INFO] Loaded command: sticky from sticky
[2025-05-02T15:21:35.372Z] [INFO] Loaded command: embed from utility
[2025-05-02T15:21:35.373Z] [INFO] Loaded command: help from utility
[2025-05-02T15:21:35.373Z] [INFO] Loaded command: ping from utility
[2025-05-02T15:21:35.374Z] [INFO] Loaded command: serverinfo from utility
[2025-05-02T15:21:35.377Z] [INFO] Loaded command: userinfo from utility
[2025-05-02T15:21:35.377Z] [INFO] Loaded command: vouch from utility
[2025-05-02T15:21:35.377Z] [INFO] Attempting to log in to Discord...
[2025-05-02T15:21:35.964Z] [INFO] Bot logged in successfully
[2025-05-02T15:21:35.967Z] [INFO] Started refreshing 22 application (/) commands.
[2025-05-02T15:21:36.052Z] [INFO] Logged in as .gg/snowhill#8571
[2025-05-02T15:21:36.053Z] [INFO] Bot is serving 1 guilds
[2025-05-02T15:21:36.053Z] [INFO] Connected to guild: SnowHill 1 Inv =  1 Moby (1321561162717855834) with 8169 members
[2025-05-02T15:21:36.178Z] [INFO] Bot logged in successfully
[2025-05-02T15:21:36.181Z] [INFO] Started refreshing 22 application (/) commands.
[2025-05-02T15:21:36.292Z] [INFO] Successfully reloaded 22 guild (/) commands.
[2025-05-02T15:21:36.292Z] [INFO] Loaded 0 active giveaways
[2025-05-02T15:21:36.293Z] [INFO] Setting up sticky message handler
[2025-05-02T15:21:36.296Z] [INFO] Logged in as .gg/snowhill#8571
[2025-05-02T15:21:36.297Z] [INFO] Bot is serving 1 guilds
[2025-05-02T15:21:36.297Z] [INFO] Connected to guild: SnowHill 1 Inv =  1 Moby (1321561162717855834) with 8169 members
[2025-05-02T15:21:36.401Z] [INFO] Successfully reloaded 22 guild (/) commands.
[2025-05-02T15:21:36.401Z] [INFO] Loaded 0 active giveaways
[2025-05-02T15:21:36.401Z] [INFO] Setting up sticky message handler
[2025-05-02T15:21:57.049Z] [INFO] Requesting intents: Guilds, GuildMessages, GuildMembers, MessageContent
[2025-05-02T15:21:57.053Z] [INFO] Loaded event: interactionCreate
[2025-05-02T15:21:57.055Z] [INFO] Loaded event: messageCreate
[2025-05-02T15:21:57.056Z] [INFO] Loaded event: ready
[2025-05-02T15:21:57.057Z] [INFO] Loaded command: 8ball from fun
[2025-05-02T15:21:57.058Z] [INFO] Loaded command: coinflip from fun
[2025-05-02T15:21:57.060Z] [INFO] Loaded command: joke from fun
[2025-05-02T15:21:57.061Z] [INFO] Loaded command: giveaway from giveaway
[2025-05-02T15:21:57.063Z] [INFO] Loaded command: gend from giveaway
[2025-05-02T15:21:57.064Z] [INFO] Loaded command: glist from giveaway
[2025-05-02T15:21:57.065Z] [INFO] Loaded command: greroll from giveaway
[2025-05-02T15:21:57.068Z] [INFO] Loaded command: antiping from moderation
[2025-05-02T15:21:57.071Z] [INFO] Loaded command: automod from moderation
[2025-05-02T15:21:57.076Z] [INFO] Loaded command: ban from moderation
[2025-05-02T15:21:57.078Z] [INFO] Loaded command: kick from moderation
[2025-05-02T15:21:57.079Z] [INFO] Loaded command: purge from moderation
[2025-05-02T15:21:57.080Z] [INFO] Loaded command: timeout from moderation
[2025-05-02T15:21:57.081Z] [INFO] Loaded command: unmute from moderation
[2025-05-02T15:21:57.082Z] [INFO] Loaded command: unsticky from sticky
[2025-05-02T15:21:57.082Z] [INFO] Loaded command: sticky from sticky
[2025-05-02T15:21:57.084Z] [INFO] Loaded command: embed from utility
[2025-05-02T15:21:57.085Z] [INFO] Loaded command: help from utility
[2025-05-02T15:21:57.085Z] [INFO] Loaded command: ping from utility
[2025-05-02T15:21:57.086Z] [INFO] Loaded command: serverinfo from utility
[2025-05-02T15:21:57.086Z] [INFO] Loaded command: userinfo from utility
[2025-05-02T15:21:57.087Z] [INFO] Loaded command: vouch from utility
[2025-05-02T15:21:57.087Z] [INFO] Attempting to log in to Discord...
[2025-05-02T15:21:57.710Z] [INFO] Bot logged in successfully
[2025-05-02T15:21:57.715Z] [INFO] Started refreshing 22 application (/) commands.
[2025-05-02T15:21:57.823Z] [INFO] Logged in as .gg/snowhill#8571
[2025-05-02T15:21:57.823Z] [INFO] Connected to guild: SnowHill 1 Inv =  1 Moby (1321561162717855834) with 8169 members
[2025-05-02T15:21:57.823Z] [INFO] Bot is serving 1 guilds
[2025-05-02T15:22:30.027Z] [INFO] Added command: 8ball from fun
[2025-05-02T15:22:30.031Z] [INFO] Added command: coinflip from fun
[2025-05-02T15:22:30.033Z] [INFO] Added command: joke from fun
[2025-05-02T15:22:30.036Z] [INFO] Added command: giveaway from giveaway
[2025-05-02T15:22:30.039Z] [INFO] Added command: glist from giveaway
[2025-05-02T15:22:30.036Z] [INFO] Added command: gend from giveaway
[2025-05-02T15:22:30.042Z] [INFO] Added command: antiping from moderation
[2025-05-02T15:22:30.040Z] [INFO] Added command: greroll from giveaway
[2025-05-02T15:22:30.047Z] [INFO] Added command: automod from moderation
[2025-05-02T15:22:30.048Z] [INFO] Added command: ban from moderation
[2025-05-02T15:22:30.049Z] [INFO] Added command: kick from moderation
[2025-05-02T15:22:30.050Z] [INFO] Added command: purge from moderation
[2025-05-02T15:22:30.051Z] [INFO] Added command: timeout from moderation
[2025-05-02T15:22:30.052Z] [INFO] Added command: unmute from moderation
[2025-05-02T15:22:30.053Z] [INFO] Added command: unsticky from sticky
[2025-05-02T15:22:30.060Z] [INFO] Added command: embed from utility
[2025-05-02T15:22:30.062Z] [INFO] Added command: help from utility
[2025-05-02T15:22:30.062Z] [INFO] Added command: ping from utility
[2025-05-02T15:22:30.063Z] [INFO] Added command: serverinfo from utility
[2025-05-02T15:22:30.063Z] [INFO] Added command: userinfo from utility
[2025-05-02T15:22:30.064Z] [INFO] Added command: vouch from utility
[2025-05-02T15:22:30.065Z] [INFO] Started refreshing 22 application (/) commands.
[2025-05-02T15:22:30.058Z] [INFO] Added command: sticky from sticky
[2025-05-02T15:22:30.395Z] [INFO] Successfully reloaded 22 guild (/) commands.
[2025-05-02T15:22:36.525Z] [INFO] Successfully reloaded 22 guild (/) commands.
[2025-05-02T15:22:36.526Z] [INFO] Loaded 0 active giveaways
[2025-05-02T15:22:36.526Z] [INFO] Setting up sticky message handler
[2025-05-02T15:22:52.973Z] [INFO] User sselyan (839580152774000721) used command /vouch
[2025-05-02T15:22:52.975Z] [INFO] User sselyan (839580152774000721) used command /vouch
[2025-05-02T15:22:52.976Z] [INFO] User sselyan (839580152774000721) used command /vouch
[2025-05-02T15:22:53.664Z] [ERROR] Error executing command vouch: Interaction has already been acknowledged.
[2025-05-02T15:22:53.833Z] [ERROR] Error executing command vouch: Interaction has already been acknowledged.
[2025-05-02T15:23:52.287Z] [INFO] Requesting intents: Guilds, GuildMessages, GuildMembers, MessageContent
[2025-05-02T15:23:52.290Z] [INFO] Loaded event: interactionCreate
[2025-05-02T15:23:52.291Z] [INFO] Loaded event: messageCreate
[2025-05-02T15:23:52.291Z] [INFO] Loaded event: ready
[2025-05-02T15:23:52.292Z] [INFO] Loaded command: 8ball from fun
[2025-05-02T15:23:52.292Z] [INFO] Loaded command: coinflip from fun
[2025-05-02T15:23:52.293Z] [INFO] Loaded command: joke from fun
[2025-05-02T15:23:52.293Z] [INFO] Loaded command: giveaway from giveaway
[2025-05-02T15:23:52.294Z] [INFO] Loaded command: gend from giveaway
[2025-05-02T15:23:52.294Z] [INFO] Loaded command: glist from giveaway
[2025-05-02T15:23:52.297Z] [INFO] Loaded command: greroll from giveaway
[2025-05-02T15:23:52.298Z] [INFO] Loaded command: antiping from moderation
[2025-05-02T15:23:52.301Z] [INFO] Loaded command: automod from moderation
[2025-05-02T15:23:52.302Z] [INFO] Loaded command: ban from moderation
[2025-05-02T15:23:52.302Z] [INFO] Loaded command: kick from moderation
[2025-05-02T15:23:52.303Z] [INFO] Loaded command: purge from moderation
[2025-05-02T15:23:52.304Z] [INFO] Loaded command: timeout from moderation
[2025-05-02T15:23:52.305Z] [INFO] Loaded command: unmute from moderation
[2025-05-02T15:23:52.306Z] [INFO] Loaded command: unsticky from sticky
[2025-05-02T15:23:52.306Z] [INFO] Loaded command: sticky from sticky
[2025-05-02T15:23:52.307Z] [INFO] Loaded command: embed from utility
[2025-05-02T15:23:52.308Z] [INFO] Loaded command: help from utility
[2025-05-02T15:23:52.311Z] [INFO] Loaded command: vouch from utility
[2025-05-02T15:23:52.309Z] [INFO] Loaded command: ping from utility
[2025-05-02T15:23:52.309Z] [INFO] Loaded command: serverinfo from utility
[2025-05-02T15:23:52.310Z] [INFO] Loaded command: userinfo from utility
[2025-05-02T15:23:52.311Z] [INFO] Attempting to log in to Discord...
[2025-05-02T15:23:52.844Z] [INFO] Bot logged in successfully
[2025-05-02T15:23:52.846Z] [INFO] Started refreshing 22 application (/) commands.
[2025-05-02T15:23:52.944Z] [INFO] Logged in as .gg/snowhill#8571
[2025-05-02T15:23:52.945Z] [INFO] Bot is serving 1 guilds
[2025-05-02T15:23:52.945Z] [INFO] Connected to guild: SnowHill 1 Inv =  1 Moby (1321561162717855834) with 8169 members
[2025-05-02T15:23:53.072Z] [INFO] Successfully reloaded 22 guild (/) commands.
[2025-05-02T15:23:53.072Z] [INFO] Loaded 0 active giveaways
[2025-05-02T15:23:53.073Z] [INFO] Setting up sticky message handler
[2025-05-02T15:26:05.837Z] [INFO] Requesting intents: Guilds, GuildMessages, GuildMembers, MessageContent
[2025-05-02T15:26:05.841Z] [INFO] Loaded event: interactionCreate
[2025-05-02T15:26:05.843Z] [INFO] Loaded event: ready
[2025-05-02T15:26:05.844Z] [INFO] Loaded command: 8ball from fun
[2025-05-02T15:26:05.846Z] [INFO] Loaded command: coinflip from fun
[2025-05-02T15:26:05.849Z] [INFO] Loaded command: joke from fun
[2025-05-02T15:26:05.850Z] [INFO] Loaded command: giveaway from giveaway
[2025-05-02T15:26:05.854Z] [INFO] Loaded command: gend from giveaway
[2025-05-02T15:26:05.856Z] [INFO] Loaded command: glist from giveaway
[2025-05-02T15:26:05.858Z] [INFO] Loaded command: greroll from giveaway
[2025-05-02T15:26:05.867Z] [INFO] Loaded command: antiping from moderation
[2025-05-02T15:26:05.874Z] [INFO] Loaded command: automod from moderation
[2025-05-02T15:26:05.875Z] [INFO] Loaded command: ban from moderation
[2025-05-02T15:26:05.876Z] [INFO] Loaded command: kick from moderation
[2025-05-02T15:26:05.878Z] [INFO] Loaded command: purge from moderation
[2025-05-02T15:26:05.880Z] [INFO] Loaded command: timeout from moderation
[2025-05-02T15:26:05.884Z] [INFO] Loaded command: unmute from moderation
[2025-05-02T15:26:05.886Z] [INFO] Loaded command: unsticky from sticky
[2025-05-02T15:26:05.886Z] [INFO] Loaded command: sticky from sticky
[2025-05-02T15:26:05.890Z] [INFO] Loaded command: embed from utility
[2025-05-02T15:26:05.894Z] [INFO] Loaded command: help from utility
[2025-05-02T15:26:05.894Z] [INFO] Loaded command: ping from utility
[2025-05-02T15:26:05.895Z] [INFO] Loaded command: serverinfo from utility
[2025-05-02T15:26:05.896Z] [INFO] Loaded command: userinfo from utility
[2025-05-02T15:26:05.897Z] [INFO] Loaded command: vouch from utility
[2025-05-02T15:26:05.897Z] [INFO] Attempting to log in to Discord...
[2025-05-02T15:26:05.842Z] [INFO] Loaded event: messageCreate
[2025-05-02T15:26:06.549Z] [INFO] Bot logged in successfully
[2025-05-02T15:26:06.551Z] [INFO] Started refreshing 22 application (/) commands.
[2025-05-02T15:26:06.641Z] [INFO] Logged in as .gg/snowhill#8571
[2025-05-02T15:26:06.642Z] [INFO] Bot is serving 1 guilds
[2025-05-02T15:26:06.642Z] [INFO] Connected to guild: SnowHill 1 Inv =  1 Moby (1321561162717855834) with 8169 members
[2025-05-02T15:26:06.808Z] [INFO] Successfully reloaded 22 guild (/) commands.
[2025-05-02T15:26:06.808Z] [INFO] Loaded 0 active giveaways
[2025-05-02T15:26:06.808Z] [INFO] Setting up sticky message handler
[2025-05-02T15:26:15.461Z] [INFO] User sselyan (839580152774000721) used command /vouch
[2025-05-02T15:28:10.868Z] [INFO] User yasinyea (1129758038753034332) used command /vouch
[2025-05-02T15:31:24.930Z] [INFO] User manannasa (1341220277681520703) used command /vouch
[2025-05-02T15:33:07.316Z] [INFO] User lclcfan4271 (954219234022535220) used command /vouch
[2025-05-02T15:38:12.465Z] [INFO] Requesting intents: Guilds, GuildMessages, GuildMembers, MessageContent
[2025-05-02T15:38:12.469Z] [INFO] Loaded event: interactionCreate
[2025-05-02T15:38:12.470Z] [INFO] Loaded event: messageCreate
[2025-05-02T15:38:12.471Z] [INFO] Loaded event: ready
[2025-05-02T15:38:12.473Z] [INFO] Loaded command: 8ball from fun
[2025-05-02T15:38:12.474Z] [INFO] Loaded command: coinflip from fun
[2025-05-02T15:38:12.475Z] [INFO] Loaded command: joke from fun
[2025-05-02T15:38:12.476Z] [INFO] Loaded command: giveaway from giveaway
[2025-05-02T15:38:12.477Z] [INFO] Loaded command: gend from giveaway
[2025-05-02T15:38:12.478Z] [INFO] Loaded command: glist from giveaway
[2025-05-02T15:38:12.479Z] [INFO] Loaded command: greroll from giveaway
[2025-05-02T15:38:12.481Z] [INFO] Loaded command: antiping from moderation
[2025-05-02T15:38:12.499Z] [INFO] Loaded command: automod from moderation
[2025-05-02T15:38:12.501Z] [INFO] Loaded command: ban from moderation
[2025-05-02T15:38:12.502Z] [INFO] Loaded command: kick from moderation
[2025-05-02T15:38:12.502Z] [INFO] Loaded command: purge from moderation
[2025-05-02T15:38:12.503Z] [INFO] Loaded command: timeout from moderation
[2025-05-02T15:38:12.504Z] [INFO] Loaded command: unsticky from sticky
[2025-05-02T15:38:12.504Z] [INFO] Loaded command: unmute from moderation
[2025-05-02T15:38:12.506Z] [INFO] Loaded command: sticky from sticky
[2025-05-02T15:38:12.507Z] [INFO] Loaded command: embed from utility
[2025-05-02T15:38:12.508Z] [INFO] Loaded command: help from utility
[2025-05-02T15:38:12.508Z] [INFO] Loaded command: ping from utility
[2025-05-02T15:38:12.509Z] [INFO] Loaded command: serverinfo from utility
[2025-05-02T15:38:12.513Z] [INFO] Loaded command: userinfo from utility
[2025-05-02T15:38:12.514Z] [INFO] Loaded command: vouch from utility
[2025-05-02T15:38:12.514Z] [INFO] Attempting to log in to Discord...
[2025-05-02T15:38:13.068Z] [INFO] Bot logged in successfully
[2025-05-02T15:38:13.071Z] [INFO] Started refreshing 22 application (/) commands.
[2025-05-02T15:38:13.163Z] [INFO] Logged in as .gg/snowhill#8571
[2025-05-02T15:38:13.164Z] [INFO] Bot is serving 1 guilds
[2025-05-02T15:38:13.164Z] [INFO] Connected to guild: SnowHill 1 Inv =  1 Moby (1321561162717855834) with 8170 members
[2025-05-02T15:38:13.326Z] [INFO] Successfully reloaded 22 guild (/) commands.
[2025-05-02T15:38:13.326Z] [INFO] Loaded 0 active giveaways
[2025-05-02T15:38:13.327Z] [INFO] Setting up sticky message handler
[2025-05-02T15:38:22.503Z] [INFO] Requesting intents: Guilds, GuildMessages, GuildMembers, MessageContent
[2025-05-02T15:38:22.506Z] [INFO] Loaded event: interactionCreate
[2025-05-02T15:38:22.507Z] [INFO] Loaded event: messageCreate
[2025-05-02T15:38:22.507Z] [INFO] Loaded event: ready
[2025-05-02T15:38:22.508Z] [INFO] Loaded command: 8ball from fun
[2025-05-02T15:38:22.508Z] [INFO] Loaded command: coinflip from fun
[2025-05-02T15:38:22.510Z] [INFO] Loaded command: joke from fun
[2025-05-02T15:38:22.510Z] [INFO] Loaded command: giveaway from giveaway
[2025-05-02T15:38:22.511Z] [INFO] Loaded command: gend from giveaway
[2025-05-02T15:38:22.512Z] [INFO] Loaded command: glist from giveaway
[2025-05-02T15:38:22.513Z] [INFO] Loaded command: greroll from giveaway
[2025-05-02T15:38:22.514Z] [INFO] Loaded command: antiping from moderation
[2025-05-02T15:38:22.525Z] [INFO] Loaded command: automod from moderation
[2025-05-02T15:38:22.526Z] [INFO] Loaded command: ban from moderation
[2025-05-02T15:38:22.527Z] [INFO] Loaded command: kick from moderation
[2025-05-02T15:38:22.527Z] [INFO] Loaded command: purge from moderation
[2025-05-02T15:38:22.528Z] [INFO] Loaded command: timeout from moderation
[2025-05-02T15:38:22.529Z] [INFO] Loaded command: unmute from moderation
[2025-05-02T15:38:22.530Z] [INFO] Loaded command: unsticky from sticky
[2025-05-02T15:38:22.530Z] [INFO] Loaded command: sticky from sticky
[2025-05-02T15:38:22.532Z] [INFO] Loaded command: embed from utility
[2025-05-02T15:38:22.533Z] [INFO] Loaded command: help from utility
[2025-05-02T15:38:22.533Z] [INFO] Loaded command: ping from utility
[2025-05-02T15:38:22.534Z] [INFO] Loaded command: serverinfo from utility
[2025-05-02T15:38:22.539Z] [INFO] Loaded command: userinfo from utility
[2025-05-02T15:38:22.539Z] [INFO] Loaded command: vouch from utility
[2025-05-02T15:38:22.540Z] [INFO] Attempting to log in to Discord...
[2025-05-02T15:38:23.135Z] [INFO] Bot logged in successfully
[2025-05-02T15:38:23.137Z] [INFO] Started refreshing 22 application (/) commands.
[2025-05-02T15:38:23.231Z] [INFO] Logged in as .gg/snowhill#8571
[2025-05-02T15:38:23.232Z] [INFO] Bot is serving 1 guilds
[2025-05-02T15:38:23.232Z] [INFO] Connected to guild: SnowHill 1 Inv =  1 Moby (1321561162717855834) with 8170 members
[2025-05-02T15:38:23.366Z] [INFO] Successfully reloaded 22 guild (/) commands.
[2025-05-02T15:38:23.367Z] [INFO] Loaded 0 active giveaways
[2025-05-02T15:38:23.367Z] [INFO] Setting up sticky message handler
[2025-05-02T15:53:02.131Z] [INFO] Requesting intents: Guilds, GuildMessages, GuildMembers, MessageContent
[2025-05-02T15:53:02.134Z] [INFO] Loaded event: interactionCreate
[2025-05-02T15:53:02.134Z] [INFO] Loaded event: messageCreate
[2025-05-02T15:53:02.135Z] [INFO] Loaded event: ready
[2025-05-02T15:53:02.135Z] [INFO] Loaded command: 8ball from fun
[2025-05-02T15:53:02.136Z] [INFO] Loaded command: coinflip from fun
[2025-05-02T15:53:02.137Z] [INFO] Loaded command: joke from fun
[2025-05-02T15:53:02.138Z] [INFO] Loaded command: tictactoe from fun
[2025-05-02T15:53:02.138Z] [INFO] Loaded command: giveaway from giveaway
[2025-05-02T15:53:02.139Z] [INFO] Loaded command: gend from giveaway
[2025-05-02T15:53:02.139Z] [INFO] Loaded command: glist from giveaway
[2025-05-02T15:53:02.140Z] [INFO] Loaded command: greroll from giveaway
[2025-05-02T15:53:02.144Z] [INFO] Loaded command: antiping from moderation
[2025-05-02T15:53:02.147Z] [INFO] Loaded command: automod from moderation
[2025-05-02T15:53:02.148Z] [INFO] Loaded command: ban from moderation
[2025-05-02T15:53:02.148Z] [INFO] Loaded command: kick from moderation
[2025-05-02T15:53:02.149Z] [INFO] Created database file: /home/runner/workspace/data/modlogs.json
[2025-05-02T15:53:02.150Z] [INFO] Loaded command: modlogs from moderation
[2025-05-02T15:53:02.151Z] [INFO] Loaded command: purge from moderation
[2025-05-02T15:53:02.152Z] [INFO] Loaded command: timeout from moderation
[2025-05-02T15:53:02.153Z] [INFO] Loaded command: unmute from moderation
[2025-05-02T15:53:02.153Z] [INFO] Loaded command: unsticky from sticky
[2025-05-02T15:53:02.153Z] [INFO] Loaded command: sticky from sticky
[2025-05-02T15:53:02.155Z] [INFO] Loaded command: embed from utility
[2025-05-02T15:53:02.156Z] [INFO] Loaded command: help from utility
[2025-05-02T15:53:02.157Z] [INFO] Loaded command: serverinfo from utility
[2025-05-02T15:53:02.156Z] [INFO] Loaded command: ping from utility
[2025-05-02T15:53:02.161Z] [INFO] Loaded command: userinfo from utility
[2025-05-02T15:53:02.157Z] [INFO] Loaded command: staff from utility
[2025-05-02T15:53:02.162Z] [INFO] Loaded command: vouch from utility
[2025-05-02T15:53:02.162Z] [INFO] Attempting to log in to Discord...
[2025-05-02T15:53:02.820Z] [INFO] Bot logged in successfully
[2025-05-02T15:53:02.821Z] [INFO] Started refreshing 25 application (/) commands.
[2025-05-02T15:53:02.917Z] [INFO] Logged in as .gg/snowhill#8571
[2025-05-02T15:53:02.918Z] [INFO] Bot is serving 1 guilds
[2025-05-02T15:53:02.918Z] [INFO] Connected to guild: SnowHill 1 Inv =  1 Moby (1321561162717855834) with 8169 members
[2025-05-02T15:53:03.117Z] [INFO] Successfully reloaded 25 guild (/) commands.
[2025-05-02T15:53:03.117Z] [INFO] Loaded 0 active giveaways
[2025-05-02T15:53:03.117Z] [INFO] Setting up sticky message handler
[2025-05-02T15:53:45.039Z] [INFO] User sselyan (839580152774000721) used command /staff
[2025-05-02T15:53:46.083Z] [INFO] User sselyan (839580152774000721) requested the staff list
[2025-05-02T15:56:44.552Z] [INFO] Requesting intents: Guilds, GuildMessages, GuildMembers, MessageContent
[2025-05-02T15:56:44.555Z] [INFO] Loaded event: messageCreate
[2025-05-02T15:56:44.556Z] [INFO] Created database file: /home/runner/workspace/data/economy.json
[2025-05-02T15:56:44.556Z] [INFO] Loaded event: ready
[2025-05-02T15:56:44.557Z] [INFO] Loaded command: balance from economy
[2025-05-02T15:56:44.557Z] [INFO] Loaded command: daily from economy
[2025-05-02T15:56:44.559Z] [INFO] Loaded command: 8ball from fun
[2025-05-02T15:56:44.558Z] [INFO] Loaded command: work from economy
[2025-05-02T15:56:44.559Z] [INFO] Loaded command: coinflip from fun
[2025-05-02T15:56:44.555Z] [INFO] Loaded event: interactionCreate
[2025-05-02T15:56:44.560Z] [INFO] Loaded command: joke from fun
[2025-05-02T15:56:44.561Z] [INFO] Loaded command: giveaway from giveaway
[2025-05-02T15:56:44.561Z] [INFO] Loaded command: tictactoe from fun
[2025-05-02T15:56:44.562Z] [INFO] Loaded command: gend from giveaway
[2025-05-02T15:56:44.565Z] [INFO] Loaded command: glist from giveaway
[2025-05-02T15:56:44.566Z] [INFO] Loaded command: greroll from giveaway
[2025-05-02T15:56:44.567Z] [INFO] Loaded command: poll from misc
[2025-05-02T15:56:44.568Z] [INFO] Created database file: /home/runner/workspace/data/reminders.json
[2025-05-02T15:56:44.568Z] [INFO] Loaded command: remind from misc
[2025-05-02T15:56:44.570Z] [INFO] Loaded command: antiping from moderation
[2025-05-02T15:56:44.574Z] [INFO] Loaded command: automod from moderation
[2025-05-02T15:56:44.575Z] [INFO] Loaded command: ban from moderation
[2025-05-02T15:56:44.575Z] [INFO] Loaded command: kick from moderation
[2025-05-02T15:56:44.577Z] [INFO] Loaded command: modlogs from moderation
[2025-05-02T15:56:44.578Z] [INFO] Loaded command: purge from moderation
[2025-05-02T15:56:44.579Z] [INFO] Loaded command: timeout from moderation
[2025-05-02T15:56:44.579Z] [INFO] Loaded command: unmute from moderation
[2025-05-02T15:56:44.580Z] [INFO] Loaded command: unsticky from sticky
[2025-05-02T15:56:44.580Z] [INFO] Loaded command: sticky from sticky
[2025-05-02T15:56:44.581Z] [INFO] Loaded command: embed from utility
[2025-05-02T15:56:44.582Z] [INFO] Loaded command: help from utility
[2025-05-02T15:56:44.582Z] [INFO] Loaded command: ping from utility
[2025-05-02T15:56:44.583Z] [INFO] Loaded command: serverinfo from utility
[2025-05-02T15:56:44.583Z] [INFO] Loaded command: staff from utility
[2025-05-02T15:56:44.584Z] [INFO] Loaded command: userinfo from utility
[2025-05-02T15:56:44.584Z] [INFO] Loaded command: vouch from utility
[2025-05-02T15:56:44.585Z] [INFO] Attempting to log in to Discord...
[2025-05-02T15:56:45.217Z] [INFO] Bot logged in successfully
[2025-05-02T15:56:45.219Z] [INFO] Started refreshing 30 application (/) commands.
[2025-05-02T15:56:45.318Z] [INFO] Logged in as .gg/snowhill#8571
[2025-05-02T15:56:45.318Z] [INFO] Bot is serving 1 guilds
[2025-05-02T15:56:45.318Z] [INFO] Connected to guild: SnowHill 1 Inv =  1 Moby (1321561162717855834) with 8167 members
[2025-05-02T15:56:45.469Z] [INFO] Successfully reloaded 30 guild (/) commands.
[2025-05-02T15:56:45.469Z] [INFO] Loaded 0 active giveaways
[2025-05-02T15:56:45.470Z] [INFO] Setting up sticky message handler
[2025-05-02T15:58:26.962Z] [INFO] User sselyan (839580152774000721) used command /tictactoe
[2025-05-02T15:58:27.144Z] [ERROR] Error executing command tictactoe: Invalid Form Body
data.components[0].components[0].label[BASE_TYPE_REQUIRED]: This field is required
data.components[0].components[1].label[BASE_TYPE_REQUIRED]: This field is required
data.components[0].components[2].label[BASE_TYPE_REQUIRED]: This field is required
data.components[1].components[0].label[BASE_TYPE_REQUIRED]: This field is required
data.components[1].components[1].label[BASE_TYPE_REQUIRED]: This field is required
data.components[1].components[2].label[BASE_TYPE_REQUIRED]: This field is required
data.components[2].components[0].label[BASE_TYPE_REQUIRED]: This field is required
data.components[2].components[1].label[BASE_TYPE_REQUIRED]: This field is required
data.components[2].components[2].label[BASE_TYPE_REQUIRED]: This field is required
[2025-05-02T15:58:53.511Z] [INFO] User sselyan (839580152774000721) used command /tictactoe
[2025-05-02T15:59:29.897Z] [INFO] Requesting intents: Guilds, GuildMessages, GuildMembers, MessageContent
[2025-05-02T15:59:29.900Z] [INFO] Loaded event: interactionCreate
[2025-05-02T15:59:29.901Z] [INFO] Loaded event: messageCreate
[2025-05-02T15:59:29.901Z] [INFO] Loaded event: ready
[2025-05-02T15:59:29.902Z] [INFO] Loaded command: 8ball from fun
[2025-05-02T15:59:29.903Z] [INFO] Loaded command: coinflip from fun
[2025-05-02T15:59:29.904Z] [INFO] Loaded command: joke from fun
[2025-05-02T15:59:29.905Z] [INFO] Loaded command: tictactoe from fun
[2025-05-02T15:59:29.905Z] [INFO] Loaded command: giveaway from giveaway
[2025-05-02T15:59:29.906Z] [INFO] Loaded command: gend from giveaway
[2025-05-02T15:59:29.908Z] [INFO] Loaded command: glist from giveaway
[2025-05-02T15:59:29.909Z] [INFO] Loaded command: greroll from giveaway
[2025-05-02T15:59:29.910Z] [INFO] Loaded command: poll from misc
[2025-05-02T15:59:29.911Z] [INFO] Loaded command: remind from misc
[2025-05-02T15:59:29.912Z] [INFO] Loaded command: antiping from moderation
[2025-05-02T15:59:29.915Z] [INFO] Loaded command: automod from moderation
[2025-05-02T15:59:29.915Z] [INFO] Loaded command: ban from moderation
[2025-05-02T15:59:29.916Z] [INFO] Loaded command: kick from moderation
[2025-05-02T15:59:29.917Z] [INFO] Loaded command: modlogs from moderation
[2025-05-02T15:59:29.918Z] [INFO] Loaded command: purge from moderation
[2025-05-02T15:59:29.919Z] [INFO] Loaded command: timeout from moderation
[2025-05-02T15:59:29.919Z] [INFO] Loaded command: unmute from moderation
[2025-05-02T15:59:29.920Z] [INFO] Loaded command: unsticky from sticky
[2025-05-02T15:59:29.920Z] [INFO] Loaded command: sticky from sticky
[2025-05-02T15:59:29.920Z] [INFO] Loaded command: afk from utility
[2025-05-02T15:59:29.921Z] [INFO] Loaded command: avatar from utility
[2025-05-02T15:59:29.922Z] [INFO] Loaded command: embed from utility
[2025-05-02T15:59:29.923Z] [INFO] Loaded command: help from utility
[2025-05-02T15:59:29.924Z] [INFO] Loaded command: ping from utility
[2025-05-02T15:59:29.924Z] [INFO] Loaded command: roleinfo from utility
[2025-05-02T15:59:29.924Z] [INFO] Loaded command: serverinfo from utility
[2025-05-02T15:59:29.925Z] [INFO] Loaded command: staff from utility
[2025-05-02T15:59:29.925Z] [INFO] Loaded command: userinfo from utility
[2025-05-02T15:59:29.926Z] [INFO] Loaded command: vouch from utility
[2025-05-02T15:59:29.926Z] [INFO] Loaded command: weather from utility
[2025-05-02T15:59:29.926Z] [INFO] Attempting to log in to Discord...
[2025-05-02T15:59:30.577Z] [INFO] Started refreshing 31 application (/) commands.
[2025-05-02T15:59:30.575Z] [INFO] Bot logged in successfully
[2025-05-02T15:59:30.667Z] [INFO] Logged in as .gg/snowhill#8571
[2025-05-02T15:59:30.667Z] [INFO] Bot is serving 1 guilds
[2025-05-02T15:59:30.668Z] [INFO] Connected to guild: SnowHill 1 Inv =  1 Moby (1321561162717855834) with 8167 members
[2025-05-02T15:59:30.882Z] [INFO] Successfully reloaded 31 guild (/) commands.
[2025-05-02T15:59:30.883Z] [INFO] Setting up sticky message handler
[2025-05-02T15:59:30.883Z] [INFO] Loaded 0 active giveaways
[2025-05-02T16:00:03.662Z] [INFO] Requesting intents: Guilds, GuildMessages, GuildMembers, MessageContent
[2025-05-02T16:00:03.664Z] [INFO] Loaded event: interactionCreate
[2025-05-02T16:00:03.665Z] [INFO] Loaded event: messageCreate
[2025-05-02T16:00:03.666Z] [INFO] Loaded event: ready
[2025-05-02T16:00:03.667Z] [INFO] Loaded command: 8ball from fun
[2025-05-02T16:00:03.667Z] [INFO] Loaded command: coinflip from fun
[2025-05-02T16:00:03.668Z] [INFO] Loaded command: joke from fun
[2025-05-02T16:00:03.669Z] [INFO] Loaded command: tictactoe from fun
[2025-05-02T16:00:03.670Z] [INFO] Loaded command: giveaway from giveaway
[2025-05-02T16:00:03.670Z] [INFO] Loaded command: gend from giveaway
[2025-05-02T16:00:03.671Z] [INFO] Loaded command: glist from giveaway
[2025-05-02T16:00:03.674Z] [INFO] Loaded command: poll from misc
[2025-05-02T16:00:03.672Z] [INFO] Loaded command: greroll from giveaway
[2025-05-02T16:00:03.675Z] [INFO] Loaded command: remind from misc
[2025-05-02T16:00:03.677Z] [INFO] Loaded command: antiping from moderation
[2025-05-02T16:00:03.679Z] [INFO] Loaded command: automod from moderation
[2025-05-02T16:00:03.680Z] [INFO] Loaded command: ban from moderation
[2025-05-02T16:00:03.681Z] [INFO] Loaded command: kick from moderation
[2025-05-02T16:00:03.682Z] [INFO] Loaded command: modlogs from moderation
[2025-05-02T16:00:03.683Z] [INFO] Loaded command: purge from moderation
[2025-05-02T16:00:03.684Z] [INFO] Loaded command: timeout from moderation
[2025-05-02T16:00:03.685Z] [INFO] Loaded command: unmute from moderation
[2025-05-02T16:00:03.685Z] [INFO] Loaded command: unsticky from sticky
[2025-05-02T16:00:03.685Z] [INFO] Loaded command: sticky from sticky
[2025-05-02T16:00:03.686Z] [INFO] Loaded command: avatar from utility
[2025-05-02T16:00:03.688Z] [INFO] Loaded command: embed from utility
[2025-05-02T16:00:03.688Z] [INFO] Loaded command: help from utility
[2025-05-02T16:00:03.689Z] [INFO] Loaded command: ping from utility
[2025-05-02T16:00:03.689Z] [INFO] Loaded command: roleinfo from utility
[2025-05-02T16:00:03.690Z] [INFO] Loaded command: serverinfo from utility
[2025-05-02T16:00:03.690Z] [INFO] Loaded command: staff from utility
[2025-05-02T16:00:03.691Z] [INFO] Loaded command: userinfo from utility
[2025-05-02T16:00:03.691Z] [INFO] Loaded command: vouch from utility
[2025-05-02T16:00:03.692Z] [INFO] Loaded command: weather from utility
[2025-05-02T16:00:03.685Z] [INFO] Loaded command: afk from utility
[2025-05-02T16:00:03.692Z] [INFO] Attempting to log in to Discord...
[2025-05-02T16:00:04.254Z] [INFO] Bot logged in successfully
[2025-05-02T16:00:04.256Z] [INFO] Started refreshing 31 application (/) commands.
[2025-05-02T16:00:04.357Z] [INFO] Logged in as .gg/snowhill#8571
[2025-05-02T16:00:04.357Z] [INFO] Bot is serving 1 guilds
[2025-05-02T16:00:04.358Z] [INFO] Connected to guild: SnowHill 1 Inv =  1 Moby (1321561162717855834) with 8167 members
[2025-05-02T16:00:04.515Z] [INFO] Successfully reloaded 31 guild (/) commands.
[2025-05-02T16:00:04.515Z] [INFO] Loaded 0 active giveaways
[2025-05-02T16:00:04.515Z] [INFO] Setting up sticky message handler
[2025-05-02T16:02:00.715Z] [INFO] Requesting intents: Guilds, GuildMessages, GuildMembers, MessageContent
[2025-05-02T16:02:00.718Z] [INFO] Loaded event: interactionCreate
[2025-05-02T16:02:00.719Z] [INFO] Loaded event: messageCreate
[2025-05-02T16:02:00.720Z] [INFO] Loaded event: ready
[2025-05-02T16:02:00.720Z] [INFO] Loaded command: 8ball from fun
[2025-05-02T16:02:00.721Z] [INFO] Loaded command: coinflip from fun
[2025-05-02T16:02:00.722Z] [INFO] Loaded command: joke from fun
[2025-05-02T16:02:00.723Z] [INFO] Loaded command: tictactoe from fun
[2025-05-02T16:02:00.723Z] [INFO] Loaded command: giveaway from giveaway
[2025-05-02T16:02:00.724Z] [INFO] Loaded command: gend from giveaway
[2025-05-02T16:02:00.724Z] [INFO] Loaded command: glist from giveaway
[2025-05-02T16:02:00.725Z] [INFO] Loaded command: greroll from giveaway
[2025-05-02T16:02:00.727Z] [INFO] Loaded command: poll from misc
[2025-05-02T16:02:00.728Z] [INFO] Loaded command: remind from misc
[2025-05-02T16:02:00.730Z] [INFO] Loaded command: antiping from moderation
[2025-05-02T16:02:00.732Z] [INFO] Loaded command: automod from moderation
[2025-05-02T16:02:00.733Z] [INFO] Loaded command: ban from moderation
[2025-05-02T16:02:00.733Z] [INFO] Loaded command: kick from moderation
[2025-05-02T16:02:00.734Z] [INFO] Loaded command: modlogs from moderation
[2025-05-02T16:02:00.735Z] [INFO] Loaded command: purge from moderation
[2025-05-02T16:02:00.736Z] [INFO] Loaded command: timeout from moderation
[2025-05-02T16:02:00.737Z] [INFO] Loaded command: unmute from moderation
[2025-05-02T16:02:00.737Z] [INFO] Loaded command: unsticky from sticky
[2025-05-02T16:02:00.737Z] [INFO] Loaded command: sticky from sticky
[2025-05-02T16:02:00.738Z] [INFO] Loaded command: afk from utility
[2025-05-02T16:02:00.738Z] [INFO] Loaded command: avatar from utility
[2025-05-02T16:02:00.739Z] [INFO] Loaded command: banner from utility
[2025-05-02T16:02:00.739Z] [INFO] Loaded command: calculator from utility
[2025-05-02T16:02:00.740Z] [INFO] Loaded command: channelinfo from utility
[2025-05-02T16:02:00.741Z] [INFO] Loaded command: embed from utility
[2025-05-02T16:02:00.742Z] [INFO] Loaded command: emoteinfo from utility
[2025-05-02T16:02:00.743Z] [INFO] Loaded command: help from utility
[2025-05-02T16:02:00.743Z] [INFO] Loaded command: ping from utility
[2025-05-02T16:02:00.744Z] [INFO] Loaded command: roleinfo from utility
[2025-05-02T16:02:00.744Z] [INFO] Loaded command: serverinfo from utility
[2025-05-02T16:02:00.745Z] [INFO] Loaded command: staff from utility
[2025-05-02T16:02:00.746Z] [INFO] Loaded command: timestamp from utility
[2025-05-02T16:02:00.746Z] [INFO] Loaded command: userinfo from utility
[2025-05-02T16:02:00.747Z] [INFO] Loaded command: weather from utility
[2025-05-02T16:02:00.747Z] [INFO] Attempting to log in to Discord...
[2025-05-02T16:02:00.747Z] [INFO] Loaded command: vouch from utility
[2025-05-02T16:02:01.288Z] [INFO] Bot logged in successfully
[2025-05-02T16:02:01.291Z] [INFO] Started refreshing 36 application (/) commands.
[2025-05-02T16:02:01.384Z] [INFO] Logged in as .gg/snowhill#8571
[2025-05-02T16:02:01.385Z] [INFO] Bot is serving 1 guilds
[2025-05-02T16:02:01.385Z] [INFO] Connected to guild: SnowHill 1 Inv =  1 Moby (1321561162717855834) with 8167 members
[2025-05-02T16:02:01.671Z] [INFO] Successfully reloaded 36 guild (/) commands.
[2025-05-02T16:02:01.672Z] [INFO] Loaded 0 active giveaways
[2025-05-02T16:02:01.672Z] [INFO] Setting up sticky message handler
[2025-05-02T16:06:15.847Z] [INFO] Requesting intents: Guilds, GuildMessages, GuildMembers, MessageContent
[2025-05-02T16:06:15.859Z] [INFO] Loaded event: interactionCreate
[2025-05-02T16:06:15.861Z] [INFO] Loaded event: messageCreate
[2025-05-02T16:06:15.861Z] [INFO] Loaded event: messageDelete
[2025-05-02T16:06:15.861Z] [INFO] Loaded event: ready
[2025-05-02T16:06:15.862Z] [INFO] Loaded command: 8ball from fun
[2025-05-02T16:06:15.863Z] [INFO] Loaded command: coinflip from fun
[2025-05-02T16:06:15.869Z] [INFO] Loaded command: hangman from fun
[2025-05-02T16:06:15.872Z] [INFO] Loaded command: joke from fun
[2025-05-02T16:06:15.873Z] [INFO] Loaded command: rps from fun
[2025-05-02T16:06:15.874Z] [INFO] Loaded command: tictactoe from fun
[2025-05-02T16:06:15.874Z] [INFO] Loaded command: giveaway from giveaway
[2025-05-02T16:06:15.875Z] [INFO] Loaded command: gend from giveaway
[2025-05-02T16:06:15.875Z] [INFO] Loaded command: glist from giveaway
[2025-05-02T16:06:15.876Z] [INFO] Loaded command: greroll from giveaway
[2025-05-02T16:06:15.876Z] [INFO] Loaded command: remind from misc
[2025-05-02T16:06:15.878Z] [INFO] Loaded command: antiping from moderation
[2025-05-02T16:06:15.881Z] [INFO] Loaded command: automod from moderation
[2025-05-02T16:06:15.882Z] [INFO] Loaded command: ban from moderation
[2025-05-02T16:06:15.883Z] [INFO] Loaded command: kick from moderation
[2025-05-02T16:06:15.884Z] [INFO] Loaded command: modlogs from moderation
[2025-05-02T16:06:15.886Z] [INFO] Loaded command: purge from moderation
[2025-05-02T16:06:15.887Z] [INFO] Loaded command: timeout from moderation
[2025-05-02T16:06:15.889Z] [INFO] Loaded command: unsticky from sticky
[2025-05-02T16:06:15.888Z] [INFO] Loaded command: unmute from moderation
[2025-05-02T16:06:15.889Z] [INFO] Loaded command: afk from utility
[2025-05-02T16:06:15.889Z] [INFO] Loaded command: sticky from sticky
[2025-05-02T16:06:15.891Z] [INFO] Loaded command: avatar from utility
[2025-05-02T16:06:15.891Z] [INFO] Loaded command: banner from utility
[2025-05-02T16:06:15.892Z] [INFO] Loaded command: calculator from utility
[2025-05-02T16:06:15.893Z] [INFO] Loaded command: channelinfo from utility
[2025-05-02T16:06:15.894Z] [INFO] Loaded command: embed from utility
[2025-05-02T16:06:15.895Z] [INFO] Loaded command: emoteinfo from utility
[2025-05-02T16:06:15.896Z] [INFO] Loaded command: help from utility
[2025-05-02T16:06:15.896Z] [INFO] Loaded command: ping from utility
[2025-05-02T16:06:15.897Z] [INFO] Loaded command: quote from utility
[2025-05-02T16:06:15.898Z] [INFO] Loaded command: roleinfo from utility
[2025-05-02T16:06:15.898Z] [INFO] Loaded command: serverinfo from utility
[2025-05-02T16:06:15.898Z] [INFO] Loaded command: snipe from utility
[2025-05-02T16:06:15.899Z] [INFO] Loaded command: staff from utility
[2025-05-02T16:06:15.900Z] [INFO] Loaded command: timestamp from utility
[2025-05-02T16:06:15.900Z] [INFO] Loaded command: userinfo from utility
[2025-05-02T16:06:15.901Z] [INFO] Loaded command: vouch from utility
[2025-05-02T16:06:15.901Z] [INFO] Loaded command: weather from utility
[2025-05-02T16:06:15.901Z] [INFO] Attempting to log in to Discord...
[2025-05-02T16:06:16.500Z] [INFO] Bot logged in successfully
[2025-05-02T16:06:16.502Z] [INFO] Started refreshing 39 application (/) commands.
[2025-05-02T16:06:16.587Z] [INFO] Logged in as .gg/snowhill#8571
[2025-05-02T16:06:16.588Z] [INFO] Bot is serving 1 guilds
[2025-05-02T16:06:16.588Z] [INFO] Connected to guild: SnowHill 1 Inv =  1 Moby (1321561162717855834) with 8169 members
[2025-05-02T16:06:16.845Z] [INFO] Successfully reloaded 39 guild (/) commands.
[2025-05-02T16:06:16.846Z] [INFO] Loaded 0 active giveaways
[2025-05-02T16:06:16.846Z] [INFO] Setting up sticky message handler
[2025-05-02T16:10:19.932Z] [INFO] Requesting intents: Guilds, GuildMessages, GuildMembers, MessageContent
[2025-05-02T16:10:19.935Z] [INFO] Loaded event: interactionCreate
[2025-05-02T16:10:19.937Z] [INFO] Created database file: /home/runner/workspace/data/levels.json
[2025-05-02T16:10:19.937Z] [INFO] Loaded event: messageCreate
[2025-05-02T16:10:19.938Z] [INFO] Loaded event: messageDelete
[2025-05-02T16:10:19.938Z] [INFO] Loaded event: ready
[2025-05-02T16:10:19.939Z] [INFO] Loaded command: 8ball from fun
[2025-05-02T16:10:19.942Z] [INFO] Loaded command: hangman from fun
[2025-05-02T16:10:19.941Z] [INFO] Loaded command: coinflip from fun
[2025-05-02T16:10:19.945Z] [INFO] Loaded command: joke from fun
[2025-05-02T16:10:19.945Z] [INFO] Loaded command: rps from fun
[2025-05-02T16:10:19.946Z] [INFO] Loaded command: tictactoe from fun
[2025-05-02T16:10:19.947Z] [INFO] Loaded command: trivia from fun
[2025-05-02T16:10:19.947Z] [INFO] Loaded command: giveaway from giveaway
[2025-05-02T16:10:19.948Z] [INFO] Loaded command: gend from giveaway
[2025-05-02T16:10:19.955Z] [INFO] Loaded command: greroll from giveaway
[2025-05-02T16:10:19.955Z] [INFO] Loaded command: level from misc
[2025-05-02T16:10:19.955Z] [INFO] Loaded command: remind from misc
[2025-05-02T16:10:19.954Z] [INFO] Loaded command: glist from giveaway
[2025-05-02T16:10:19.957Z] [INFO] Loaded command: antiping from moderation
[2025-05-02T16:10:19.959Z] [INFO] Loaded command: automod from moderation
[2025-05-02T16:10:19.960Z] [INFO] Loaded command: ban from moderation
[2025-05-02T16:10:19.961Z] [INFO] Loaded command: kick from moderation
[2025-05-02T16:10:19.962Z] [INFO] Loaded command: modlogs from moderation
[2025-05-02T16:10:19.963Z] [INFO] Loaded command: purge from moderation
[2025-05-02T16:10:19.964Z] [INFO] Loaded command: timeout from moderation
[2025-05-02T16:10:19.965Z] [INFO] Loaded command: unmute from moderation
[2025-05-02T16:10:19.965Z] [INFO] Loaded command: unsticky from sticky
[2025-05-02T16:10:19.966Z] [INFO] Loaded command: sticky from sticky
[2025-05-02T16:10:19.966Z] [INFO] Loaded command: afk from utility
[2025-05-02T16:10:19.966Z] [INFO] Loaded command: avatar from utility
[2025-05-02T16:10:19.967Z] [INFO] Loaded command: banner from utility
[2025-05-02T16:10:19.967Z] [INFO] Loaded command: calculator from utility
[2025-05-02T16:10:19.967Z] [INFO] Loaded command: channelinfo from utility
[2025-05-02T16:10:19.970Z] [INFO] Loaded command: emoteinfo from utility
[2025-05-02T16:10:19.969Z] [INFO] Loaded command: embed from utility
[2025-05-02T16:10:19.972Z] [INFO] Loaded command: poll from utility
[2025-05-02T16:10:19.973Z] [INFO] Loaded command: quote from utility
[2025-05-02T16:10:19.973Z] [INFO] Loaded command: roleinfo from utility
[2025-05-02T16:10:19.971Z] [INFO] Loaded command: help from utility
[2025-05-02T16:10:19.974Z] [INFO] Loaded command: serverinfo from utility
[2025-05-02T16:10:19.974Z] [INFO] Loaded command: snipe from utility
[2025-05-02T16:10:19.975Z] [INFO] Loaded command: staff from utility
[2025-05-02T16:10:19.976Z] [INFO] Created database file: /home/runner/workspace/data/starboard.json
[2025-05-02T16:10:19.977Z] [INFO] Loaded command: starboard from utility
[2025-05-02T16:10:19.978Z] [INFO] Loaded command: timestamp from utility
[2025-05-02T16:10:19.979Z] [INFO] Loaded command: userinfo from utility
[2025-05-02T16:10:19.979Z] [INFO] Loaded command: vouch from utility
[2025-05-02T16:10:19.980Z] [INFO] Loaded command: weather from utility
[2025-05-02T16:10:19.980Z] [INFO] Attempting to log in to Discord...
[2025-05-02T16:10:19.971Z] [INFO] Loaded command: ping from utility
[2025-05-02T16:10:20.511Z] [INFO] Bot logged in successfully
[2025-05-02T16:10:20.514Z] [INFO] Started refreshing 43 application (/) commands.
[2025-05-02T16:10:20.606Z] [INFO] Logged in as .gg/snowhill#8571
[2025-05-02T16:10:20.606Z] [INFO] Bot is serving 1 guilds
[2025-05-02T16:10:20.606Z] [INFO] Connected to guild: SnowHill 1 Inv =  1 Moby (1321561162717855834) with 8170 members
[2025-05-02T16:10:21.014Z] [INFO] Successfully reloaded 43 guild (/) commands.
[2025-05-02T16:10:21.014Z] [INFO] Loaded 0 active giveaways
[2025-05-02T16:10:21.014Z] [INFO] Setting up sticky message handler
[2025-05-02T16:14:45.286Z] [INFO] User sselyan (839580152774000721) used command /vouch
[2025-05-02T16:15:37.395Z] [INFO] Requesting intents: Guilds, GuildMessages, GuildMembers, MessageContent
[2025-05-02T16:15:37.402Z] [INFO] Loaded event: interactionCreate
[2025-05-02T16:15:37.406Z] [INFO] Created database file: /home/runner/workspace/data/autoreply.json
[2025-05-02T16:15:37.407Z] [INFO] Loaded event: messageCreate
[2025-05-02T16:15:37.408Z] [INFO] Loaded event: messageDelete
[2025-05-02T16:15:37.408Z] [INFO] Loaded event: ready
[2025-05-02T16:15:37.409Z] [INFO] Loaded command: 8ball from fun
[2025-05-02T16:15:37.409Z] [INFO] Loaded command: coinflip from fun
[2025-05-02T16:15:37.410Z] [INFO] Loaded command: hangman from fun
[2025-05-02T16:15:37.413Z] [INFO] Loaded command: joke from fun
[2025-05-02T16:15:37.413Z] [INFO] Loaded command: rps from fun
[2025-05-02T16:15:37.414Z] [INFO] Loaded command: tictactoe from fun
[2025-05-02T16:15:37.418Z] [INFO] Loaded command: trivia from fun
[2025-05-02T16:15:37.418Z] [INFO] Loaded command: giveaway from giveaway
[2025-05-02T16:15:37.419Z] [INFO] Loaded command: gend from giveaway
[2025-05-02T16:15:37.420Z] [INFO] Loaded command: glist from giveaway
[2025-05-02T16:15:37.420Z] [INFO] Loaded command: greroll from giveaway
[2025-05-02T16:15:37.421Z] [INFO] Loaded command: level from misc
[2025-05-02T16:15:37.421Z] [INFO] Loaded command: remind from misc
[2025-05-02T16:15:37.422Z] [INFO] Loaded command: antiping from moderation
[2025-05-02T16:15:37.428Z] [INFO] Loaded command: automod from moderation
[2025-05-02T16:15:37.428Z] [INFO] Loaded command: ban from moderation
[2025-05-02T16:15:37.429Z] [INFO] Loaded command: kick from moderation
[2025-05-02T16:15:37.430Z] [INFO] Loaded command: modlogs from moderation
[2025-05-02T16:15:37.431Z] [INFO] Loaded command: purge from moderation
[2025-05-02T16:15:37.432Z] [INFO] Loaded command: timeout from moderation
[2025-05-02T16:15:37.432Z] [INFO] Loaded command: unmute from moderation
[2025-05-02T16:15:37.433Z] [INFO] Loaded command: unsticky from sticky
[2025-05-02T16:15:37.434Z] [INFO] Loaded command: sticky from sticky
[2025-05-02T16:15:37.434Z] [INFO] Loaded command: afk from utility
[2025-05-02T16:15:37.434Z] [INFO] Loaded command: autoreply from utility
[2025-05-02T16:15:37.436Z] [INFO] Loaded command: banner from utility
[2025-05-02T16:15:37.436Z] [INFO] Loaded command: avatar from utility
[2025-05-02T16:15:37.441Z] [INFO] Loaded command: calculator from utility
[2025-05-02T16:15:37.442Z] [INFO] Loaded command: channelinfo from utility
[2025-05-02T16:15:37.444Z] [INFO] Loaded command: embed from utility
[2025-05-02T16:15:37.445Z] [INFO] Loaded command: emojis from utility
[2025-05-02T16:15:37.446Z] [INFO] Loaded command: emoteinfo from utility
[2025-05-02T16:15:37.447Z] [INFO] Loaded command: help from utility
[2025-05-02T16:15:37.447Z] [INFO] Loaded command: ping from utility
[2025-05-02T16:15:37.448Z] [INFO] Loaded command: quote from utility
[2025-05-02T16:15:37.449Z] [INFO] Loaded command: roleinfo from utility
[2025-05-02T16:15:37.449Z] [INFO] Loaded command: serverinfo from utility
[2025-05-02T16:15:37.449Z] [INFO] Loaded command: snipe from utility
[2025-05-02T16:15:37.450Z] [INFO] Loaded command: staff from utility
[2025-05-02T16:15:37.451Z] [INFO] Loaded command: timestamp from utility
[2025-05-02T16:15:37.452Z] [INFO] Loaded command: userinfo from utility
[2025-05-02T16:15:37.452Z] [INFO] Loaded command: vouch from utility
[2025-05-02T16:15:37.453Z] [INFO] Loaded command: weather from utility
[2025-05-02T16:15:37.453Z] [INFO] Attempting to log in to Discord...
[2025-05-02T16:15:38.073Z] [INFO] Bot logged in successfully
[2025-05-02T16:15:38.076Z] [INFO] Started refreshing 43 application (/) commands.
[2025-05-02T16:15:38.263Z] [INFO] Logged in as .gg/snowhill#8571
[2025-05-02T16:15:38.263Z] [INFO] Bot is serving 1 guilds
[2025-05-02T16:15:38.263Z] [INFO] Connected to guild: SnowHill 1 Inv =  1 Moby (1321561162717855834) with 8172 members
[2025-05-02T16:15:38.352Z] [INFO] Successfully reloaded 43 guild (/) commands.
[2025-05-02T16:15:38.353Z] [INFO] Loaded 0 active giveaways
[2025-05-02T16:15:38.353Z] [INFO] Setting up sticky message handler
[2025-05-02T16:15:53.074Z] [ERROR] Error handling message delete event: Cannot read properties of null (reading 'bot')
[2025-05-02T16:17:46.033Z] [INFO] User manannasa (1341220277681520703) used command /vouch
[2025-05-02T16:19:25.947Z] [INFO] Requesting intents: Guilds, GuildMessages, GuildMembers, MessageContent
[2025-05-02T16:19:25.950Z] [INFO] Loaded event: interactionCreate
[2025-05-02T16:19:25.953Z] [INFO] Loaded event: messageCreate
[2025-05-02T16:19:25.954Z] [INFO] Loaded event: messageDelete
[2025-05-02T16:19:25.954Z] [INFO] Loaded event: ready
[2025-05-02T16:19:25.955Z] [INFO] Loaded command: 8ball from fun
[2025-05-02T16:19:25.956Z] [INFO] Loaded command: coinflip from fun
[2025-05-02T16:19:25.957Z] [INFO] Loaded command: dice from fun
[2025-05-02T16:19:25.958Z] [INFO] Loaded command: hangman from fun
[2025-05-02T16:19:25.959Z] [INFO] Loaded command: joke from fun
[2025-05-02T16:19:25.960Z] [INFO] Loaded command: rps from fun
[2025-05-02T16:19:25.961Z] [INFO] Loaded command: scramble from fun
[2025-05-02T16:19:25.962Z] [INFO] Loaded command: tictactoe from fun
[2025-05-02T16:19:25.962Z] [INFO] Loaded command: trivia from fun
[2025-05-02T16:19:25.963Z] [INFO] Loaded command: urban from fun
[2025-05-02T16:19:25.963Z] [INFO] Loaded command: giveaway from giveaway
[2025-05-02T16:19:25.964Z] [INFO] Loaded command: gend from giveaway
[2025-05-02T16:19:25.964Z] [INFO] Loaded command: glist from giveaway
[2025-05-02T16:19:25.965Z] [INFO] Loaded command: greroll from giveaway
[2025-05-02T16:19:25.965Z] [INFO] Loaded command: level from misc
[2025-05-02T16:19:25.965Z] [INFO] Loaded command: remind from misc
[2025-05-02T16:19:25.967Z] [INFO] Loaded command: antiping from moderation
[2025-05-02T16:19:25.969Z] [INFO] Loaded command: automod from moderation
[2025-05-02T16:19:25.970Z] [INFO] Loaded command: ban from moderation
[2025-05-02T16:19:25.970Z] [INFO] Loaded command: kick from moderation
[2025-05-02T16:19:25.971Z] [INFO] Loaded command: modlogs from moderation
[2025-05-02T16:19:25.972Z] [INFO] Loaded command: purge from moderation
[2025-05-02T16:19:25.972Z] [INFO] Loaded command: timeout from moderation
[2025-05-02T16:19:25.973Z] [INFO] Loaded command: unmute from moderation
[2025-05-02T16:19:25.973Z] [INFO] Loaded command: unsticky from sticky
[2025-05-02T16:19:25.973Z] [INFO] Loaded command: sticky from sticky
[2025-05-02T16:19:25.973Z] [INFO] Loaded command: afk from utility
[2025-05-02T16:19:25.974Z] [INFO] Loaded command: autoreply from utility
[2025-05-02T16:19:25.974Z] [INFO] Loaded command: avatar from utility
[2025-05-02T16:19:25.974Z] [INFO] Loaded command: banner from utility
[2025-05-02T16:19:25.975Z] [INFO] Loaded command: calculator from utility
[2025-05-02T16:19:25.975Z] [INFO] Loaded command: channelinfo from utility
[2025-05-02T16:19:25.977Z] [INFO] Loaded command: embed from utility
[2025-05-02T16:19:25.977Z] [INFO] Loaded command: emojis from utility
[2025-05-02T16:19:25.978Z] [INFO] Loaded command: emoteinfo from utility
[2025-05-02T16:19:25.978Z] [INFO] Loaded command: help from utility
[2025-05-02T16:19:25.979Z] [INFO] Loaded command: membercount from utility
[2025-05-02T16:19:25.979Z] [INFO] Loaded command: ping from utility
[2025-05-02T16:19:25.979Z] [INFO] Loaded command: quote from utility
[2025-05-02T16:19:25.980Z] [INFO] Loaded command: roleinfo from utility
[2025-05-02T16:19:25.980Z] [INFO] Loaded command: serverbanner from utility
[2025-05-02T16:19:25.981Z] [INFO] Loaded command: serverinfo from utility
[2025-05-02T16:19:25.981Z] [INFO] Loaded command: snipe from utility
[2025-05-02T16:19:25.981Z] [INFO] Loaded command: staff from utility
[2025-05-02T16:19:25.982Z] [INFO] Loaded command: stats from utility
[2025-05-02T16:19:25.983Z] [INFO] Loaded command: timestamp from utility
[2025-05-02T16:19:25.983Z] [INFO] Loaded command: userinfo from utility
[2025-05-02T16:19:25.983Z] [INFO] Loaded command: vouch from utility
[2025-05-02T16:19:25.984Z] [INFO] Loaded command: weather from utility
[2025-05-02T16:19:25.984Z] [INFO] Attempting to log in to Discord...
[2025-05-02T16:19:26.528Z] [INFO] Bot logged in successfully
[2025-05-02T16:19:26.530Z] [INFO] Started refreshing 49 application (/) commands.
[2025-05-02T16:19:26.617Z] [INFO] Logged in as .gg/snowhill#8571
[2025-05-02T16:19:26.618Z] [INFO] Bot is serving 1 guilds
[2025-05-02T16:19:26.618Z] [INFO] Connected to guild: SnowHill 1 Inv =  1 Moby (1321561162717855834) with 8173 members
[2025-05-02T16:19:26.785Z] [INFO] Successfully reloaded 49 guild (/) commands.
[2025-05-02T16:19:26.786Z] [INFO] Loaded 0 active giveaways
[2025-05-02T16:19:26.786Z] [INFO] Setting up sticky message handler
[2025-05-02T16:20:21.418Z] [INFO] Requesting intents: Guilds, GuildMessages, GuildMembers, MessageContent
[2025-05-02T16:20:21.421Z] [INFO] Loaded event: interactionCreate
[2025-05-02T16:20:21.427Z] [INFO] Loaded event: messageCreate
[2025-05-02T16:20:21.427Z] [INFO] Loaded event: messageDelete
[2025-05-02T16:20:21.428Z] [INFO] Loaded event: ready
[2025-05-02T16:20:21.431Z] [INFO] Loaded command: dice from fun
[2025-05-02T16:20:21.428Z] [INFO] Loaded command: 8ball from fun
[2025-05-02T16:20:21.430Z] [INFO] Loaded command: coinflip from fun
[2025-05-02T16:20:21.432Z] [INFO] Loaded command: hangman from fun
[2025-05-02T16:20:21.433Z] [INFO] Loaded command: joke from fun
[2025-05-02T16:20:21.434Z] [INFO] Loaded command: rps from fun
[2025-05-02T16:20:21.434Z] [INFO] Loaded command: scramble from fun
[2025-05-02T16:20:21.436Z] [INFO] Loaded command: tictactoe from fun
[2025-05-02T16:20:21.437Z] [INFO] Loaded command: trivia from fun
[2025-05-02T16:20:21.437Z] [INFO] Loaded command: urban from fun
[2025-05-02T16:20:21.438Z] [INFO] Loaded command: giveaway from giveaway
[2025-05-02T16:20:21.438Z] [INFO] Loaded command: gend from giveaway
[2025-05-02T16:20:21.439Z] [INFO] Loaded command: glist from giveaway
[2025-05-02T16:20:21.440Z] [INFO] Loaded command: greroll from giveaway
[2025-05-02T16:20:21.440Z] [INFO] Loaded command: level from misc
[2025-05-02T16:20:21.440Z] [INFO] Loaded command: remind from misc
[2025-05-02T16:20:21.442Z] [INFO] Loaded command: antiping from moderation
[2025-05-02T16:20:21.444Z] [INFO] Loaded command: automod from moderation
[2025-05-02T16:20:21.445Z] [INFO] Loaded command: ban from moderation
[2025-05-02T16:20:21.446Z] [INFO] Loaded command: kick from moderation
[2025-05-02T16:20:21.447Z] [INFO] Loaded command: modlogs from moderation
[2025-05-02T16:20:21.448Z] [INFO] Loaded command: purge from moderation
[2025-05-02T16:20:21.448Z] [INFO] Loaded command: timeout from moderation
[2025-05-02T16:20:21.449Z] [INFO] Loaded command: unmute from moderation
[2025-05-02T16:20:21.450Z] [INFO] Loaded command: sticky from sticky
[2025-05-02T16:20:21.450Z] [INFO] Loaded command: unsticky from sticky
[2025-05-02T16:20:21.450Z] [INFO] Loaded command: afk from utility
[2025-05-02T16:20:21.450Z] [INFO] Loaded command: autoreply from utility
[2025-05-02T16:20:21.451Z] [INFO] Loaded command: avatar from utility
[2025-05-02T16:20:21.451Z] [INFO] Loaded command: banner from utility
[2025-05-02T16:20:21.452Z] [INFO] Loaded command: calculator from utility
[2025-05-02T16:20:21.453Z] [INFO] Loaded command: channelinfo from utility
[2025-05-02T16:20:21.455Z] [INFO] Loaded command: embed from utility
[2025-05-02T16:20:21.456Z] [INFO] Loaded command: emojis from utility
[2025-05-02T16:20:21.457Z] [INFO] Loaded command: help from utility
[2025-05-02T16:20:21.458Z] [INFO] Loaded command: membercount from utility
[2025-05-02T16:20:21.458Z] [INFO] Loaded command: ping from utility
[2025-05-02T16:20:21.459Z] [INFO] Loaded command: quote from utility
[2025-05-02T16:20:21.456Z] [INFO] Loaded command: emoteinfo from utility
[2025-05-02T16:20:21.460Z] [INFO] Loaded command: serverbanner from utility
[2025-05-02T16:20:21.461Z] [INFO] Loaded command: serverinfo from utility
[2025-05-02T16:20:21.461Z] [INFO] Loaded command: snipe from utility
[2025-05-02T16:20:21.459Z] [INFO] Loaded command: roleinfo from utility
[2025-05-02T16:20:21.463Z] [INFO] Loaded command: timestamp from utility
[2025-05-02T16:20:21.464Z] [INFO] Loaded command: userinfo from utility
[2025-05-02T16:20:21.465Z] [INFO] Loaded command: vouch from utility
[2025-05-02T16:20:21.465Z] [INFO] Loaded command: weather from utility
[2025-05-02T16:20:21.461Z] [INFO] Loaded command: staff from utility
[2025-05-02T16:20:21.466Z] [INFO] Attempting to log in to Discord...
[2025-05-02T16:20:21.462Z] [INFO] Loaded command: stats from utility
[2025-05-02T16:20:22.283Z] [INFO] Started refreshing 49 application (/) commands.
[2025-05-02T16:20:22.280Z] [INFO] Bot logged in successfully
[2025-05-02T16:20:22.373Z] [INFO] Logged in as .gg/snowhill#8571
[2025-05-02T16:20:22.374Z] [INFO] Bot is serving 1 guilds
[2025-05-02T16:20:22.374Z] [INFO] Connected to guild: SnowHill 1 Inv =  1 Moby (1321561162717855834) with 8173 members
[2025-05-02T16:20:22.546Z] [INFO] Loaded 0 active giveaways
[2025-05-02T16:20:22.545Z] [INFO] Successfully reloaded 49 guild (/) commands.
[2025-05-02T16:20:22.546Z] [INFO] Setting up sticky message handler
[2025-05-02T16:22:02.392Z] [INFO] User manannasa (1341220277681520703) used command /vouch
[2025-05-02T16:23:56.415Z] [INFO] User manannasa leveled up to level 1
[2025-05-02T16:24:01.819Z] [INFO] Requesting intents: Guilds, GuildMessages, GuildMembers, MessageContent
[2025-05-02T16:24:01.822Z] [INFO] Loaded event: interactionCreate
[2025-05-02T16:24:01.828Z] [INFO] Loaded event: messageCreate
[2025-05-02T16:24:01.828Z] [INFO] Loaded event: messageDelete
[2025-05-02T16:24:01.829Z] [INFO] Loaded event: ready
[2025-05-02T16:24:01.831Z] [INFO] Loaded command: dice from fun
[2025-05-02T16:24:01.830Z] [INFO] Loaded command: coinflip from fun
[2025-05-02T16:24:01.829Z] [INFO] Loaded command: 8ball from fun
[2025-05-02T16:24:01.832Z] [INFO] Loaded command: hangman from fun
[2025-05-02T16:24:01.833Z] [INFO] Loaded command: joke from fun
[2025-05-02T16:24:01.834Z] [INFO] Loaded command: poll from fun
[2025-05-02T16:24:01.835Z] [INFO] Loaded command: rps from fun
[2025-05-02T16:24:01.835Z] [INFO] Loaded command: rpsls from fun
[2025-05-02T16:24:01.836Z] [INFO] Loaded command: scramble from fun
[2025-05-02T16:24:01.836Z] [INFO] Loaded command: tictactoe from fun
[2025-05-02T16:24:01.837Z] [INFO] Loaded command: trivia from fun
[2025-05-02T16:24:01.838Z] [INFO] Loaded command: urban from fun
[2025-05-02T16:24:01.839Z] [INFO] Loaded command: wordle from fun
[2025-05-02T16:24:01.839Z] [INFO] Loaded command: giveaway from giveaway
[2025-05-02T16:24:01.840Z] [INFO] Loaded command: gend from giveaway
[2025-05-02T16:24:01.843Z] [INFO] Loaded command: greroll from giveaway
[2025-05-02T16:24:01.840Z] [INFO] Loaded command: glist from giveaway
[2025-05-02T16:24:01.843Z] [INFO] Loaded command: level from misc
[2025-05-02T16:24:01.843Z] [INFO] Loaded command: remind from misc
[2025-05-02T16:24:01.845Z] [INFO] Loaded command: antiping from moderation
[2025-05-02T16:24:01.848Z] [INFO] Loaded command: automod from moderation
[2025-05-02T16:24:01.848Z] [INFO] Loaded command: ban from moderation
[2025-05-02T16:24:01.849Z] [INFO] Loaded command: kick from moderation
[2025-05-02T16:24:01.850Z] [INFO] Loaded command: modlogs from moderation
[2025-05-02T16:24:01.851Z] [INFO] Loaded command: purge from moderation
[2025-05-02T16:24:01.852Z] [INFO] Loaded command: timeout from moderation
[2025-05-02T16:24:01.852Z] [INFO] Loaded command: unmute from moderation
[2025-05-02T16:24:01.853Z] [INFO] Loaded command: unsticky from sticky
[2025-05-02T16:24:01.853Z] [INFO] Loaded command: sticky from sticky
[2025-05-02T16:24:01.853Z] [INFO] Loaded command: afk from utility
[2025-05-02T16:24:01.854Z] [INFO] Loaded command: avatar from utility
[2025-05-02T16:24:01.853Z] [INFO] Loaded command: autoreply from utility
[2025-05-02T16:24:01.855Z] [INFO] Loaded command: banner from utility
[2025-05-02T16:24:01.855Z] [INFO] Loaded command: calculator from utility
[2025-05-02T16:24:01.856Z] [INFO] Loaded command: channelinfo from utility
[2025-05-02T16:24:01.858Z] [INFO] Loaded command: embed from utility
[2025-05-02T16:24:01.858Z] [INFO] Loaded command: emojis from utility
[2025-05-02T16:24:01.859Z] [INFO] Loaded command: emoteinfo from utility
[2025-05-02T16:24:01.860Z] [INFO] Loaded command: help from utility
[2025-05-02T16:24:01.860Z] [INFO] Loaded command: membercount from utility
[2025-05-02T16:24:01.861Z] [INFO] Loaded command: ping from utility
[2025-05-02T16:24:01.861Z] [INFO] Loaded command: quote from utility
[2025-05-02T16:24:01.862Z] [INFO] Loaded command: roleinfo from utility
[2025-05-02T16:24:01.863Z] [INFO] Loaded command: serverbanner from utility
[2025-05-02T16:24:01.863Z] [INFO] Loaded command: serverinfo from utility
[2025-05-02T16:24:01.863Z] [INFO] Loaded command: snipe from utility
[2025-05-02T16:24:01.864Z] [INFO] Loaded command: staff from utility
[2025-05-02T16:24:01.865Z] [INFO] Loaded command: stats from utility
[2025-05-02T16:24:01.866Z] [INFO] Loaded command: timestamp from utility
[2025-05-02T16:24:01.866Z] [INFO] Loaded command: userinfo from utility
[2025-05-02T16:24:01.867Z] [INFO] Loaded command: vouch from utility
[2025-05-02T16:24:01.867Z] [INFO] Loaded command: weather from utility
[2025-05-02T16:24:01.867Z] [INFO] Attempting to log in to Discord...
[2025-05-02T16:24:02.372Z] [INFO] Bot logged in successfully
[2025-05-02T16:24:02.374Z] [INFO] Started refreshing 52 application (/) commands.
[2025-05-02T16:24:02.456Z] [INFO] Logged in as .gg/snowhill#8571
[2025-05-02T16:24:02.457Z] [INFO] Bot is serving 1 guilds
[2025-05-02T16:24:02.457Z] [INFO] Connected to guild: SnowHill 1 Inv =  1 Moby (1321561162717855834) with 8172 members
[2025-05-02T16:24:02.704Z] [INFO] Successfully reloaded 52 guild (/) commands.
[2025-05-02T16:24:02.704Z] [INFO] Loaded 0 active giveaways
[2025-05-02T16:24:02.704Z] [INFO] Setting up sticky message handler
[2025-05-02T16:24:08.606Z] [INFO] Requesting intents: Guilds, GuildMessages, GuildMembers, MessageContent
[2025-05-02T16:24:08.609Z] [INFO] Loaded event: interactionCreate
[2025-05-02T16:24:08.613Z] [INFO] Loaded event: messageCreate
[2025-05-02T16:24:08.613Z] [INFO] Loaded event: messageDelete
[2025-05-02T16:24:08.615Z] [INFO] Loaded event: ready
[2025-05-02T16:24:08.616Z] [INFO] Loaded command: 8ball from fun
[2025-05-02T16:24:08.616Z] [INFO] Loaded command: coinflip from fun
[2025-05-02T16:24:08.616Z] [INFO] Loaded command: dice from fun
[2025-05-02T16:24:08.617Z] [INFO] Loaded command: hangman from fun
[2025-05-02T16:24:08.618Z] [INFO] Loaded command: joke from fun
[2025-05-02T16:24:08.619Z] [INFO] Loaded command: poll from fun
[2025-05-02T16:24:08.620Z] [INFO] Loaded command: rps from fun
[2025-05-02T16:24:08.620Z] [INFO] Loaded command: rpsls from fun
[2025-05-02T16:24:08.620Z] [INFO] Loaded command: scramble from fun
[2025-05-02T16:24:08.622Z] [INFO] Loaded command: trivia from fun
[2025-05-02T16:24:08.623Z] [INFO] Loaded command: urban from fun
[2025-05-02T16:24:08.621Z] [INFO] Loaded command: tictactoe from fun
[2025-05-02T16:24:08.623Z] [INFO] Loaded command: wordle from fun
[2025-05-02T16:24:08.624Z] [INFO] Loaded command: giveaway from giveaway
[2025-05-02T16:24:08.624Z] [INFO] Loaded command: gend from giveaway
[2025-05-02T16:24:08.625Z] [INFO] Loaded command: glist from giveaway
[2025-05-02T16:24:08.626Z] [INFO] Loaded command: greroll from giveaway
[2025-05-02T16:24:08.626Z] [INFO] Loaded command: remind from misc
[2025-05-02T16:24:08.626Z] [INFO] Loaded command: level from misc
[2025-05-02T16:24:08.628Z] [INFO] Loaded command: antiping from moderation
[2025-05-02T16:24:08.630Z] [INFO] Loaded command: automod from moderation
[2025-05-02T16:24:08.631Z] [INFO] Loaded command: ban from moderation
[2025-05-02T16:24:08.632Z] [INFO] Loaded command: kick from moderation
[2025-05-02T16:24:08.633Z] [INFO] Loaded command: modlogs from moderation
[2025-05-02T16:24:08.634Z] [INFO] Loaded command: purge from moderation
[2025-05-02T16:24:08.635Z] [INFO] Loaded command: timeout from moderation
[2025-05-02T16:24:08.636Z] [INFO] Loaded command: unmute from moderation
[2025-05-02T16:24:08.637Z] [INFO] Loaded command: unsticky from sticky
[2025-05-02T16:24:08.637Z] [INFO] Loaded command: sticky from sticky
[2025-05-02T16:24:08.637Z] [INFO] Loaded command: afk from utility
[2025-05-02T16:24:08.637Z] [INFO] Loaded command: autoreply from utility
[2025-05-02T16:24:08.640Z] [INFO] Loaded command: avatar from utility
[2025-05-02T16:24:08.640Z] [INFO] Loaded command: banner from utility
[2025-05-02T16:24:08.641Z] [INFO] Loaded command: calculator from utility
[2025-05-02T16:24:08.641Z] [INFO] Loaded command: channelinfo from utility
[2025-05-02T16:24:08.642Z] [INFO] Loaded command: embed from utility
[2025-05-02T16:24:08.643Z] [INFO] Loaded command: emojis from utility
[2025-05-02T16:24:08.643Z] [INFO] Loaded command: emoteinfo from utility
[2025-05-02T16:24:08.644Z] [INFO] Loaded command: help from utility
[2025-05-02T16:24:08.644Z] [INFO] Loaded command: membercount from utility
[2025-05-02T16:24:08.645Z] [INFO] Loaded command: ping from utility
[2025-05-02T16:24:08.645Z] [INFO] Loaded command: quote from utility
[2025-05-02T16:24:08.646Z] [INFO] Loaded command: roleinfo from utility
[2025-05-02T16:24:08.646Z] [INFO] Loaded command: serverbanner from utility
[2025-05-02T16:24:08.647Z] [INFO] Loaded command: serverinfo from utility
[2025-05-02T16:24:08.647Z] [INFO] Loaded command: snipe from utility
[2025-05-02T16:24:08.648Z] [INFO] Loaded command: staff from utility
[2025-05-02T16:24:08.648Z] [INFO] Loaded command: stats from utility
[2025-05-02T16:24:08.650Z] [INFO] Loaded command: timestamp from utility
[2025-05-02T16:24:08.650Z] [INFO] Loaded command: userinfo from utility
[2025-05-02T16:24:08.651Z] [INFO] Loaded command: vouch from utility
[2025-05-02T16:24:08.651Z] [INFO] Loaded command: weather from utility
[2025-05-02T16:24:08.652Z] [INFO] Attempting to log in to Discord...
[2025-05-02T16:24:09.197Z] [INFO] Bot logged in successfully
[2025-05-02T16:24:09.201Z] [INFO] Started refreshing 52 application (/) commands.
[2025-05-02T16:24:09.293Z] [INFO] Logged in as .gg/snowhill#8571
[2025-05-02T16:24:09.294Z] [INFO] Bot is serving 1 guilds
[2025-05-02T16:24:09.294Z] [INFO] Connected to guild: SnowHill 1 Inv =  1 Moby (1321561162717855834) with 8172 members
[2025-05-02T16:24:09.471Z] [INFO] Successfully reloaded 52 guild (/) commands.
[2025-05-02T16:24:09.472Z] [INFO] Loaded 0 active giveaways
[2025-05-02T16:24:09.472Z] [INFO] Setting up sticky message handler
[2025-05-02T16:24:59.047Z] [INFO] Requesting intents: Guilds, GuildMessages, GuildMembers, MessageContent
[2025-05-02T16:24:59.055Z] [INFO] Loaded event: interactionCreate
[2025-05-02T16:24:59.065Z] [INFO] Loaded event: messageCreate
[2025-05-02T16:24:59.065Z] [INFO] Loaded event: messageDelete
[2025-05-02T16:24:59.065Z] [INFO] Loaded event: ready
[2025-05-02T16:24:59.066Z] [INFO] Loaded command: 8ball from fun
[2025-05-02T16:24:59.066Z] [INFO] Loaded command: coinflip from fun
[2025-05-02T16:24:59.070Z] [INFO] Loaded command: hangman from fun
[2025-05-02T16:24:59.070Z] [INFO] Loaded command: joke from fun
[2025-05-02T16:24:59.071Z] [INFO] Loaded command: poll from fun
[2025-05-02T16:24:59.072Z] [INFO] Loaded command: rps from fun
[2025-05-02T16:24:59.073Z] [INFO] Loaded command: rpsls from fun
[2025-05-02T16:24:59.073Z] [INFO] Loaded command: scramble from fun
[2025-05-02T16:24:59.074Z] [INFO] Loaded command: tictactoe from fun
[2025-05-02T16:24:59.075Z] [INFO] Loaded command: trivia from fun
[2025-05-02T16:24:59.075Z] [INFO] Loaded command: urban from fun
[2025-05-02T16:24:59.076Z] [INFO] Loaded command: wordle from fun
[2025-05-02T16:24:59.076Z] [INFO] Loaded command: giveaway from giveaway
[2025-05-02T16:24:59.077Z] [INFO] Loaded command: gend from giveaway
[2025-05-02T16:24:59.078Z] [INFO] Loaded command: glist from giveaway
[2025-05-02T16:24:59.079Z] [INFO] Loaded command: greroll from giveaway
[2025-05-02T16:24:59.079Z] [INFO] Loaded command: level from misc
[2025-05-02T16:24:59.079Z] [INFO] Loaded command: remind from misc
[2025-05-02T16:24:59.081Z] [INFO] Loaded command: antiping from moderation
[2025-05-02T16:24:59.083Z] [INFO] Loaded command: automod from moderation
[2025-05-02T16:24:59.084Z] [INFO] Loaded command: ban from moderation
[2025-05-02T16:24:59.084Z] [INFO] Loaded command: kick from moderation
[2025-05-02T16:24:59.086Z] [INFO] Loaded command: modlogs from moderation
[2025-05-02T16:24:59.087Z] [INFO] Loaded command: purge from moderation
[2025-05-02T16:24:59.088Z] [INFO] Loaded command: timeout from moderation
[2025-05-02T16:24:59.088Z] [INFO] Loaded command: unmute from moderation
[2025-05-02T16:24:59.089Z] [INFO] Loaded command: unsticky from sticky
[2025-05-02T16:24:59.090Z] [INFO] Loaded command: sticky from sticky
[2025-05-02T16:24:59.090Z] [INFO] Loaded command: afk from utility
[2025-05-02T16:24:59.090Z] [INFO] Loaded command: autoreply from utility
[2025-05-02T16:24:59.091Z] [INFO] Loaded command: avatar from utility
[2025-05-02T16:24:59.091Z] [INFO] Loaded command: banner from utility
[2025-05-02T16:24:59.092Z] [INFO] Loaded command: calculator from utility
[2025-05-02T16:24:59.093Z] [INFO] Loaded command: channelinfo from utility
[2025-05-02T16:24:59.094Z] [INFO] Loaded command: embed from utility
[2025-05-02T16:24:59.095Z] [INFO] Loaded command: emojis from utility
[2025-05-02T16:24:59.095Z] [INFO] Loaded command: emoteinfo from utility
[2025-05-02T16:24:59.096Z] [INFO] Loaded command: help from utility
[2025-05-02T16:24:59.096Z] [INFO] Loaded command: membercount from utility
[2025-05-02T16:24:59.097Z] [INFO] Loaded command: ping from utility
[2025-05-02T16:24:59.098Z] [INFO] Loaded command: quote from utility
[2025-05-02T16:24:59.098Z] [INFO] Loaded command: roleinfo from utility
[2025-05-02T16:24:59.099Z] [INFO] Loaded command: serverbanner from utility
[2025-05-02T16:24:59.099Z] [INFO] Loaded command: serverinfo from utility
[2025-05-02T16:24:59.099Z] [INFO] Loaded command: snipe from utility
[2025-05-02T16:24:59.069Z] [INFO] Loaded command: dice from fun
[2025-05-02T16:24:59.100Z] [INFO] Loaded command: staff from utility
[2025-05-02T16:24:59.101Z] [INFO] Loaded command: stats from utility
[2025-05-02T16:24:59.103Z] [INFO] Loaded command: userinfo from utility
[2025-05-02T16:24:59.102Z] [INFO] Loaded command: timestamp from utility
[2025-05-02T16:24:59.104Z] [INFO] Loaded command: vouch from utility
[2025-05-02T16:24:59.104Z] [INFO] Loaded command: weather from utility
[2025-05-02T16:24:59.104Z] [INFO] Attempting to log in to Discord...
[2025-05-02T16:24:59.632Z] [INFO] Bot logged in successfully
[2025-05-02T16:24:59.634Z] [INFO] Started refreshing 52 application (/) commands.
[2025-05-02T16:24:59.748Z] [INFO] Logged in as .gg/snowhill#8571
[2025-05-02T16:24:59.749Z] [INFO] Bot is serving 1 guilds
[2025-05-02T16:24:59.749Z] [INFO] Connected to guild: SnowHill 1 Inv =  1 Moby (1321561162717855834) with 8172 members
[2025-05-02T16:24:59.924Z] [INFO] Successfully reloaded 52 guild (/) commands.
[2025-05-02T16:24:59.925Z] [INFO] Loaded 0 active giveaways
[2025-05-02T16:24:59.925Z] [INFO] Setting up sticky message handler
[2025-05-02T16:26:08.611Z] [INFO] Requesting intents: Guilds, GuildMessages, GuildMembers, MessageContent
[2025-05-02T16:26:08.616Z] [INFO] Loaded event: interactionCreate
[2025-05-02T16:26:08.623Z] [INFO] Loaded event: messageCreate
[2025-05-02T16:26:08.623Z] [INFO] Loaded event: messageDelete
[2025-05-02T16:26:08.624Z] [INFO] Loaded event: ready
[2025-05-02T16:26:08.624Z] [INFO] Loaded command: 8ball from fun
[2025-05-02T16:26:08.625Z] [INFO] Loaded command: coinflip from fun
[2025-05-02T16:26:08.626Z] [INFO] Loaded command: dice from fun
[2025-05-02T16:26:08.627Z] [INFO] Loaded command: hangman from fun
[2025-05-02T16:26:08.628Z] [INFO] Loaded command: joke from fun
[2025-05-02T16:26:08.634Z] [INFO] Loaded command: poll from fun
[2025-05-02T16:26:08.637Z] [INFO] Loaded command: rps from fun
[2025-05-02T16:26:08.638Z] [INFO] Loaded command: rpsls from fun
[2025-05-02T16:26:08.640Z] [INFO] Loaded command: scramble from fun
[2025-05-02T16:26:08.641Z] [INFO] Loaded command: tictactoe from fun
[2025-05-02T16:26:08.642Z] [INFO] Loaded command: trivia from fun
[2025-05-02T16:26:08.643Z] [INFO] Loaded command: urban from fun
[2025-05-02T16:26:08.644Z] [INFO] Loaded command: wordle from fun
[2025-05-02T16:26:08.644Z] [INFO] Loaded command: giveaway from giveaway
[2025-05-02T16:26:08.652Z] [INFO] Loaded command: gend from giveaway
[2025-05-02T16:26:08.653Z] [INFO] Loaded command: glist from giveaway
[2025-05-02T16:26:08.654Z] [INFO] Loaded command: greroll from giveaway
[2025-05-02T16:26:08.654Z] [INFO] Loaded command: remind from misc
[2025-05-02T16:26:08.658Z] [INFO] Loaded command: antiping from moderation
[2025-05-02T16:26:08.661Z] [INFO] Loaded command: automod from moderation
[2025-05-02T16:26:08.663Z] [INFO] Loaded command: ban from moderation
[2025-05-02T16:26:08.664Z] [INFO] Loaded command: kick from moderation
[2025-05-02T16:26:08.665Z] [INFO] Loaded command: modlogs from moderation
[2025-05-02T16:26:08.666Z] [INFO] Loaded command: purge from moderation
[2025-05-02T16:26:08.667Z] [INFO] Loaded command: timeout from moderation
[2025-05-02T16:26:08.668Z] [INFO] Loaded command: unmute from moderation
[2025-05-02T16:26:08.669Z] [INFO] Loaded command: unsticky from sticky
[2025-05-02T16:26:08.669Z] [INFO] Loaded command: sticky from sticky
[2025-05-02T16:26:08.669Z] [INFO] Loaded command: afk from utility
[2025-05-02T16:26:08.669Z] [INFO] Loaded command: autoreply from utility
[2025-05-02T16:26:08.670Z] [INFO] Loaded command: avatar from utility
[2025-05-02T16:26:08.671Z] [INFO] Loaded command: banner from utility
[2025-05-02T16:26:08.672Z] [INFO] Loaded command: calculator from utility
[2025-05-02T16:26:08.673Z] [INFO] Loaded command: channelinfo from utility
[2025-05-02T16:26:08.674Z] [INFO] Loaded command: embed from utility
[2025-05-02T16:26:08.675Z] [INFO] Loaded command: emojis from utility
[2025-05-02T16:26:08.676Z] [INFO] Loaded command: emoteinfo from utility
[2025-05-02T16:26:08.677Z] [INFO] Loaded command: help from utility
[2025-05-02T16:26:08.677Z] [INFO] Loaded command: membercount from utility
[2025-05-02T16:26:08.679Z] [INFO] Loaded command: ping from utility
[2025-05-02T16:26:08.680Z] [INFO] Loaded command: quote from utility
[2025-05-02T16:26:08.680Z] [INFO] Loaded command: roleinfo from utility
[2025-05-02T16:26:08.681Z] [INFO] Loaded command: serverbanner from utility
[2025-05-02T16:26:08.681Z] [INFO] Loaded command: serverinfo from utility
[2025-05-02T16:26:08.681Z] [INFO] Loaded command: snipe from utility
[2025-05-02T16:26:08.682Z] [INFO] Loaded command: staff from utility
[2025-05-02T16:26:08.683Z] [INFO] Loaded command: stats from utility
[2025-05-02T16:26:08.684Z] [INFO] Loaded command: timestamp from utility
[2025-05-02T16:26:08.685Z] [INFO] Loaded command: userinfo from utility
[2025-05-02T16:26:08.685Z] [INFO] Loaded command: vouch from utility
[2025-05-02T16:26:08.686Z] [INFO] Loaded command: weather from utility
[2025-05-02T16:26:08.686Z] [INFO] Attempting to log in to Discord...
[2025-05-02T16:26:09.286Z] [INFO] Bot logged in successfully
[2025-05-02T16:26:09.292Z] [INFO] Started refreshing 51 application (/) commands.
[2025-05-02T16:26:09.490Z] [INFO] Logged in as .gg/snowhill#8571
[2025-05-02T16:26:09.492Z] [INFO] Bot is serving 1 guilds
[2025-05-02T16:26:09.492Z] [INFO] Connected to guild: SnowHill 1 Inv =  1 Moby (1321561162717855834) with 8172 members
[2025-05-02T16:26:09.523Z] [INFO] Successfully reloaded 51 guild (/) commands.
[2025-05-02T16:26:09.524Z] [INFO] Loaded 0 active giveaways
[2025-05-02T16:26:09.525Z] [INFO] Setting up sticky message handler
[2025-05-02T16:28:35.372Z] [INFO] Requesting intents: Guilds, GuildMessages, GuildMembers, MessageContent
[2025-05-02T16:28:35.375Z] [INFO] Loaded event: interactionCreate
[2025-05-02T16:28:35.379Z] [INFO] Loaded event: messageCreate
[2025-05-02T16:28:35.380Z] [INFO] Loaded event: messageDelete
[2025-05-02T16:28:35.380Z] [INFO] Loaded event: ready
[2025-05-02T16:28:35.380Z] [INFO] Loaded command: 8ball from fun
[2025-05-02T16:28:35.381Z] [INFO] Loaded command: coinflip from fun
[2025-05-02T16:28:35.381Z] [INFO] Loaded command: dice from fun
[2025-05-02T16:28:35.382Z] [INFO] Loaded command: hangman from fun
[2025-05-02T16:28:35.383Z] [INFO] Loaded command: joke from fun
[2025-05-02T16:28:35.384Z] [INFO] Loaded command: poll from fun
[2025-05-02T16:28:35.384Z] [INFO] Loaded command: rps from fun
[2025-05-02T16:28:35.385Z] [INFO] Loaded command: rpsls from fun
[2025-05-02T16:28:35.385Z] [INFO] Loaded command: scramble from fun
[2025-05-02T16:28:35.386Z] [INFO] Loaded command: tictactoe from fun
[2025-05-02T16:28:35.386Z] [INFO] Loaded command: trivia from fun
[2025-05-02T16:28:35.387Z] [INFO] Loaded command: urban from fun
[2025-05-02T16:28:35.388Z] [INFO] Loaded command: wordle from fun
[2025-05-02T16:28:35.388Z] [INFO] Loaded command: giveaway from giveaway
[2025-05-02T16:28:35.389Z] [INFO] Loaded command: gend from giveaway
[2025-05-02T16:28:35.389Z] [INFO] Loaded command: glist from giveaway
[2025-05-02T16:28:35.390Z] [INFO] Loaded command: greroll from giveaway
[2025-05-02T16:28:35.390Z] [INFO] Loaded command: remind from misc
[2025-05-02T16:28:35.393Z] [INFO] Loaded command: antiping from moderation
[2025-05-02T16:28:35.395Z] [INFO] Loaded command: automod from moderation
[2025-05-02T16:28:35.395Z] [INFO] Loaded command: ban from moderation
[2025-05-02T16:28:35.396Z] [INFO] Loaded command: kick from moderation
[2025-05-02T16:28:35.397Z] [INFO] Loaded command: modlogs from moderation
[2025-05-02T16:28:35.398Z] [INFO] Loaded command: purge from moderation
[2025-05-02T16:28:35.398Z] [INFO] Loaded command: timeout from moderation
[2025-05-02T16:28:35.399Z] [INFO] Loaded command: unmute from moderation
[2025-05-02T16:28:35.399Z] [INFO] Loaded command: unsticky from sticky
[2025-05-02T16:28:35.399Z] [INFO] Loaded command: sticky from sticky
[2025-05-02T16:28:35.399Z] [INFO] Loaded command: afk from utility
[2025-05-02T16:28:35.400Z] [INFO] Loaded command: autoreply from utility
[2025-05-02T16:28:35.400Z] [INFO] Loaded command: avatar from utility
[2025-05-02T16:28:35.400Z] [INFO] Loaded command: banner from utility
[2025-05-02T16:28:35.401Z] [INFO] Loaded command: boosters from utility
[2025-05-02T16:28:35.401Z] [INFO] Loaded command: boostinfo from utility
[2025-05-02T16:28:35.402Z] [INFO] Loaded command: calculator from utility
[2025-05-02T16:28:35.402Z] [INFO] Loaded command: channelinfo from utility
[2025-05-02T16:28:35.403Z] [INFO] Loaded command: countdown from utility
[2025-05-02T16:28:35.404Z] [INFO] Loaded command: embed from utility
[2025-05-02T16:28:35.404Z] [INFO] Loaded command: emojis from utility
[2025-05-02T16:28:35.405Z] [INFO] Loaded command: emoteinfo from utility
[2025-05-02T16:28:35.406Z] [INFO] Loaded command: format from utility
[2025-05-02T16:28:35.406Z] [INFO] Loaded command: help from utility
[2025-05-02T16:28:35.407Z] [INFO] Loaded command: membercount from utility
[2025-05-02T16:28:35.407Z] [INFO] Loaded command: ping from utility
[2025-05-02T16:28:35.408Z] [INFO] Loaded command: quote from utility
[2025-05-02T16:28:35.408Z] [INFO] Loaded command: roleinfo from utility
[2025-05-02T16:28:35.408Z] [INFO] Loaded command: serverbanner from utility
[2025-05-02T16:28:35.409Z] [INFO] Loaded command: serverinfo from utility
[2025-05-02T16:28:35.409Z] [INFO] Loaded command: snipe from utility
[2025-05-02T16:28:35.409Z] [INFO] Loaded command: staff from utility
[2025-05-02T16:28:35.410Z] [INFO] Loaded command: stats from utility
[2025-05-02T16:28:35.411Z] [INFO] Loaded command: timestamp from utility
[2025-05-02T16:28:35.411Z] [INFO] Loaded command: userinfo from utility
[2025-05-02T16:28:35.412Z] [INFO] Loaded command: vouch from utility
[2025-05-02T16:28:35.412Z] [INFO] Loaded command: weather from utility
[2025-05-02T16:28:35.413Z] [INFO] Attempting to log in to Discord...
[2025-05-02T16:28:35.987Z] [INFO] Bot logged in successfully
[2025-05-02T16:28:35.990Z] [INFO] Started refreshing 55 application (/) commands.
[2025-05-02T16:28:36.075Z] [INFO] Logged in as .gg/snowhill#8571
[2025-05-02T16:28:36.075Z] [INFO] Bot is serving 1 guilds
[2025-05-02T16:28:36.075Z] [INFO] Connected to guild: SnowHill 1 Inv =  1 Moby (1321561162717855834) with 8172 members
[2025-05-02T16:28:36.341Z] [INFO] Successfully reloaded 55 guild (/) commands.
[2025-05-02T16:28:36.342Z] [INFO] Loaded 0 active giveaways
[2025-05-02T16:28:36.342Z] [INFO] Setting up sticky message handler
[2025-05-02T16:33:44.618Z] [INFO] User manannasa (1341220277681520703) used command /vouch
[2025-05-02T16:35:53.081Z] [INFO] Requesting intents: Guilds, GuildMessages, GuildMembers, MessageContent
[2025-05-02T16:35:53.083Z] [INFO] Loaded event: interactionCreate
[2025-05-02T16:35:53.088Z] [INFO] Loaded event: messageCreate
[2025-05-02T16:35:53.089Z] [INFO] Loaded event: messageDelete
[2025-05-02T16:35:53.089Z] [INFO] Loaded event: ready
[2025-05-02T16:35:53.089Z] [INFO] Loaded command: 8ball from fun
[2025-05-02T16:35:53.090Z] [INFO] Loaded command: coinflip from fun
[2025-05-02T16:35:53.090Z] [INFO] Loaded command: dice from fun
[2025-05-02T16:35:53.091Z] [INFO] Loaded command: fortune from fun
[2025-05-02T16:35:53.092Z] [INFO] Loaded command: hangman from fun
[2025-05-02T16:35:53.093Z] [INFO] Loaded command: joke from fun
[2025-05-02T16:35:53.094Z] [INFO] Loaded command: poll from fun
[2025-05-02T16:35:53.095Z] [INFO] Loaded command: rps from fun
[2025-05-02T16:35:53.096Z] [INFO] Loaded command: rpsls from fun
[2025-05-02T16:35:53.096Z] [INFO] Loaded command: scramble from fun
[2025-05-02T16:35:53.097Z] [INFO] Loaded command: tictactoe from fun
[2025-05-02T16:35:53.097Z] [INFO] Loaded command: trivia from fun
[2025-05-02T16:35:53.098Z] [INFO] Loaded command: urban from fun
[2025-05-02T16:35:53.099Z] [INFO] Loaded command: wordle from fun
[2025-05-02T16:35:53.099Z] [INFO] Loaded command: giveaway from giveaway
[2025-05-02T16:35:53.100Z] [INFO] Loaded command: gend from giveaway
[2025-05-02T16:35:53.100Z] [INFO] Loaded command: glist from giveaway
[2025-05-02T16:35:53.101Z] [INFO] Loaded command: greroll from giveaway
[2025-05-02T16:35:53.101Z] [INFO] Loaded command: remind from misc
[2025-05-02T16:35:53.103Z] [INFO] Loaded command: antiping from moderation
[2025-05-02T16:35:53.106Z] [INFO] Loaded command: automod from moderation
[2025-05-02T16:35:53.107Z] [INFO] Loaded command: ban from moderation
[2025-05-02T16:35:53.107Z] [INFO] Loaded command: kick from moderation
[2025-05-02T16:35:53.109Z] [INFO] Loaded command: modlogs from moderation
[2025-05-02T16:35:53.109Z] [INFO] Loaded command: purge from moderation
[2025-05-02T16:35:53.110Z] [INFO] Loaded command: timeout from moderation
[2025-05-02T16:35:53.111Z] [INFO] Loaded command: unmute from moderation
[2025-05-02T16:35:53.111Z] [INFO] Loaded command: unsticky from sticky
[2025-05-02T16:35:53.111Z] [INFO] Loaded command: sticky from sticky
[2025-05-02T16:35:53.111Z] [INFO] Loaded command: afk from utility
[2025-05-02T16:35:53.112Z] [INFO] Loaded command: autoreply from utility
[2025-05-02T16:35:53.112Z] [INFO] Loaded command: avatar from utility
[2025-05-02T16:35:53.113Z] [INFO] Loaded command: banner from utility
[2025-05-02T16:35:53.113Z] [INFO] Loaded command: boosters from utility
[2025-05-02T16:35:53.114Z] [INFO] Loaded command: boostinfo from utility
[2025-05-02T16:35:53.115Z] [INFO] Loaded command: calculator from utility
[2025-05-02T16:35:53.115Z] [INFO] Loaded command: channelinfo from utility
[2025-05-02T16:35:53.116Z] [INFO] Loaded command: countdown from utility
[2025-05-02T16:35:53.117Z] [INFO] Loaded command: embed from utility
[2025-05-02T16:35:53.118Z] [INFO] Loaded command: emojis from utility
[2025-05-02T16:35:53.118Z] [INFO] Loaded command: emoteinfo from utility
[2025-05-02T16:35:53.120Z] [INFO] Loaded command: findemoji from utility
[2025-05-02T16:35:53.121Z] [INFO] Loaded command: format from utility
[2025-05-02T16:35:53.121Z] [INFO] Loaded command: help from utility
[2025-05-02T16:35:53.122Z] [INFO] Loaded command: inviteinfo from utility
[2025-05-02T16:35:53.123Z] [INFO] Loaded command: membercount from utility
[2025-05-02T16:35:53.124Z] [INFO] Loaded command: messages from utility
[2025-05-02T16:35:53.124Z] [INFO] Loaded command: ping from utility
[2025-05-02T16:35:53.126Z] [INFO] Loaded command: quote from utility
[2025-05-02T16:35:53.126Z] [INFO] Loaded command: roleinfo from utility
[2025-05-02T16:35:53.127Z] [INFO] Loaded command: serverbanner from utility
[2025-05-02T16:35:53.127Z] [INFO] Loaded command: serverinfo from utility
[2025-05-02T16:35:53.127Z] [INFO] Loaded command: snipe from utility
[2025-05-02T16:35:53.128Z] [INFO] Loaded command: staff from utility
[2025-05-02T16:35:53.128Z] [INFO] Loaded command: stats from utility
[2025-05-02T16:35:53.129Z] [INFO] Loaded command: status from utility
[2025-05-02T16:35:53.130Z] [INFO] Loaded command: timestamp from utility
[2025-05-02T16:35:53.131Z] [INFO] Loaded command: userinfo from utility
[2025-05-02T16:35:53.131Z] [INFO] Loaded command: vouch from utility
[2025-05-02T16:35:53.132Z] [INFO] Loaded command: weather from utility
[2025-05-02T16:35:53.132Z] [INFO] Attempting to log in to Discord...
[2025-05-02T16:35:53.678Z] [INFO] Bot logged in successfully
[2025-05-02T16:35:53.681Z] [INFO] Started refreshing 60 application (/) commands.
[2025-05-02T16:35:54.047Z] [INFO] Logged in as .gg/snowhill#8571
[2025-05-02T16:35:54.048Z] [INFO] Bot is serving 1 guilds
[2025-05-02T16:35:54.048Z] [INFO] Connected to guild: SnowHill 1 Inv =  1 Moby (1321561162717855834) with 8172 members
[2025-05-02T16:35:54.051Z] [INFO] Successfully reloaded 60 guild (/) commands.
[2025-05-02T16:35:54.052Z] [INFO] Setting up sticky message handler
[2025-05-02T16:35:54.052Z] [INFO] Loaded 0 active giveaways
[2025-05-02T16:36:17.466Z] [INFO] User sselyan (839580152774000721) used command /staff
[2025-05-02T16:36:18.698Z] [INFO] User sselyan (839580152774000721) requested the staff list
[2025-05-02T16:36:51.193Z] [INFO] Requesting intents: Guilds, GuildMessages, GuildMembers, MessageContent
[2025-05-02T16:36:51.196Z] [INFO] Loaded event: interactionCreate
[2025-05-02T16:36:51.202Z] [INFO] No mentions data file found, creating a new one
[2025-05-02T16:36:51.203Z] [INFO] Saved mentions data to file
[2025-05-02T16:36:51.204Z] [INFO] Loaded event: messageCreate
[2025-05-02T16:36:51.207Z] [INFO] Loaded command: 8ball from fun
[2025-05-02T16:36:51.205Z] [INFO] Loaded event: messageDelete
[2025-05-02T16:36:51.206Z] [INFO] Loaded event: ready
[2025-05-02T16:36:51.209Z] [INFO] Loaded command: coinflip from fun
[2025-05-02T16:36:51.211Z] [INFO] Loaded command: dice from fun
[2025-05-02T16:36:51.215Z] [INFO] Loaded command: fortune from fun
[2025-05-02T16:36:51.216Z] [INFO] Loaded command: hangman from fun
[2025-05-02T16:36:51.217Z] [INFO] Loaded command: joke from fun
[2025-05-02T16:36:51.219Z] [INFO] Loaded command: poll from fun
[2025-05-02T16:36:51.220Z] [INFO] Loaded command: rps from fun
[2025-05-02T16:36:51.222Z] [INFO] Loaded command: rpsls from fun
[2025-05-02T16:36:51.222Z] [INFO] Loaded command: scramble from fun
[2025-05-02T16:36:51.223Z] [INFO] Loaded command: tictactoe from fun
[2025-05-02T16:36:51.225Z] [INFO] Loaded command: trivia from fun
[2025-05-02T16:36:51.229Z] [INFO] Loaded command: urban from fun
[2025-05-02T16:36:51.231Z] [INFO] Loaded command: wordle from fun
[2025-05-02T16:36:51.232Z] [INFO] Loaded command: giveaway from giveaway
[2025-05-02T16:36:51.233Z] [INFO] Loaded command: gend from giveaway
[2025-05-02T16:36:51.234Z] [INFO] Loaded command: glist from giveaway
[2025-05-02T16:36:51.235Z] [INFO] Loaded command: greroll from giveaway
[2025-05-02T16:36:51.235Z] [INFO] Loaded command: remind from misc
[2025-05-02T16:36:51.237Z] [INFO] Loaded command: antiping from moderation
[2025-05-02T16:36:51.240Z] [INFO] Loaded command: automod from moderation
[2025-05-02T16:36:51.241Z] [INFO] Loaded command: ban from moderation
[2025-05-02T16:36:51.245Z] [INFO] Loaded command: kick from moderation
[2025-05-02T16:36:51.247Z] [INFO] Loaded command: modlogs from moderation
[2025-05-02T16:36:51.248Z] [INFO] Loaded command: purge from moderation
[2025-05-02T16:36:51.252Z] [INFO] Loaded command: timeout from moderation
[2025-05-02T16:36:51.253Z] [INFO] Loaded command: unmute from moderation
[2025-05-02T16:36:51.254Z] [INFO] Loaded command: unsticky from sticky
[2025-05-02T16:36:51.255Z] [INFO] Loaded command: sticky from sticky
[2025-05-02T16:36:51.255Z] [INFO] Loaded command: afk from utility
[2025-05-02T16:36:51.256Z] [INFO] Loaded command: autoreply from utility
[2025-05-02T16:36:51.257Z] [INFO] Loaded command: avatar from utility
[2025-05-02T16:36:51.258Z] [INFO] Loaded command: banner from utility
[2025-05-02T16:36:51.259Z] [INFO] Loaded command: boosters from utility
[2025-05-02T16:36:51.260Z] [INFO] Loaded command: boostinfo from utility
[2025-05-02T16:36:51.261Z] [INFO] Loaded command: calculator from utility
[2025-05-02T16:36:51.262Z] [INFO] Loaded command: channelinfo from utility
[2025-05-02T16:36:51.263Z] [INFO] Loaded command: countdown from utility
[2025-05-02T16:36:51.265Z] [INFO] Loaded command: embed from utility
[2025-05-02T16:36:51.266Z] [INFO] Loaded command: emojis from utility
[2025-05-02T16:36:51.268Z] [INFO] Loaded command: emoteinfo from utility
[2025-05-02T16:36:51.269Z] [INFO] Loaded command: findemoji from utility
[2025-05-02T16:36:51.271Z] [INFO] Loaded command: format from utility
[2025-05-02T16:36:51.274Z] [INFO] Loaded command: help from utility
[2025-05-02T16:36:51.275Z] [INFO] Loaded command: inviteinfo from utility
[2025-05-02T16:36:51.275Z] [INFO] Loaded command: membercount from utility
[2025-05-02T16:36:51.275Z] [INFO] Loaded command: mentions from utility
[2025-05-02T16:36:51.276Z] [INFO] Loaded command: messages from utility
[2025-05-02T16:36:51.277Z] [INFO] Loaded command: ping from utility
[2025-05-02T16:36:51.278Z] [INFO] Loaded command: quote from utility
[2025-05-02T16:36:51.279Z] [INFO] Loaded command: roleinfo from utility
[2025-05-02T16:36:51.279Z] [INFO] Loaded command: serverbanner from utility
[2025-05-02T16:36:51.280Z] [INFO] Loaded command: serverinfo from utility
[2025-05-02T16:36:51.280Z] [INFO] Loaded command: snipe from utility
[2025-05-02T16:36:51.280Z] [INFO] Loaded command: staff from utility
[2025-05-02T16:36:51.282Z] [INFO] Loaded command: stats from utility
[2025-05-02T16:36:51.283Z] [INFO] Loaded command: status from utility
[2025-05-02T16:36:51.284Z] [INFO] Loaded command: timestamp from utility
[2025-05-02T16:36:51.284Z] [INFO] Loaded command: userinfo from utility
[2025-05-02T16:36:51.285Z] [INFO] Loaded command: vouch from utility
[2025-05-02T16:36:51.285Z] [INFO] Loaded command: weather from utility
[2025-05-02T16:36:51.285Z] [INFO] Attempting to log in to Discord...
[2025-05-02T16:36:51.943Z] [INFO] Bot logged in successfully
[2025-05-02T16:36:51.953Z] [INFO] Started refreshing 61 application (/) commands.
[2025-05-02T16:36:52.037Z] [INFO] Logged in as .gg/snowhill#8571
[2025-05-02T16:36:52.038Z] [INFO] Bot is serving 1 guilds
[2025-05-02T16:36:52.038Z] [INFO] Connected to guild: SnowHill 1 Inv =  1 Moby (1321561162717855834) with 8172 members
[2025-05-02T16:36:52.543Z] [INFO] Successfully reloaded 61 guild (/) commands.
[2025-05-02T16:36:52.544Z] [INFO] Loaded 0 active giveaways
[2025-05-02T16:36:52.544Z] [INFO] Setting up sticky message handler
[2025-05-02T16:37:03.939Z] [INFO] User sselyan (839580152774000721) used command /messages
[2025-05-02T16:37:06.254Z] [INFO] User sselyan counted messages for sselyan
[2025-05-02T16:37:20.618Z] [INFO] Requesting intents: Guilds, GuildMessages, GuildMembers, MessageContent
[2025-05-02T16:37:20.620Z] [INFO] Loaded event: interactionCreate
[2025-05-02T16:37:20.625Z] [INFO] Loaded mentions data from file
[2025-05-02T16:37:20.625Z] [INFO] Loaded event: messageCreate
[2025-05-02T16:37:20.625Z] [INFO] Loaded event: messageDelete
[2025-05-02T16:37:20.627Z] [INFO] Loaded event: ready
[2025-05-02T16:37:20.627Z] [INFO] Loaded command: 8ball from fun
[2025-05-02T16:37:20.628Z] [INFO] Loaded command: coinflip from fun
[2025-05-02T16:37:20.628Z] [INFO] Loaded command: dice from fun
[2025-05-02T16:37:20.629Z] [INFO] Loaded command: fortune from fun
[2025-05-02T16:37:20.630Z] [INFO] Loaded command: hangman from fun
[2025-05-02T16:37:20.632Z] [INFO] Loaded command: poll from fun
[2025-05-02T16:37:20.631Z] [INFO] Loaded command: joke from fun
[2025-05-02T16:37:20.632Z] [INFO] Loaded command: rps from fun
[2025-05-02T16:37:20.633Z] [INFO] Loaded command: rpsls from fun
[2025-05-02T16:37:20.633Z] [INFO] Loaded command: scramble from fun
[2025-05-02T16:37:20.634Z] [INFO] Loaded command: tictactoe from fun
[2025-05-02T16:37:20.635Z] [INFO] Loaded command: trivia from fun
[2025-05-02T16:37:20.636Z] [INFO] Loaded command: urban from fun
[2025-05-02T16:37:20.636Z] [INFO] Loaded command: wordle from fun
[2025-05-02T16:37:20.637Z] [INFO] Loaded command: gend from giveaway
[2025-05-02T16:37:20.638Z] [INFO] Loaded command: glist from giveaway
[2025-05-02T16:37:20.638Z] [INFO] Loaded command: greroll from giveaway
[2025-05-02T16:37:20.639Z] [INFO] Loaded command: remind from misc
[2025-05-02T16:37:20.640Z] [INFO] Loaded command: antiping from moderation
[2025-05-02T16:37:20.642Z] [INFO] Loaded command: automod from moderation
[2025-05-02T16:37:20.643Z] [INFO] Loaded command: ban from moderation
[2025-05-02T16:37:20.643Z] [INFO] Loaded command: kick from moderation
[2025-05-02T16:37:20.645Z] [INFO] Loaded command: modlogs from moderation
[2025-05-02T16:37:20.645Z] [INFO] Loaded command: purge from moderation
[2025-05-02T16:37:20.646Z] [INFO] Loaded command: timeout from moderation
[2025-05-02T16:37:20.647Z] [INFO] Loaded command: unmute from moderation
[2025-05-02T16:37:20.647Z] [INFO] Loaded command: unsticky from sticky
[2025-05-02T16:37:20.647Z] [INFO] Loaded command: sticky from sticky
[2025-05-02T16:37:20.648Z] [INFO] Loaded command: afk from utility
[2025-05-02T16:37:20.648Z] [INFO] Loaded command: autoreply from utility
[2025-05-02T16:37:20.649Z] [INFO] Loaded command: avatar from utility
[2025-05-02T16:37:20.649Z] [INFO] Loaded command: banner from utility
[2025-05-02T16:37:20.650Z] [INFO] Loaded command: boosters from utility
[2025-05-02T16:37:20.650Z] [INFO] Loaded command: boostinfo from utility
[2025-05-02T16:37:20.651Z] [INFO] Loaded command: calculator from utility
[2025-05-02T16:37:20.651Z] [INFO] Loaded command: channelinfo from utility
[2025-05-02T16:37:20.652Z] [INFO] Loaded command: countdown from utility
[2025-05-02T16:37:20.653Z] [INFO] Loaded command: embed from utility
[2025-05-02T16:37:20.654Z] [INFO] Loaded command: emojis from utility
[2025-05-02T16:37:20.654Z] [INFO] Loaded command: emoteinfo from utility
[2025-05-02T16:37:20.655Z] [INFO] Loaded command: findemoji from utility
[2025-05-02T16:37:20.656Z] [INFO] Loaded command: format from utility
[2025-05-02T16:37:20.657Z] [INFO] Loaded command: help from utility
[2025-05-02T16:37:20.657Z] [INFO] Loaded command: inviteinfo from utility
[2025-05-02T16:37:20.657Z] [INFO] Loaded command: membercount from utility
[2025-05-02T16:37:20.657Z] [INFO] Loaded command: mentions from utility
[2025-05-02T16:37:20.658Z] [INFO] Loaded command: messages from utility
[2025-05-02T16:37:20.659Z] [INFO] Loaded command: ping from utility
[2025-05-02T16:37:20.659Z] [INFO] Loaded command: quote from utility
[2025-05-02T16:37:20.659Z] [INFO] Loaded command: roleinfo from utility
[2025-05-02T16:37:20.660Z] [INFO] Loaded command: serverbanner from utility
[2025-05-02T16:37:20.660Z] [INFO] Loaded command: serverinfo from utility
[2025-05-02T16:37:20.660Z] [INFO] Loaded command: snipe from utility
[2025-05-02T16:37:20.661Z] [INFO] Loaded command: staff from utility
[2025-05-02T16:37:20.661Z] [INFO] Loaded command: stats from utility
[2025-05-02T16:37:20.662Z] [INFO] Loaded command: status from utility
[2025-05-02T16:37:20.663Z] [INFO] Loaded command: timestamp from utility
[2025-05-02T16:37:20.663Z] [INFO] Loaded command: userinfo from utility
[2025-05-02T16:37:20.664Z] [INFO] Loaded command: vouch from utility
[2025-05-02T16:37:20.664Z] [INFO] Loaded command: weather from utility
[2025-05-02T16:37:20.664Z] [INFO] Attempting to log in to Discord...
[2025-05-02T16:37:20.636Z] [INFO] Loaded command: giveaway from giveaway
[2025-05-02T16:37:21.174Z] [INFO] Bot logged in successfully
[2025-05-02T16:37:21.176Z] [INFO] Started refreshing 61 application (/) commands.
[2025-05-02T16:37:21.488Z] [INFO] Logged in as .gg/snowhill#8571
[2025-05-02T16:37:21.489Z] [INFO] Connected to guild: SnowHill 1 Inv =  1 Moby (1321561162717855834) with 8172 members
[2025-05-02T16:37:21.488Z] [INFO] Bot is serving 1 guilds
[2025-05-02T16:37:21.490Z] [INFO] Successfully reloaded 61 guild (/) commands.
[2025-05-02T16:37:21.490Z] [INFO] Loaded 0 active giveaways
[2025-05-02T16:37:21.490Z] [INFO] Setting up sticky message handler
[2025-05-02T16:37:56.773Z] [INFO] Saved mentions data to file
[2025-05-02T16:38:09.005Z] [INFO] Saved mentions data to file
[2025-05-02T16:38:09.006Z] [INFO] Saved mentions data to file
[2025-05-02T16:38:15.051Z] [INFO] User sselyan (839580152774000721) used command /urban
[2025-05-02T16:38:15.699Z] [INFO] User sselyan looked up "hello" in Urban Dictionary
[2025-05-02T16:38:40.624Z] [INFO] Saved mentions data to file
[2025-05-02T16:38:50.931Z] [INFO] Saved mentions data to file
[2025-05-02T16:39:09.269Z] [INFO] Saved mentions data to file
[2025-05-02T16:39:11.565Z] [INFO] Requesting intents: Guilds, GuildMessages, GuildMembers, MessageContent
[2025-05-02T16:39:11.567Z] [INFO] Loaded event: interactionCreate
[2025-05-02T16:39:11.572Z] [INFO] Loaded mentions data from file
[2025-05-02T16:39:11.572Z] [INFO] Loaded event: messageCreate
[2025-05-02T16:39:11.573Z] [INFO] Loaded event: messageDelete
[2025-05-02T16:39:11.573Z] [INFO] Loaded event: ready
[2025-05-02T16:39:11.574Z] [INFO] Loaded command: 8ball from fun
[2025-05-02T16:39:11.575Z] [INFO] Loaded command: coinflip from fun
[2025-05-02T16:39:11.576Z] [INFO] Loaded command: dice from fun
[2025-05-02T16:39:11.576Z] [INFO] Loaded command: fortune from fun
[2025-05-02T16:39:11.577Z] [INFO] Loaded command: hangman from fun
[2025-05-02T16:39:11.578Z] [INFO] Loaded command: joke from fun
[2025-05-02T16:39:11.579Z] [INFO] Loaded command: poll from fun
[2025-05-02T16:39:11.580Z] [INFO] Loaded command: rps from fun
[2025-05-02T16:39:11.580Z] [INFO] Loaded command: rpsls from fun
[2025-05-02T16:39:11.580Z] [INFO] Loaded command: scramble from fun
[2025-05-02T16:39:11.581Z] [INFO] Loaded command: tictactoe from fun
[2025-05-02T16:39:11.582Z] [INFO] Loaded command: trivia from fun
[2025-05-02T16:39:11.583Z] [INFO] Loaded command: urban from fun
[2025-05-02T16:39:11.588Z] [INFO] Loaded command: wordle from fun
[2025-05-02T16:39:11.588Z] [INFO] Loaded command: giveaway from giveaway
[2025-05-02T16:39:11.589Z] [INFO] Loaded command: gend from giveaway
[2025-05-02T16:39:11.589Z] [INFO] Loaded command: glist from giveaway
[2025-05-02T16:39:11.590Z] [INFO] Loaded command: greroll from giveaway
[2025-05-02T16:39:11.590Z] [INFO] Loaded command: remind from misc
[2025-05-02T16:39:11.592Z] [INFO] Loaded command: antiping from moderation
[2025-05-02T16:39:11.594Z] [INFO] Loaded command: automod from moderation
[2025-05-02T16:39:11.594Z] [INFO] Loaded command: ban from moderation
[2025-05-02T16:39:11.595Z] [INFO] Loaded command: kick from moderation
[2025-05-02T16:39:11.596Z] [INFO] Loaded command: modlogs from moderation
[2025-05-02T16:39:11.597Z] [INFO] Loaded command: purge from moderation
[2025-05-02T16:39:11.597Z] [INFO] Loaded command: timeout from moderation
[2025-05-02T16:39:11.598Z] [INFO] Loaded command: unmute from moderation
[2025-05-02T16:39:11.598Z] [INFO] Loaded command: unsticky from sticky
[2025-05-02T16:39:11.598Z] [INFO] Loaded command: sticky from sticky
[2025-05-02T16:39:11.599Z] [INFO] Loaded command: afk from utility
[2025-05-02T16:39:11.599Z] [INFO] Loaded command: autoreply from utility
[2025-05-02T16:39:11.599Z] [INFO] Loaded command: avatar from utility
[2025-05-02T16:39:11.600Z] [INFO] Loaded command: banner from utility
[2025-05-02T16:39:11.601Z] [INFO] Loaded command: boosters from utility
[2025-05-02T16:39:11.601Z] [INFO] Loaded command: boostinfo from utility
[2025-05-02T16:39:11.602Z] [INFO] Loaded command: calculator from utility
[2025-05-02T16:39:11.602Z] [INFO] Loaded command: channelinfo from utility
[2025-05-02T16:39:11.603Z] [INFO] Loaded command: color from utility
[2025-05-02T16:39:11.604Z] [INFO] Loaded command: countdown from utility
[2025-05-02T16:39:11.606Z] [INFO] Loaded command: embed from utility
[2025-05-02T16:39:11.606Z] [INFO] Loaded command: emojis from utility
[2025-05-02T16:39:11.607Z] [INFO] Loaded command: emoteinfo from utility
[2025-05-02T16:39:11.608Z] [INFO] Loaded command: findemoji from utility
[2025-05-02T16:39:11.609Z] [INFO] Loaded command: format from utility
[2025-05-02T16:39:11.610Z] [INFO] Loaded command: help from utility
[2025-05-02T16:39:11.610Z] [INFO] Loaded command: inviteinfo from utility
[2025-05-02T16:39:11.611Z] [INFO] Loaded command: membercount from utility
[2025-05-02T16:39:11.611Z] [INFO] Loaded command: mentions from utility
[2025-05-02T16:39:11.611Z] [INFO] Loaded command: messages from utility
[2025-05-02T16:39:11.612Z] [INFO] Loaded command: ping from utility
[2025-05-02T16:39:11.612Z] [INFO] Loaded command: quote from utility
[2025-05-02T16:39:11.613Z] [INFO] Loaded command: roleinfo from utility
[2025-05-02T16:39:11.613Z] [INFO] Loaded command: serverbanner from utility
[2025-05-02T16:39:11.614Z] [INFO] Loaded command: serverinfo from utility
[2025-05-02T16:39:11.614Z] [INFO] Loaded command: snipe from utility
[2025-05-02T16:39:11.615Z] [INFO] Loaded command: staff from utility
[2025-05-02T16:39:11.615Z] [INFO] Loaded command: stats from utility
[2025-05-02T16:39:11.616Z] [INFO] Loaded command: status from utility
[2025-05-02T16:39:11.618Z] [INFO] Loaded command: timestamp from utility
[2025-05-02T16:39:11.622Z] [INFO] Loaded command: userinfo from utility
[2025-05-02T16:39:11.623Z] [INFO] Loaded command: vouch from utility
[2025-05-02T16:39:11.624Z] [INFO] Loaded command: weather from utility
[2025-05-02T16:39:11.624Z] [INFO] Attempting to log in to Discord...
[2025-05-02T16:39:12.413Z] [INFO] Bot logged in successfully
[2025-05-02T16:39:12.415Z] [INFO] Started refreshing 62 application (/) commands.
[2025-05-02T16:39:12.515Z] [INFO] Logged in as .gg/snowhill#8571
[2025-05-02T16:39:12.516Z] [INFO] Connected to guild: SnowHill 1 Inv =  1 Moby (1321561162717855834) with 8172 members
[2025-05-02T16:39:12.516Z] [INFO] Bot is serving 1 guilds
[2025-05-02T16:39:12.762Z] [INFO] Successfully reloaded 62 guild (/) commands.
[2025-05-02T16:39:12.763Z] [INFO] Loaded 0 active giveaways
[2025-05-02T16:39:12.763Z] [INFO] Setting up sticky message handler
[2025-05-02T16:39:21.691Z] [INFO] Saved mentions data to file
[2025-05-02T16:39:27.589Z] [INFO] Saved mentions data to file
[2025-05-02T16:39:39.314Z] [INFO] Saved mentions data to file
[2025-05-02T16:39:47.325Z] [INFO] Saved mentions data to file
[2025-05-02T16:39:49.715Z] [INFO] Saved mentions data to file
[2025-05-02T16:39:58.812Z] [INFO] Saved mentions data to file
[2025-05-02T16:40:02.431Z] [INFO] Saved mentions data to file
[2025-05-02T16:40:08.450Z] [INFO] Saved mentions data to file
[2025-05-02T16:40:08.915Z] [INFO] Saved mentions data to file
[2025-05-02T16:40:18.502Z] [INFO] Saved mentions data to file
[2025-05-02T16:40:28.690Z] [INFO] Saved mentions data to file
[2025-05-02T16:40:39.261Z] [INFO] Saved mentions data to file
[2025-05-02T16:40:58.449Z] [INFO] Saved mentions data to file
[2025-05-02T16:41:02.825Z] [INFO] Saved mentions data to file
[2025-05-02T16:41:05.910Z] [INFO] Saved mentions data to file
[2025-05-02T16:41:22.916Z] [INFO] Saved mentions data to file
[2025-05-02T16:41:22.916Z] [INFO] Saved mentions data to file
[2025-05-02T16:41:27.674Z] [INFO] Saved mentions data to file
[2025-05-02T16:42:04.548Z] [INFO] Requesting intents: Guilds, GuildMessages, GuildMembers, MessageContent
[2025-05-02T16:42:04.556Z] [INFO] Loaded mentions data from file
[2025-05-02T16:42:04.551Z] [INFO] Loaded event: interactionCreate
[2025-05-02T16:42:04.556Z] [INFO] Loaded event: messageCreate
[2025-05-02T16:42:04.556Z] [INFO] Loaded event: messageDelete
[2025-05-02T16:42:04.557Z] [INFO] Loaded event: ready
[2025-05-02T16:42:04.557Z] [INFO] Loaded command: 8ball from fun
[2025-05-02T16:42:04.558Z] [INFO] Loaded command: coinflip from fun
[2025-05-02T16:42:04.560Z] [INFO] Loaded command: dadjoke from fun
[2025-05-02T16:42:04.561Z] [INFO] Loaded command: dice from fun
[2025-05-02T16:42:04.562Z] [INFO] Loaded command: fortune from fun
[2025-05-02T16:42:04.563Z] [INFO] Loaded command: hangman from fun
[2025-05-02T16:42:04.564Z] [INFO] Loaded command: joke from fun
[2025-05-02T16:42:04.565Z] [INFO] Loaded command: poll from fun
[2025-05-02T16:42:04.565Z] [INFO] Loaded command: rps from fun
[2025-05-02T16:42:04.566Z] [INFO] Loaded command: rpsls from fun
[2025-05-02T16:42:04.566Z] [INFO] Loaded command: scramble from fun
[2025-05-02T16:42:04.567Z] [INFO] Loaded command: tictactoe from fun
[2025-05-02T16:42:04.568Z] [INFO] Loaded command: trivia from fun
[2025-05-02T16:42:04.569Z] [INFO] Loaded command: urban from fun
[2025-05-02T16:42:04.570Z] [INFO] Loaded command: wordle from fun
[2025-05-02T16:42:04.572Z] [INFO] Loaded command: giveaway from giveaway
[2025-05-02T16:42:04.573Z] [INFO] Loaded command: gend from giveaway
[2025-05-02T16:42:04.574Z] [INFO] Loaded command: glist from giveaway
[2025-05-02T16:42:04.577Z] [INFO] Loaded command: greroll from giveaway
[2025-05-02T16:42:04.577Z] [INFO] Loaded command: remind from misc
[2025-05-02T16:42:04.579Z] [INFO] Loaded command: antiping from moderation
[2025-05-02T16:42:04.583Z] [INFO] Loaded command: automod from moderation
[2025-05-02T16:42:04.584Z] [INFO] Loaded command: ban from moderation
[2025-05-02T16:42:04.584Z] [INFO] Loaded command: kick from moderation
[2025-05-02T16:42:04.586Z] [INFO] Loaded command: modlogs from moderation
[2025-05-02T16:42:04.586Z] [INFO] Loaded command: purge from moderation
[2025-05-02T16:42:04.587Z] [INFO] Loaded command: timeout from moderation
[2025-05-02T16:42:04.588Z] [INFO] Loaded command: unmute from moderation
[2025-05-02T16:42:04.588Z] [INFO] Loaded command: unsticky from sticky
[2025-05-02T16:42:04.589Z] [INFO] Loaded command: sticky from sticky
[2025-05-02T16:42:04.589Z] [INFO] Loaded command: afk from utility
[2025-05-02T16:42:04.589Z] [INFO] Loaded command: autoreply from utility
[2025-05-02T16:42:04.590Z] [INFO] Loaded command: avatar from utility
[2025-05-02T16:42:04.590Z] [INFO] Loaded command: banner from utility
[2025-05-02T16:42:04.591Z] [INFO] Loaded command: boosters from utility
[2025-05-02T16:42:04.591Z] [INFO] Loaded command: boostinfo from utility
[2025-05-02T16:42:04.592Z] [INFO] Loaded command: calculator from utility
[2025-05-02T16:42:04.593Z] [INFO] Loaded command: channelinfo from utility
[2025-05-02T16:42:04.594Z] [INFO] Loaded command: color from utility
[2025-05-02T16:42:04.595Z] [INFO] Loaded command: countdown from utility
[2025-05-02T16:42:04.597Z] [INFO] Loaded command: embed from utility
[2025-05-02T16:42:04.598Z] [INFO] Loaded command: emojis from utility
[2025-05-02T16:42:04.599Z] [INFO] Loaded command: emoteinfo from utility
[2025-05-02T16:42:04.600Z] [INFO] Loaded command: findemoji from utility
[2025-05-02T16:42:04.602Z] [INFO] Loaded command: format from utility
[2025-05-02T16:42:04.603Z] [INFO] Loaded command: help from utility
[2025-05-02T16:42:04.604Z] [INFO] Loaded command: inviteinfo from utility
[2025-05-02T16:42:04.604Z] [INFO] Loaded command: membercount from utility
[2025-05-02T16:42:04.605Z] [INFO] Loaded command: mentions from utility
[2025-05-02T16:42:04.605Z] [INFO] Loaded command: messages from utility
[2025-05-02T16:42:04.608Z] [INFO] Loaded command: permissions from utility
[2025-05-02T16:42:04.608Z] [INFO] Loaded command: ping from utility
[2025-05-02T16:42:04.609Z] [INFO] Loaded command: quote from utility
[2025-05-02T16:42:04.610Z] [INFO] Loaded command: random from utility
[2025-05-02T16:42:04.610Z] [INFO] Loaded command: roleinfo from utility
[2025-05-02T16:42:04.611Z] [INFO] Loaded command: serverbanner from utility
[2025-05-02T16:42:04.611Z] [INFO] Loaded command: serverinfo from utility
[2025-05-02T16:42:04.611Z] [INFO] Loaded command: snipe from utility
[2025-05-02T16:42:04.612Z] [INFO] Loaded command: staff from utility
[2025-05-02T16:42:04.613Z] [INFO] Loaded command: stats from utility
[2025-05-02T16:42:04.613Z] [INFO] Loaded command: status from utility
[2025-05-02T16:42:04.614Z] [INFO] Loaded command: timestamp from utility
[2025-05-02T16:42:04.616Z] [INFO] Loaded command: tts from utility
[2025-05-02T16:42:04.617Z] [INFO] Loaded command: userinfo from utility
[2025-05-02T16:42:04.618Z] [INFO] Loaded command: vouch from utility
[2025-05-02T16:42:04.618Z] [INFO] Loaded command: weather from utility
[2025-05-02T16:42:04.618Z] [INFO] Attempting to log in to Discord...
[2025-05-02T16:42:05.156Z] [INFO] Bot logged in successfully
[2025-05-02T16:42:05.159Z] [INFO] Started refreshing 66 application (/) commands.
[2025-05-02T16:42:05.239Z] [INFO] Logged in as .gg/snowhill#8571
[2025-05-02T16:42:05.240Z] [INFO] Bot is serving 1 guilds
[2025-05-02T16:42:05.240Z] [INFO] Connected to guild: SnowHill 1 Inv =  1 Moby (1321561162717855834) with 8172 members
[2025-05-02T16:42:05.533Z] [INFO] Successfully reloaded 66 guild (/) commands.
[2025-05-02T16:42:05.533Z] [INFO] Loaded 0 active giveaways
[2025-05-02T16:42:05.534Z] [INFO] Setting up sticky message handler
[2025-05-02T16:42:08.403Z] [INFO] Saved mentions data to file
[2025-05-02T16:42:29.197Z] [INFO] Saved mentions data to file
[2025-05-02T16:42:29.727Z] [INFO] Saved mentions data to file
[2025-05-02T16:42:30.159Z] [INFO] Saved mentions data to file
[2025-05-02T16:42:35.606Z] [INFO] Saved mentions data to file
[2025-05-02T16:43:27.829Z] [INFO] Saved mentions data to file
[2025-05-02T16:44:09.131Z] [INFO] Saved mentions data to file
[2025-05-02T16:44:57.742Z] [INFO] Saved mentions data to file
[2025-05-02T16:45:09.859Z] [INFO] Saved mentions data to file
[2025-05-02T16:45:13.599Z] [INFO] Saved mentions data to file
[2025-05-02T16:45:39.489Z] [INFO] Saved mentions data to file
[2025-05-02T16:45:41.528Z] [INFO] Saved mentions data to file
[2025-05-02T16:45:54.695Z] [INFO] Saved mentions data to file
[2025-05-02T16:46:04.169Z] [INFO] Requesting intents: Guilds, GuildMessages, GuildMembers, MessageContent
[2025-05-02T16:46:04.178Z] [INFO] Loaded mentions data from file
[2025-05-02T16:46:04.172Z] [INFO] Loaded event: interactionCreate
[2025-05-02T16:46:04.178Z] [INFO] Loaded event: messageCreate
[2025-05-02T16:46:04.178Z] [INFO] Loaded event: messageDelete
[2025-05-02T16:46:04.180Z] [INFO] Loaded event: ready
[2025-05-02T16:46:04.181Z] [INFO] Loaded command: 8ball from fun
[2025-05-02T16:46:04.181Z] [INFO] Loaded command: coinflip from fun
[2025-05-02T16:46:04.182Z] [INFO] Loaded command: dadjoke from fun
[2025-05-02T16:46:04.183Z] [INFO] Loaded command: dice from fun
[2025-05-02T16:46:04.183Z] [INFO] Loaded command: fortune from fun
[2025-05-02T16:46:04.184Z] [INFO] Loaded command: hangman from fun
[2025-05-02T16:46:04.185Z] [INFO] Loaded command: joke from fun
[2025-05-02T16:46:04.186Z] [INFO] Loaded command: poll from fun
[2025-05-02T16:46:04.187Z] [INFO] Loaded command: rps from fun
[2025-05-02T16:46:04.187Z] [INFO] Loaded command: rpsls from fun
[2025-05-02T16:46:04.188Z] [INFO] Loaded command: scramble from fun
[2025-05-02T16:46:04.188Z] [INFO] Loaded command: tictactoe from fun
[2025-05-02T16:46:04.189Z] [INFO] Loaded command: trivia from fun
[2025-05-02T16:46:04.190Z] [INFO] Loaded command: urban from fun
[2025-05-02T16:46:04.191Z] [INFO] Loaded command: wordle from fun
[2025-05-02T16:46:04.191Z] [INFO] Loaded command: giveaway from giveaway
[2025-05-02T16:46:04.192Z] [INFO] Loaded command: gend from giveaway
[2025-05-02T16:46:04.193Z] [INFO] Loaded command: glist from giveaway
[2025-05-02T16:46:04.193Z] [INFO] Loaded command: greroll from giveaway
[2025-05-02T16:46:04.194Z] [INFO] Loaded command: remind from misc
[2025-05-02T16:46:04.195Z] [INFO] Loaded command: antiping from moderation
[2025-05-02T16:46:04.197Z] [INFO] Loaded command: automod from moderation
[2025-05-02T16:46:04.198Z] [INFO] Loaded command: ban from moderation
[2025-05-02T16:46:04.199Z] [INFO] Loaded command: kick from moderation
[2025-05-02T16:46:04.200Z] [INFO] Loaded command: modlogs from moderation
[2025-05-02T16:46:04.201Z] [INFO] Loaded command: purge from moderation
[2025-05-02T16:46:04.201Z] [INFO] Loaded command: timeout from moderation
[2025-05-02T16:46:04.202Z] [INFO] Loaded command: unmute from moderation
[2025-05-02T16:46:04.202Z] [INFO] Loaded command: unsticky from sticky
[2025-05-02T16:46:04.202Z] [INFO] Loaded command: sticky from sticky
[2025-05-02T16:46:04.203Z] [INFO] Loaded command: afk from utility
[2025-05-02T16:46:04.203Z] [INFO] Loaded command: autoreply from utility
[2025-05-02T16:46:04.204Z] [INFO] Loaded command: avatar from utility
[2025-05-02T16:46:04.205Z] [INFO] Loaded command: banner from utility
[2025-05-02T16:46:04.205Z] [INFO] Loaded command: boosters from utility
[2025-05-02T16:46:04.206Z] [INFO] Loaded command: boostinfo from utility
[2025-05-02T16:46:04.206Z] [INFO] Loaded command: calculator from utility
[2025-05-02T16:46:04.207Z] [INFO] Loaded command: channelinfo from utility
[2025-05-02T16:46:04.208Z] [INFO] Loaded command: color from utility
[2025-05-02T16:46:04.209Z] [INFO] Loaded command: communitymood from utility
[2025-05-02T16:46:04.209Z] [INFO] Loaded command: countdown from utility
[2025-05-02T16:46:04.211Z] [INFO] Loaded command: embed from utility
[2025-05-02T16:46:04.211Z] [INFO] Loaded command: emojis from utility
[2025-05-02T16:46:04.212Z] [INFO] Loaded command: emoteinfo from utility
[2025-05-02T16:46:04.213Z] [INFO] Loaded command: findemoji from utility
[2025-05-02T16:46:04.215Z] [INFO] Loaded command: format from utility
[2025-05-02T16:46:04.215Z] [INFO] Loaded command: help from utility
[2025-05-02T16:46:04.216Z] [INFO] Loaded command: inviteinfo from utility
[2025-05-02T16:46:04.216Z] [INFO] Loaded command: membercount from utility
[2025-05-02T16:46:04.217Z] [INFO] Loaded command: mentions from utility
[2025-05-02T16:46:04.217Z] [INFO] Loaded command: messages from utility
[2025-05-02T16:46:04.219Z] [INFO] Loaded command: permissions from utility
[2025-05-02T16:46:04.220Z] [INFO] Loaded command: ping from utility
[2025-05-02T16:46:04.220Z] [INFO] Loaded command: quote from utility
[2025-05-02T16:46:04.221Z] [INFO] Loaded command: random from utility
[2025-05-02T16:46:04.222Z] [INFO] Loaded command: roleinfo from utility
[2025-05-02T16:46:04.222Z] [INFO] Loaded command: serverbanner from utility
[2025-05-02T16:46:04.223Z] [INFO] Loaded command: serverinfo from utility
[2025-05-02T16:46:04.223Z] [INFO] Loaded command: snipe from utility
[2025-05-02T16:46:04.223Z] [INFO] Loaded command: staff from utility
[2025-05-02T16:46:04.224Z] [INFO] Loaded command: stats from utility
[2025-05-02T16:46:04.225Z] [INFO] Loaded command: status from utility
[2025-05-02T16:46:04.226Z] [INFO] Loaded command: timestamp from utility
[2025-05-02T16:46:04.228Z] [INFO] Loaded command: tts from utility
[2025-05-02T16:46:04.228Z] [INFO] Loaded command: userinfo from utility
[2025-05-02T16:46:04.229Z] [INFO] Loaded command: vouch from utility
[2025-05-02T16:46:04.230Z] [INFO] Loaded command: weather from utility
[2025-05-02T16:46:04.230Z] [INFO] Attempting to log in to Discord...
[2025-05-02T16:46:04.815Z] [INFO] Bot logged in successfully
[2025-05-02T16:46:04.818Z] [INFO] Started refreshing 67 application (/) commands.
[2025-05-02T16:46:04.906Z] [INFO] Logged in as .gg/snowhill#8571
[2025-05-02T16:46:04.907Z] [INFO] Bot is serving 1 guilds
[2025-05-02T16:46:04.907Z] [INFO] Connected to guild: SnowHill 1 Inv =  1 Moby (1321561162717855834) with 8172 members
[2025-05-02T16:46:05.212Z] [INFO] Successfully reloaded 67 guild (/) commands.
[2025-05-02T16:46:05.213Z] [INFO] Setting up sticky message handler
[2025-05-02T16:46:05.213Z] [INFO] Loaded 0 active giveaways
[2025-05-02T16:46:12.464Z] [INFO] Requesting intents: Guilds, GuildMessages, GuildMembers, MessageContent
[2025-05-02T16:46:12.468Z] [INFO] Loaded event: interactionCreate
[2025-05-02T16:46:12.477Z] [INFO] Loaded mentions data from file
[2025-05-02T16:46:12.478Z] [INFO] Loaded event: messageCreate
[2025-05-02T16:46:12.478Z] [INFO] Loaded event: messageDelete
[2025-05-02T16:46:12.478Z] [INFO] Loaded event: ready
[2025-05-02T16:46:12.479Z] [INFO] Loaded command: 8ball from fun
[2025-05-02T16:46:12.480Z] [INFO] Loaded command: coinflip from fun
[2025-05-02T16:46:12.480Z] [INFO] Loaded command: dadjoke from fun
[2025-05-02T16:46:12.481Z] [INFO] Loaded command: dice from fun
[2025-05-02T16:46:12.482Z] [INFO] Loaded command: fortune from fun
[2025-05-02T16:46:12.482Z] [INFO] Loaded command: hangman from fun
[2025-05-02T16:46:12.483Z] [INFO] Loaded command: joke from fun
[2025-05-02T16:46:12.484Z] [INFO] Loaded command: poll from fun
[2025-05-02T16:46:12.484Z] [INFO] Loaded command: rps from fun
[2025-05-02T16:46:12.485Z] [INFO] Loaded command: rpsls from fun
[2025-05-02T16:46:12.485Z] [INFO] Loaded command: scramble from fun
[2025-05-02T16:46:12.486Z] [INFO] Loaded command: tictactoe from fun
[2025-05-02T16:46:12.487Z] [INFO] Loaded command: trivia from fun
[2025-05-02T16:46:12.488Z] [INFO] Loaded command: wordle from fun
[2025-05-02T16:46:12.488Z] [INFO] Loaded command: giveaway from giveaway
[2025-05-02T16:46:12.489Z] [INFO] Loaded command: gend from giveaway
[2025-05-02T16:46:12.490Z] [INFO] Loaded command: glist from giveaway
[2025-05-02T16:46:12.490Z] [INFO] Loaded command: greroll from giveaway
[2025-05-02T16:46:12.491Z] [INFO] Loaded command: remind from misc
[2025-05-02T16:46:12.492Z] [INFO] Loaded command: antiping from moderation
[2025-05-02T16:46:12.494Z] [INFO] Loaded command: automod from moderation
[2025-05-02T16:46:12.495Z] [INFO] Loaded command: ban from moderation
[2025-05-02T16:46:12.495Z] [INFO] Loaded command: kick from moderation
[2025-05-02T16:46:12.496Z] [INFO] Loaded command: modlogs from moderation
[2025-05-02T16:46:12.497Z] [INFO] Loaded command: purge from moderation
[2025-05-02T16:46:12.497Z] [INFO] Loaded command: timeout from moderation
[2025-05-02T16:46:12.498Z] [INFO] Loaded command: unmute from moderation
[2025-05-02T16:46:12.498Z] [INFO] Loaded command: unsticky from sticky
[2025-05-02T16:46:12.499Z] [INFO] Loaded command: sticky from sticky
[2025-05-02T16:46:12.499Z] [INFO] Loaded command: afk from utility
[2025-05-02T16:46:12.499Z] [INFO] Loaded command: autoreply from utility
[2025-05-02T16:46:12.499Z] [INFO] Loaded command: avatar from utility
[2025-05-02T16:46:12.500Z] [INFO] Loaded command: banner from utility
[2025-05-02T16:46:12.500Z] [INFO] Loaded command: boosters from utility
[2025-05-02T16:46:12.501Z] [INFO] Loaded command: boostinfo from utility
[2025-05-02T16:46:12.501Z] [INFO] Loaded command: calculator from utility
[2025-05-02T16:46:12.502Z] [INFO] Loaded command: channelinfo from utility
[2025-05-02T16:46:12.502Z] [INFO] Loaded command: color from utility
[2025-05-02T16:46:12.503Z] [INFO] Loaded command: communitymood from utility
[2025-05-02T16:46:12.504Z] [INFO] Loaded command: countdown from utility
[2025-05-02T16:46:12.505Z] [INFO] Loaded command: embed from utility
[2025-05-02T16:46:12.506Z] [INFO] Loaded command: emojis from utility
[2025-05-02T16:46:12.506Z] [INFO] Loaded command: emoteinfo from utility
[2025-05-02T16:46:12.487Z] [INFO] Loaded command: urban from fun
[2025-05-02T16:46:12.507Z] [INFO] Loaded command: findemoji from utility
[2025-05-02T16:46:12.508Z] [INFO] Loaded command: format from utility
[2025-05-02T16:46:12.509Z] [INFO] Loaded command: help from utility
[2025-05-02T16:46:12.509Z] [INFO] Loaded command: inviteinfo from utility
[2025-05-02T16:46:12.510Z] [INFO] Loaded command: membercount from utility
[2025-05-02T16:46:12.510Z] [INFO] Loaded command: mentions from utility
[2025-05-02T16:46:12.511Z] [INFO] Loaded command: messages from utility
[2025-05-02T16:46:12.512Z] [INFO] Loaded command: permissions from utility
[2025-05-02T16:46:12.512Z] [INFO] Loaded command: ping from utility
[2025-05-02T16:46:12.513Z] [INFO] Loaded command: quote from utility
[2025-05-02T16:46:12.514Z] [INFO] Loaded command: random from utility
[2025-05-02T16:46:12.514Z] [INFO] Loaded command: roleinfo from utility
[2025-05-02T16:46:12.515Z] [INFO] Loaded command: serverinfo from utility
[2025-05-02T16:46:12.515Z] [INFO] Loaded command: serverbanner from utility
[2025-05-02T16:46:12.515Z] [INFO] Loaded command: snipe from utility
[2025-05-02T16:46:12.515Z] [INFO] Loaded command: staff from utility
[2025-05-02T16:46:12.516Z] [INFO] Loaded command: stats from utility
[2025-05-02T16:46:12.516Z] [INFO] Loaded command: status from utility
[2025-05-02T16:46:12.517Z] [INFO] Loaded command: timestamp from utility
[2025-05-02T16:46:12.519Z] [INFO] Loaded command: tts from utility
[2025-05-02T16:46:12.519Z] [INFO] Loaded command: userinfo from utility
[2025-05-02T16:46:12.519Z] [INFO] Loaded command: vouch from utility
[2025-05-02T16:46:12.520Z] [INFO] Loaded command: weather from utility
[2025-05-02T16:46:12.520Z] [INFO] Attempting to log in to Discord...
[2025-05-02T16:46:13.050Z] [INFO] Bot logged in successfully
[2025-05-02T16:46:13.053Z] [INFO] Started refreshing 67 application (/) commands.
[2025-05-02T16:46:13.143Z] [INFO] Logged in as .gg/snowhill#8571
[2025-05-02T16:46:13.143Z] [INFO] Bot is serving 1 guilds
[2025-05-02T16:46:13.143Z] [INFO] Connected to guild: SnowHill 1 Inv =  1 Moby (1321561162717855834) with 8172 members
[2025-05-02T16:46:13.447Z] [INFO] Successfully reloaded 67 guild (/) commands.
[2025-05-02T16:46:13.447Z] [INFO] Loaded 0 active giveaways
[2025-05-02T16:46:13.447Z] [INFO] Setting up sticky message handler
[2025-05-02T16:46:19.134Z] [INFO] Saved mentions data to file
[2025-05-02T16:46:45.099Z] [INFO] Saved mentions data to file
[2025-05-02T16:46:47.996Z] [INFO] Requesting intents: Guilds, GuildMessages, GuildMembers, MessageContent, GuildMessageReactions
[2025-05-02T16:46:47.999Z] [INFO] Loaded event: interactionCreate
[2025-05-02T16:46:48.005Z] [INFO] Loaded mentions data from file
[2025-05-02T16:46:48.006Z] [INFO] Loaded event: messageCreate
[2025-05-02T16:46:48.006Z] [INFO] Loaded event: messageDelete
[2025-05-02T16:46:48.006Z] [INFO] Loaded event: messageReactionAdd
[2025-05-02T16:46:48.007Z] [INFO] Loaded event: messageReactionRemove
[2025-05-02T16:46:48.007Z] [INFO] Loaded event: ready
[2025-05-02T16:46:48.008Z] [INFO] Loaded command: 8ball from fun
[2025-05-02T16:46:48.008Z] [INFO] Loaded command: coinflip from fun
[2025-05-02T16:46:48.009Z] [INFO] Loaded command: dadjoke from fun
[2025-05-02T16:46:48.009Z] [INFO] Loaded command: dice from fun
[2025-05-02T16:46:48.010Z] [INFO] Loaded command: fortune from fun
[2025-05-02T16:46:48.011Z] [INFO] Loaded command: hangman from fun
[2025-05-02T16:46:48.012Z] [INFO] Loaded command: joke from fun
[2025-05-02T16:46:48.013Z] [INFO] Loaded command: poll from fun
[2025-05-02T16:46:48.014Z] [INFO] Loaded command: rps from fun
[2025-05-02T16:46:48.015Z] [INFO] Loaded command: rpsls from fun
[2025-05-02T16:46:48.015Z] [INFO] Loaded command: scramble from fun
[2025-05-02T16:46:48.016Z] [INFO] Loaded command: tictactoe from fun
[2025-05-02T16:46:48.017Z] [INFO] Loaded command: trivia from fun
[2025-05-02T16:46:48.018Z] [INFO] Loaded command: urban from fun
[2025-05-02T16:46:48.019Z] [INFO] Loaded command: wordle from fun
[2025-05-02T16:46:48.019Z] [INFO] Loaded command: gend from giveaway
[2025-05-02T16:46:48.019Z] [INFO] Loaded command: giveaway from giveaway
[2025-05-02T16:46:48.020Z] [INFO] Loaded command: glist from giveaway
[2025-05-02T16:46:48.020Z] [INFO] Loaded command: greroll from giveaway
[2025-05-02T16:46:48.021Z] [INFO] Loaded command: remind from misc
[2025-05-02T16:46:48.022Z] [INFO] Loaded command: antiping from moderation
[2025-05-02T16:46:48.024Z] [INFO] Loaded command: automod from moderation
[2025-05-02T16:46:48.024Z] [INFO] Loaded command: ban from moderation
[2025-05-02T16:46:48.025Z] [INFO] Loaded command: kick from moderation
[2025-05-02T16:46:48.026Z] [INFO] Loaded command: modlogs from moderation
[2025-05-02T16:46:48.027Z] [INFO] Loaded command: purge from moderation
[2025-05-02T16:46:48.027Z] [INFO] Loaded command: timeout from moderation
[2025-05-02T16:46:48.028Z] [INFO] Loaded command: unmute from moderation
[2025-05-02T16:46:48.029Z] [INFO] Loaded command: unsticky from sticky
[2025-05-02T16:46:48.029Z] [INFO] Loaded command: sticky from sticky
[2025-05-02T16:46:48.029Z] [INFO] Loaded command: afk from utility
[2025-05-02T16:46:48.029Z] [INFO] Loaded command: autoreply from utility
[2025-05-02T16:46:48.029Z] [INFO] Loaded command: avatar from utility
[2025-05-02T16:46:48.030Z] [INFO] Loaded command: banner from utility
[2025-05-02T16:46:48.030Z] [INFO] Loaded command: boosters from utility
[2025-05-02T16:46:48.030Z] [INFO] Loaded command: boostinfo from utility
[2025-05-02T16:46:48.031Z] [INFO] Loaded command: calculator from utility
[2025-05-02T16:46:48.031Z] [INFO] Loaded command: channelinfo from utility
[2025-05-02T16:46:48.032Z] [INFO] Loaded command: color from utility
[2025-05-02T16:46:48.033Z] [INFO] Loaded command: communitymood from utility
[2025-05-02T16:46:48.034Z] [INFO] Loaded command: countdown from utility
[2025-05-02T16:46:48.036Z] [INFO] Loaded command: embed from utility
[2025-05-02T16:46:48.037Z] [INFO] Loaded command: emojis from utility
[2025-05-02T16:46:48.037Z] [INFO] Loaded command: emoteinfo from utility
[2025-05-02T16:46:48.038Z] [INFO] Loaded command: findemoji from utility
[2025-05-02T16:46:48.039Z] [INFO] Loaded command: format from utility
[2025-05-02T16:46:48.040Z] [INFO] Loaded command: help from utility
[2025-05-02T16:46:48.040Z] [INFO] Loaded command: inviteinfo from utility
[2025-05-02T16:46:48.041Z] [INFO] Loaded command: membercount from utility
[2025-05-02T16:46:48.041Z] [INFO] Loaded command: mentions from utility
[2025-05-02T16:46:48.042Z] [INFO] Loaded command: messages from utility
[2025-05-02T16:46:48.043Z] [INFO] Loaded command: permissions from utility
[2025-05-02T16:46:48.043Z] [INFO] Loaded command: ping from utility
[2025-05-02T16:46:48.044Z] [INFO] Loaded command: quote from utility
[2025-05-02T16:46:48.045Z] [INFO] Loaded command: random from utility
[2025-05-02T16:46:48.045Z] [INFO] Loaded command: roleinfo from utility
[2025-05-02T16:46:48.045Z] [INFO] Loaded command: serverbanner from utility
[2025-05-02T16:46:48.046Z] [INFO] Loaded command: serverinfo from utility
[2025-05-02T16:46:48.046Z] [INFO] Loaded command: snipe from utility
[2025-05-02T16:46:48.046Z] [INFO] Loaded command: staff from utility
[2025-05-02T16:46:48.047Z] [INFO] Loaded command: stats from utility
[2025-05-02T16:46:48.048Z] [INFO] Loaded command: status from utility
[2025-05-02T16:46:48.048Z] [INFO] Loaded command: timestamp from utility
[2025-05-02T16:46:48.050Z] [INFO] Loaded command: tts from utility
[2025-05-02T16:46:48.050Z] [INFO] Loaded command: userinfo from utility
[2025-05-02T16:46:48.051Z] [INFO] Loaded command: vouch from utility
[2025-05-02T16:46:48.051Z] [INFO] Loaded command: weather from utility
[2025-05-02T16:46:48.051Z] [INFO] Attempting to log in to Discord...
[2025-05-02T16:46:48.805Z] [INFO] Bot logged in successfully
[2025-05-02T16:46:48.808Z] [INFO] Started refreshing 67 application (/) commands.
[2025-05-02T16:46:48.899Z] [INFO] Logged in as .gg/snowhill#8571
[2025-05-02T16:46:48.899Z] [INFO] Bot is serving 1 guilds
[2025-05-02T16:46:48.900Z] [INFO] Connected to guild: SnowHill 1 Inv =  1 Moby (1321561162717855834) with 8172 members
[2025-05-02T16:46:49.161Z] [INFO] Successfully reloaded 67 guild (/) commands.
[2025-05-02T16:46:49.161Z] [INFO] Loaded 0 active giveaways
[2025-05-02T16:46:49.161Z] [INFO] Community mood tracking system initialized
[2025-05-02T16:46:49.161Z] [INFO] Setting up sticky message handler
[2025-05-02T16:47:28.088Z] [INFO] Saved mentions data to file
[2025-05-02T16:47:47.831Z] [INFO] Saved mentions data to file
[2025-05-02T16:47:49.410Z] [INFO] Saved mentions data to file
[2025-05-02T16:48:00.599Z] [INFO] Saved mentions data to file
[2025-05-02T16:48:17.921Z] [INFO] Saved mentions data to file
[2025-05-02T16:48:30.081Z] [INFO] Saved mentions data to file
[2025-05-02T16:48:47.647Z] [INFO] Saved mentions data to file
[2025-05-02T16:49:00.315Z] [INFO] Saved mentions data to file
[2025-05-02T16:49:07.084Z] [INFO] Saved mentions data to file
[2025-05-02T16:49:14.748Z] [INFO] Saved mentions data to file
[2025-05-02T16:49:43.049Z] [INFO] Saved mentions data to file
[2025-05-02T16:49:47.269Z] [INFO] Saved mentions data to file
[2025-05-02T16:49:59.402Z] [INFO] Saved mentions data to file
[2025-05-02T16:50:03.768Z] [INFO] Saved mentions data to file
[2025-05-02T16:50:13.055Z] [INFO] Saved mentions data to file
[2025-05-02T16:50:17.513Z] [INFO] Saved mentions data to file
[2025-05-02T16:50:17.749Z] [INFO] Saved mentions data to file
[2025-05-02T16:50:23.208Z] [INFO] Saved mentions data to file
[2025-05-02T16:50:32.740Z] [INFO] Saved mentions data to file
[2025-05-02T16:51:04.062Z] [INFO] Saved mentions data to file
[2025-05-02T16:51:06.070Z] [INFO] Saved mentions data to file
[2025-05-02T16:51:10.324Z] [INFO] Saved mentions data to file
[2025-05-02T16:51:11.319Z] [INFO] Saved mentions data to file
[2025-05-02T16:51:16.817Z] [INFO] Saved mentions data to file
[2025-05-02T16:51:26.297Z] [INFO] Saved mentions data to file
[2025-05-02T16:51:30.523Z] [INFO] Saved mentions data to file
[2025-05-02T16:51:34.248Z] [INFO] Saved mentions data to file
[2025-05-02T16:51:47.633Z] [INFO] Saved mentions data to file
[2025-05-02T16:52:01.821Z] [INFO] Saved mentions data to file
[2025-05-02T16:52:15.406Z] [INFO] Saved mentions data to file
[2025-05-02T16:52:16.561Z] [INFO] Saved mentions data to file
[2025-05-02T16:52:28.940Z] [INFO] Saved mentions data to file
[2025-05-02T16:52:30.274Z] [INFO] Saved mentions data to file
[2025-05-02T16:52:39.546Z] [INFO] Saved mentions data to file
[2025-05-02T16:52:56.013Z] [INFO] Saved mentions data to file
[2025-05-02T16:53:16.409Z] [INFO] Saved mentions data to file
[2025-05-02T16:53:30.192Z] [INFO] Saved mentions data to file
[2025-05-02T16:54:14.423Z] [INFO] Requesting intents: Guilds, GuildMessages, GuildMembers, MessageContent, GuildMessageReactions
[2025-05-02T16:54:14.426Z] [INFO] Loaded event: guildMemberAdd
[2025-05-02T16:54:14.428Z] [INFO] Loaded event: interactionCreate
[2025-05-02T16:54:14.436Z] [INFO] Loaded mentions data from file
[2025-05-02T16:54:14.437Z] [INFO] Loaded event: messageDelete
[2025-05-02T16:54:14.438Z] [INFO] Loaded event: messageReactionAdd
[2025-05-02T16:54:14.437Z] [INFO] Loaded event: messageCreate
[2025-05-02T16:54:14.438Z] [INFO] Loaded event: messageReactionRemove
[2025-05-02T16:54:14.438Z] [INFO] Loaded event: ready
[2025-05-02T16:54:14.439Z] [INFO] Loaded command: 8ball from fun
[2025-05-02T16:54:14.440Z] [INFO] Loaded command: coinflip from fun
[2025-05-02T16:54:14.440Z] [INFO] Loaded command: dadjoke from fun
[2025-05-02T16:54:14.441Z] [INFO] Loaded command: dice from fun
[2025-05-02T16:54:14.442Z] [INFO] Loaded command: fortune from fun
[2025-05-02T16:54:14.443Z] [INFO] Loaded command: hangman from fun
[2025-05-02T16:54:14.444Z] [INFO] Loaded command: joke from fun
[2025-05-02T16:54:14.445Z] [INFO] Loaded command: poll from fun
[2025-05-02T16:54:14.446Z] [INFO] Loaded command: quotegen from fun
[2025-05-02T16:54:14.447Z] [INFO] Loaded command: rps from fun
[2025-05-02T16:54:14.448Z] [INFO] Loaded command: rpsls from fun
[2025-05-02T16:54:14.448Z] [INFO] Loaded command: scramble from fun
[2025-05-02T16:54:14.449Z] [INFO] Loaded command: tictactoe from fun
[2025-05-02T16:54:14.450Z] [INFO] Loaded command: trivia from fun
[2025-05-02T16:54:14.451Z] [INFO] Loaded command: urban from fun
[2025-05-02T16:54:14.452Z] [INFO] Loaded command: wordle from fun
[2025-05-02T16:54:14.452Z] [INFO] Loaded command: giveaway from giveaway
[2025-05-02T16:54:14.453Z] [INFO] Loaded command: gend from giveaway
[2025-05-02T16:54:14.456Z] [INFO] Loaded command: glist from giveaway
[2025-05-02T16:54:14.457Z] [INFO] Loaded command: greroll from giveaway
[2025-05-02T16:54:14.457Z] [INFO] Loaded command: remind from misc
[2025-05-02T16:54:14.458Z] [INFO] Loaded command: reminderlist from misc
[2025-05-02T16:54:14.460Z] [INFO] Loaded command: antiping from moderation
[2025-05-02T16:54:14.462Z] [INFO] Loaded command: automod from moderation
[2025-05-02T16:54:14.463Z] [INFO] Loaded command: ban from moderation
[2025-05-02T16:54:14.463Z] [INFO] Loaded command: kick from moderation
[2025-05-02T16:54:14.465Z] [INFO] Loaded command: modlogs from moderation
[2025-05-02T16:54:14.466Z] [INFO] Loaded command: purge from moderation
[2025-05-02T16:54:14.467Z] [INFO] Loaded command: timeout from moderation
[2025-05-02T16:54:14.468Z] [INFO] Loaded command: unmute from moderation
[2025-05-02T16:54:14.468Z] [INFO] Loaded command: unsticky from sticky
[2025-05-02T16:54:14.468Z] [INFO] Loaded command: sticky from sticky
[2025-05-02T16:54:14.469Z] [INFO] Loaded command: afk from utility
[2025-05-02T16:54:14.469Z] [INFO] Loaded command: autoreply from utility
[2025-05-02T16:54:14.469Z] [INFO] Loaded command: avatar from utility
[2025-05-02T16:54:14.470Z] [INFO] Loaded command: banner from utility
[2025-05-02T16:54:14.470Z] [INFO] Loaded command: boosters from utility
[2025-05-02T16:54:14.471Z] [INFO] Loaded command: boostinfo from utility
[2025-05-02T16:54:14.471Z] [INFO] Loaded command: calculator from utility
[2025-05-02T16:54:14.472Z] [INFO] Loaded command: channelinfo from utility
[2025-05-02T16:54:14.473Z] [INFO] Loaded command: color from utility
[2025-05-02T16:54:14.474Z] [INFO] Loaded command: communitymood from utility
[2025-05-02T16:54:14.475Z] [INFO] Loaded command: countdown from utility
[2025-05-02T16:54:14.477Z] [INFO] Loaded command: embed from utility
[2025-05-02T16:54:14.477Z] [INFO] Loaded command: emojis from utility
[2025-05-02T16:54:14.478Z] [INFO] Loaded command: emoteinfo from utility
[2025-05-02T16:54:14.479Z] [INFO] Loaded command: findemoji from utility
[2025-05-02T16:54:14.481Z] [INFO] Loaded command: format from utility
[2025-05-02T16:54:14.482Z] [INFO] Loaded command: greeting from utility
[2025-05-02T16:54:14.483Z] [INFO] Loaded command: help from utility
[2025-05-02T16:54:14.484Z] [INFO] Loaded command: inviteinfo from utility
[2025-05-02T16:54:14.484Z] [INFO] Loaded command: membercount from utility
[2025-05-02T16:54:14.484Z] [INFO] Loaded command: mentions from utility
[2025-05-02T16:54:14.487Z] [INFO] Loaded command: ping from utility
[2025-05-02T16:54:14.487Z] [INFO] Loaded command: quote from utility
[2025-05-02T16:54:14.488Z] [INFO] Loaded command: random from utility
[2025-05-02T16:54:14.489Z] [INFO] Loaded command: roleinfo from utility
[2025-05-02T16:54:14.489Z] [INFO] Loaded command: serverbanner from utility
[2025-05-02T16:54:14.489Z] [INFO] Loaded command: serverinfo from utility
[2025-05-02T16:54:14.490Z] [INFO] Loaded command: snipe from utility
[2025-05-02T16:54:14.490Z] [INFO] Loaded command: staff from utility
[2025-05-02T16:54:14.491Z] [INFO] Loaded command: stats from utility
[2025-05-02T16:54:14.491Z] [INFO] Loaded command: status from utility
[2025-05-02T16:54:14.492Z] [INFO] Loaded command: timestamp from utility
[2025-05-02T16:54:14.494Z] [INFO] Loaded command: tts from utility
[2025-05-02T16:54:14.495Z] [INFO] Loaded command: userinfo from utility
[2025-05-02T16:54:14.495Z] [INFO] Loaded command: vouch from utility
[2025-05-02T16:54:14.496Z] [INFO] Loaded command: weather from utility
[2025-05-02T16:54:14.496Z] [INFO] Attempting to log in to Discord...
[2025-05-02T16:54:14.485Z] [INFO] Loaded command: messages from utility
[2025-05-02T16:54:14.486Z] [INFO] Loaded command: permissions from utility
[2025-05-02T16:54:15.102Z] [INFO] Bot logged in successfully
[2025-05-02T16:54:15.105Z] [INFO] Started refreshing 70 application (/) commands.
[2025-05-02T16:54:15.193Z] [INFO] Logged in as .gg/snowhill#8571
[2025-05-02T16:54:15.193Z] [INFO] Bot is serving 1 guilds
[2025-05-02T16:54:15.193Z] [INFO] Connected to guild: SnowHill 1 Inv =  1 Moby (1321561162717855834) with 8175 members
[2025-05-02T16:54:15.520Z] [INFO] Successfully reloaded 70 guild (/) commands.
[2025-05-02T16:54:15.521Z] [INFO] Setting up sticky message handler
[2025-05-02T16:54:15.521Z] [INFO] Loaded 0 active giveaways
[2025-05-02T16:54:15.521Z] [INFO] Community mood tracking system initialized
[2025-05-02T16:54:29.263Z] [INFO] Requesting intents: Guilds, GuildMessages, GuildMembers, MessageContent, GuildMessageReactions
[2025-05-02T16:54:29.265Z] [INFO] Loaded event: guildMemberAdd
[2025-05-02T16:54:29.267Z] [INFO] Loaded event: interactionCreate
[2025-05-02T16:54:29.273Z] [INFO] Loaded mentions data from file
[2025-05-02T16:54:29.273Z] [INFO] Loaded event: messageCreate
[2025-05-02T16:54:29.273Z] [INFO] Loaded event: messageDelete
[2025-05-02T16:54:29.274Z] [INFO] Loaded event: messageReactionAdd
[2025-05-02T16:54:29.274Z] [INFO] Loaded event: messageReactionRemove
[2025-05-02T16:54:29.274Z] [INFO] Loaded event: ready
[2025-05-02T16:54:29.275Z] [INFO] Loaded command: 8ball from fun
[2025-05-02T16:54:29.275Z] [INFO] Loaded command: coinflip from fun
[2025-05-02T16:54:29.276Z] [INFO] Loaded command: dice from fun
[2025-05-02T16:54:29.276Z] [INFO] Loaded command: dadjoke from fun
[2025-05-02T16:54:29.277Z] [INFO] Loaded command: fortune from fun
[2025-05-02T16:54:29.278Z] [INFO] Loaded command: hangman from fun
[2025-05-02T16:54:29.279Z] [INFO] Loaded command: joke from fun
[2025-05-02T16:54:29.279Z] [INFO] Loaded command: poll from fun
[2025-05-02T16:54:29.280Z] [INFO] Loaded command: quotegen from fun
[2025-05-02T16:54:29.281Z] [INFO] Loaded command: rps from fun
[2025-05-02T16:54:29.282Z] [INFO] Loaded command: rpsls from fun
[2025-05-02T16:54:29.282Z] [INFO] Loaded command: scramble from fun
[2025-05-02T16:54:29.283Z] [INFO] Loaded command: tictactoe from fun
[2025-05-02T16:54:29.283Z] [INFO] Loaded command: trivia from fun
[2025-05-02T16:54:29.284Z] [INFO] Loaded command: urban from fun
[2025-05-02T16:54:29.285Z] [INFO] Loaded command: wordle from fun
[2025-05-02T16:54:29.285Z] [INFO] Loaded command: giveaway from giveaway
[2025-05-02T16:54:29.286Z] [INFO] Loaded command: gend from giveaway
[2025-05-02T16:54:29.286Z] [INFO] Loaded command: glist from giveaway
[2025-05-02T16:54:29.287Z] [INFO] Loaded command: greroll from giveaway
[2025-05-02T16:54:29.287Z] [INFO] Loaded command: remind from misc
[2025-05-02T16:54:29.288Z] [INFO] Loaded command: reminderlist from misc
[2025-05-02T16:54:29.289Z] [INFO] Loaded command: antiping from moderation
[2025-05-02T16:54:29.292Z] [INFO] Loaded command: automod from moderation
[2025-05-02T16:54:29.292Z] [INFO] Loaded command: ban from moderation
[2025-05-02T16:54:29.293Z] [INFO] Loaded command: kick from moderation
[2025-05-02T16:54:29.295Z] [INFO] Loaded command: modlogs from moderation
[2025-05-02T16:54:29.295Z] [INFO] Loaded command: purge from moderation
[2025-05-02T16:54:29.296Z] [INFO] Loaded command: timeout from moderation
[2025-05-02T16:54:29.297Z] [INFO] Loaded command: unmute from moderation
[2025-05-02T16:54:29.298Z] [INFO] Loaded command: unsticky from sticky
[2025-05-02T16:54:29.298Z] [INFO] Loaded command: sticky from sticky
[2025-05-02T16:54:29.298Z] [INFO] Loaded command: afk from utility
[2025-05-02T16:54:29.298Z] [INFO] Loaded command: autoreply from utility
[2025-05-02T16:54:29.299Z] [INFO] Loaded command: banner from utility
[2025-05-02T16:54:29.299Z] [INFO] Loaded command: avatar from utility
[2025-05-02T16:54:29.300Z] [INFO] Loaded command: boosters from utility
[2025-05-02T16:54:29.300Z] [INFO] Loaded command: boostinfo from utility
[2025-05-02T16:54:29.301Z] [INFO] Loaded command: calculator from utility
[2025-05-02T16:54:29.301Z] [INFO] Loaded command: channelinfo from utility
[2025-05-02T16:54:29.303Z] [INFO] Loaded command: color from utility
[2025-05-02T16:54:29.303Z] [INFO] Loaded command: communitymood from utility
[2025-05-02T16:54:29.305Z] [INFO] Loaded command: countdown from utility
[2025-05-02T16:54:29.306Z] [INFO] Loaded command: embed from utility
[2025-05-02T16:54:29.307Z] [INFO] Loaded command: emojis from utility
[2025-05-02T16:54:29.307Z] [INFO] Loaded command: emoteinfo from utility
[2025-05-02T16:54:29.308Z] [INFO] Loaded command: findemoji from utility
[2025-05-02T16:54:29.309Z] [INFO] Loaded command: format from utility
[2025-05-02T16:54:29.311Z] [INFO] Loaded command: greeting from utility
[2025-05-02T16:54:29.312Z] [INFO] Loaded command: help from utility
[2025-05-02T16:54:29.312Z] [INFO] Loaded command: inviteinfo from utility
[2025-05-02T16:54:29.313Z] [INFO] Loaded command: membercount from utility
[2025-05-02T16:54:29.313Z] [INFO] Loaded command: mentions from utility
[2025-05-02T16:54:29.313Z] [INFO] Loaded command: messages from utility
[2025-05-02T16:54:29.315Z] [INFO] Loaded command: permissions from utility
[2025-05-02T16:54:29.315Z] [INFO] Loaded command: ping from utility
[2025-05-02T16:54:29.316Z] [INFO] Loaded command: quote from utility
[2025-05-02T16:54:29.317Z] [INFO] Loaded command: random from utility
[2025-05-02T16:54:29.318Z] [INFO] Loaded command: roleinfo from utility
[2025-05-02T16:54:29.318Z] [INFO] Loaded command: serverbanner from utility
[2025-05-02T16:54:29.319Z] [INFO] Loaded command: serverinfo from utility
[2025-05-02T16:54:29.319Z] [INFO] Loaded command: snipe from utility
[2025-05-02T16:54:29.319Z] [INFO] Loaded command: staff from utility
[2025-05-02T16:54:29.320Z] [INFO] Loaded command: stats from utility
[2025-05-02T16:54:29.321Z] [INFO] Loaded command: status from utility
[2025-05-02T16:54:29.322Z] [INFO] Loaded command: timestamp from utility
[2025-05-02T16:54:29.323Z] [INFO] Loaded command: tts from utility
[2025-05-02T16:54:29.324Z] [INFO] Loaded command: userinfo from utility
[2025-05-02T16:54:29.324Z] [INFO] Loaded command: vouch from utility
[2025-05-02T16:54:29.325Z] [INFO] Loaded command: weather from utility
[2025-05-02T16:54:29.325Z] [INFO] Attempting to log in to Discord...
[2025-05-02T16:54:29.841Z] [INFO] Bot logged in successfully
[2025-05-02T16:54:29.843Z] [INFO] Started refreshing 70 application (/) commands.
[2025-05-02T16:54:30.044Z] [INFO] Logged in as .gg/snowhill#8571
[2025-05-02T16:54:30.045Z] [INFO] Bot is serving 1 guilds
[2025-05-02T16:54:30.045Z] [INFO] Connected to guild: SnowHill 1 Inv =  1 Moby (1321561162717855834) with 8175 members
[2025-05-02T16:54:30.174Z] [INFO] Successfully reloaded 70 guild (/) commands.
[2025-05-02T16:54:30.174Z] [INFO] Loaded 0 active giveaways
[2025-05-02T16:54:30.174Z] [INFO] Setting up sticky message handler
[2025-05-02T16:54:30.174Z] [INFO] Community mood tracking system initialized
[2025-05-02T16:55:05.724Z] [INFO] Saved mentions data to file
[2025-05-02T16:55:12.453Z] [INFO] Saved mentions data to file
[2025-05-02T16:55:57.563Z] [INFO] User sselyan (839580152774000721) used command /communitymood stats
[2025-05-02T16:55:58.148Z] [INFO] User sselyan viewed the community mood widget
[2025-05-02T16:56:19.838Z] [INFO] Saved mentions data to file
[2025-05-02T16:56:49.981Z] [INFO] Saved mentions data to file
[2025-05-02T16:57:02.479Z] [INFO] User sselyan (839580152774000721) used command /messages
[2025-05-02T16:57:03.425Z] [INFO] User sselyan counted messages for sselyan
[2025-05-02T16:57:19.274Z] [INFO] Saved mentions data to file
[2025-05-02T16:57:47.592Z] [INFO] User sselyan (839580152774000721) used command /snipe
[2025-05-02T16:57:47.852Z] [ERROR] Error executing snipe command: deletedMessage.author.avatarURL is not a function
[2025-05-02T16:58:56.144Z] [INFO] Saved mentions data to file
[2025-05-02T16:59:09.233Z] [INFO] Requesting intents: Guilds, GuildMessages, GuildMembers, MessageContent, GuildMessageReactions
[2025-05-02T16:59:09.238Z] [INFO] Loaded event: guildMemberAdd
[2025-05-02T16:59:09.240Z] [INFO] Loaded event: interactionCreate
[2025-05-02T16:59:09.247Z] [INFO] Loaded mentions data from file
[2025-05-02T16:59:09.247Z] [INFO] Loaded event: messageCreate
[2025-05-02T16:59:09.248Z] [INFO] Loaded event: messageDelete
[2025-05-02T16:59:09.248Z] [INFO] Loaded event: messageReactionAdd
[2025-05-02T16:59:09.249Z] [INFO] Loaded event: messageReactionRemove
[2025-05-02T16:59:09.249Z] [INFO] Loaded event: ready
[2025-05-02T16:59:09.250Z] [INFO] Loaded command: 8ball from fun
[2025-05-02T16:59:09.251Z] [INFO] Loaded command: coinflip from fun
[2025-05-02T16:59:09.252Z] [INFO] Loaded command: dadjoke from fun
[2025-05-02T16:59:09.252Z] [INFO] Loaded command: dice from fun
[2025-05-02T16:59:09.253Z] [INFO] Loaded command: fortune from fun
[2025-05-02T16:59:09.256Z] [INFO] Loaded command: hangman from fun
[2025-05-02T16:59:09.257Z] [INFO] Loaded command: joke from fun
[2025-05-02T16:59:09.260Z] [INFO] Loaded command: poll from fun
[2025-05-02T16:59:09.261Z] [INFO] Loaded command: quotegen from fun
[2025-05-02T16:59:09.263Z] [INFO] Loaded command: rps from fun
[2025-05-02T16:59:09.269Z] [INFO] Loaded command: rpsls from fun
[2025-05-02T16:59:09.270Z] [INFO] Loaded command: scramble from fun
[2025-05-02T16:59:09.275Z] [INFO] Loaded command: tictactoe from fun
[2025-05-02T16:59:09.277Z] [INFO] Loaded command: trivia from fun
[2025-05-02T16:59:09.279Z] [INFO] Loaded command: urban from fun
[2025-05-02T16:59:09.280Z] [INFO] Loaded command: wordle from fun
[2025-05-02T16:59:09.280Z] [INFO] Loaded command: giveaway from giveaway
[2025-05-02T16:59:09.281Z] [INFO] Loaded command: gend from giveaway
[2025-05-02T16:59:09.282Z] [INFO] Loaded command: glist from giveaway
[2025-05-02T16:59:09.285Z] [INFO] Loaded command: greroll from giveaway
[2025-05-02T16:59:09.285Z] [INFO] Loaded command: remind from misc
[2025-05-02T16:59:09.286Z] [INFO] Loaded command: reminderlist from misc
[2025-05-02T16:59:09.288Z] [INFO] Loaded command: antiping from moderation
[2025-05-02T16:59:09.291Z] [INFO] Loaded command: automod from moderation
[2025-05-02T16:59:09.292Z] [INFO] Loaded command: ban from moderation
[2025-05-02T16:59:09.293Z] [INFO] Loaded command: kick from moderation
[2025-05-02T16:59:09.297Z] [INFO] Loaded command: modlogs from moderation
[2025-05-02T16:59:09.298Z] [INFO] Loaded command: purge from moderation
[2025-05-02T16:59:09.299Z] [INFO] Loaded command: timeout from moderation
[2025-05-02T16:59:09.304Z] [INFO] Loaded command: unmute from moderation
[2025-05-02T16:59:09.305Z] [INFO] Loaded command: unsticky from sticky
[2025-05-02T16:59:09.305Z] [INFO] Loaded command: sticky from sticky
[2025-05-02T16:59:09.306Z] [INFO] Loaded command: afk from utility
[2025-05-02T16:59:09.307Z] [INFO] Loaded command: autoreply from utility
[2025-05-02T16:59:09.308Z] [INFO] Loaded command: avatar from utility
[2025-05-02T16:59:09.308Z] [INFO] Loaded command: banner from utility
[2025-05-02T16:59:09.309Z] [INFO] Loaded command: boosters from utility
[2025-05-02T16:59:09.310Z] [INFO] Loaded command: boostinfo from utility
[2025-05-02T16:59:09.311Z] [INFO] Loaded command: calculator from utility
[2025-05-02T16:59:09.312Z] [INFO] Loaded command: channelinfo from utility
[2025-05-02T16:59:09.313Z] [INFO] Loaded command: color from utility
[2025-05-02T16:59:09.315Z] [INFO] Loaded command: communitymood from utility
[2025-05-02T16:59:09.316Z] [INFO] Loaded command: countdown from utility
[2025-05-02T16:59:09.320Z] [INFO] Loaded command: embed from utility
[2025-05-02T16:59:09.322Z] [INFO] Loaded command: emojis from utility
[2025-05-02T16:59:09.323Z] [INFO] Loaded command: emoteinfo from utility
[2025-05-02T16:59:09.325Z] [INFO] Loaded command: findemoji from utility
[2025-05-02T16:59:09.327Z] [INFO] Loaded command: format from utility
[2025-05-02T16:59:09.330Z] [INFO] Loaded command: greeting from utility
[2025-05-02T16:59:09.331Z] [INFO] Loaded command: help from utility
[2025-05-02T16:59:09.332Z] [INFO] Loaded command: inviteinfo from utility
[2025-05-02T16:59:09.332Z] [INFO] Loaded command: membercount from utility
[2025-05-02T16:59:09.332Z] [INFO] Loaded command: mentions from utility
[2025-05-02T16:59:09.333Z] [INFO] Loaded command: messages from utility
[2025-05-02T16:59:09.335Z] [INFO] Loaded command: permissions from utility
[2025-05-02T16:59:09.336Z] [INFO] Loaded command: ping from utility
[2025-05-02T16:59:09.336Z] [INFO] Loaded command: quote from utility
[2025-05-02T16:59:09.337Z] [INFO] Loaded command: random from utility
[2025-05-02T16:59:09.338Z] [INFO] Loaded command: roleinfo from utility
[2025-05-02T16:59:09.338Z] [INFO] Loaded command: serverbanner from utility
[2025-05-02T16:59:09.339Z] [INFO] Loaded command: serverinfo from utility
[2025-05-02T16:59:09.339Z] [INFO] Loaded command: snipe from utility
[2025-05-02T16:59:09.339Z] [INFO] Loaded command: staff from utility
[2025-05-02T16:59:09.340Z] [INFO] Loaded command: stats from utility
[2025-05-02T16:59:09.341Z] [INFO] Loaded command: status from utility
[2025-05-02T16:59:09.345Z] [INFO] Loaded command: timestamp from utility
[2025-05-02T16:59:09.347Z] [INFO] Loaded command: tts from utility
[2025-05-02T16:59:09.348Z] [INFO] Loaded command: userinfo from utility
[2025-05-02T16:59:09.348Z] [INFO] Loaded command: vouch from utility
[2025-05-02T16:59:09.349Z] [INFO] Loaded command: weather from utility
[2025-05-02T16:59:09.349Z] [INFO] Attempting to log in to Discord...
[2025-05-02T16:59:09.994Z] [INFO] Bot logged in successfully
[2025-05-02T16:59:09.997Z] [INFO] Started refreshing 70 application (/) commands.
[2025-05-02T16:59:10.174Z] [INFO] Bot is serving 1 guilds
[2025-05-02T16:59:10.174Z] [INFO] Logged in as .gg/snowhill#8571
[2025-05-02T16:59:10.175Z] [INFO] Connected to guild: SnowHill 1 Inv =  1 Moby (1321561162717855834) with 8175 members
[2025-05-02T16:59:10.357Z] [INFO] Successfully reloaded 70 guild (/) commands.
[2025-05-02T16:59:10.358Z] [INFO] Setting up sticky message handler
[2025-05-02T16:59:10.358Z] [INFO] Loaded 0 active giveaways
[2025-05-02T16:59:10.360Z] [INFO] Community mood tracking system initialized
[2025-05-02T16:59:23.986Z] [INFO] Requesting intents: Guilds, GuildMessages, GuildMembers, MessageContent, GuildMessageReactions
[2025-05-02T16:59:23.991Z] [INFO] Loaded event: interactionCreate
[2025-05-02T16:59:23.989Z] [INFO] Loaded event: guildMemberAdd
[2025-05-02T16:59:23.996Z] [INFO] Loaded mentions data from file
[2025-05-02T16:59:23.997Z] [INFO] Loaded event: messageCreate
[2025-05-02T16:59:23.997Z] [INFO] Loaded event: messageDelete
[2025-05-02T16:59:23.997Z] [INFO] Loaded event: messageReactionAdd
[2025-05-02T16:59:23.998Z] [INFO] Loaded event: messageReactionRemove
[2025-05-02T16:59:23.998Z] [INFO] Loaded event: ready
[2025-05-02T16:59:23.999Z] [INFO] Loaded command: 8ball from fun
[2025-05-02T16:59:23.999Z] [INFO] Loaded command: coinflip from fun
[2025-05-02T16:59:24.000Z] [INFO] Loaded command: dadjoke from fun
[2025-05-02T16:59:24.000Z] [INFO] Loaded command: dice from fun
[2025-05-02T16:59:24.001Z] [INFO] Loaded command: fortune from fun
[2025-05-02T16:59:24.002Z] [INFO] Loaded command: hangman from fun
[2025-05-02T16:59:24.002Z] [INFO] Loaded command: joke from fun
[2025-05-02T16:59:24.003Z] [INFO] Loaded command: poll from fun
[2025-05-02T16:59:24.004Z] [INFO] Loaded command: quotegen from fun
[2025-05-02T16:59:24.005Z] [INFO] Loaded command: rps from fun
[2025-05-02T16:59:24.006Z] [INFO] Loaded command: rpsls from fun
[2025-05-02T16:59:24.006Z] [INFO] Loaded command: scramble from fun
[2025-05-02T16:59:24.010Z] [INFO] Loaded command: tictactoe from fun
[2025-05-02T16:59:24.011Z] [INFO] Loaded command: trivia from fun
[2025-05-02T16:59:24.011Z] [INFO] Loaded command: urban from fun
[2025-05-02T16:59:24.012Z] [INFO] Loaded command: wordle from fun
[2025-05-02T16:59:24.012Z] [INFO] Loaded command: giveaway from giveaway
[2025-05-02T16:59:24.013Z] [INFO] Loaded command: gend from giveaway
[2025-05-02T16:59:24.013Z] [INFO] Loaded command: glist from giveaway
[2025-05-02T16:59:24.014Z] [INFO] Loaded command: greroll from giveaway
[2025-05-02T16:59:24.014Z] [INFO] Loaded command: remind from misc
[2025-05-02T16:59:24.016Z] [INFO] Loaded command: antiping from moderation
[2025-05-02T16:59:24.018Z] [INFO] Loaded command: automod from moderation
[2025-05-02T16:59:24.018Z] [INFO] Loaded command: ban from moderation
[2025-05-02T16:59:24.019Z] [INFO] Loaded command: kick from moderation
[2025-05-02T16:59:24.020Z] [INFO] Loaded command: modlogs from moderation
[2025-05-02T16:59:24.021Z] [INFO] Loaded command: purge from moderation
[2025-05-02T16:59:24.021Z] [INFO] Loaded command: timeout from moderation
[2025-05-02T16:59:24.022Z] [INFO] Loaded command: unmute from moderation
[2025-05-02T16:59:24.022Z] [INFO] Loaded command: unsticky from sticky
[2025-05-02T16:59:24.022Z] [INFO] Loaded command: sticky from sticky
[2025-05-02T16:59:24.022Z] [INFO] Loaded command: afk from utility
[2025-05-02T16:59:24.023Z] [INFO] Loaded command: autoreply from utility
[2025-05-02T16:59:24.023Z] [INFO] Loaded command: avatar from utility
[2025-05-02T16:59:24.023Z] [INFO] Loaded command: banner from utility
[2025-05-02T16:59:24.024Z] [INFO] Loaded command: boosters from utility
[2025-05-02T16:59:24.024Z] [INFO] Loaded command: boostinfo from utility
[2025-05-02T16:59:24.025Z] [INFO] Loaded command: calculator from utility
[2025-05-02T16:59:24.025Z] [INFO] Loaded command: channelinfo from utility
[2025-05-02T16:59:24.026Z] [INFO] Loaded command: color from utility
[2025-05-02T16:59:24.027Z] [INFO] Loaded command: communitymood from utility
[2025-05-02T16:59:24.028Z] [INFO] Loaded command: countdown from utility
[2025-05-02T16:59:24.029Z] [INFO] Loaded command: embed from utility
[2025-05-02T16:59:24.015Z] [INFO] Loaded command: reminderlist from misc
[2025-05-02T16:59:24.030Z] [INFO] Loaded command: emojis from utility
[2025-05-02T16:59:24.030Z] [INFO] Loaded command: emoteinfo from utility
[2025-05-02T16:59:24.032Z] [INFO] Loaded command: findemoji from utility
[2025-05-02T16:59:24.033Z] [INFO] Loaded command: format from utility
[2025-05-02T16:59:24.035Z] [INFO] Loaded command: greeting from utility
[2025-05-02T16:59:24.036Z] [INFO] Loaded command: help from utility
[2025-05-02T16:59:24.036Z] [INFO] Loaded command: inviteinfo from utility
[2025-05-02T16:59:24.037Z] [INFO] Loaded command: membercount from utility
[2025-05-02T16:59:24.037Z] [INFO] Loaded command: mentions from utility
[2025-05-02T16:59:24.037Z] [INFO] Loaded command: messages from utility
[2025-05-02T16:59:24.038Z] [INFO] Loaded command: permissions from utility
[2025-05-02T16:59:24.039Z] [INFO] Loaded command: ping from utility
[2025-05-02T16:59:24.039Z] [INFO] Loaded command: quote from utility
[2025-05-02T16:59:24.040Z] [INFO] Loaded command: random from utility
[2025-05-02T16:59:24.041Z] [INFO] Loaded command: roleinfo from utility
[2025-05-02T16:59:24.041Z] [INFO] Loaded command: serverbanner from utility
[2025-05-02T16:59:24.041Z] [INFO] Loaded command: serverinfo from utility
[2025-05-02T16:59:24.041Z] [INFO] Loaded command: snipe from utility
[2025-05-02T16:59:24.042Z] [INFO] Loaded command: staff from utility
[2025-05-02T16:59:24.042Z] [INFO] Loaded command: stats from utility
[2025-05-02T16:59:24.043Z] [INFO] Loaded command: status from utility
[2025-05-02T16:59:24.044Z] [INFO] Loaded command: timestamp from utility
[2025-05-02T16:59:24.045Z] [INFO] Loaded command: tts from utility
[2025-05-02T16:59:24.046Z] [INFO] Loaded command: userinfo from utility
[2025-05-02T16:59:24.046Z] [INFO] Loaded command: vouch from utility
[2025-05-02T16:59:24.046Z] [INFO] Loaded command: weather from utility
[2025-05-02T16:59:24.047Z] [INFO] Attempting to log in to Discord...
[2025-05-02T16:59:24.586Z] [INFO] Bot logged in successfully
[2025-05-02T16:59:24.588Z] [INFO] Started refreshing 70 application (/) commands.
[2025-05-02T16:59:24.667Z] [INFO] Logged in as .gg/snowhill#8571
[2025-05-02T16:59:24.667Z] [INFO] Bot is serving 1 guilds
[2025-05-02T16:59:24.667Z] [INFO] Connected to guild: SnowHill 1 Inv =  1 Moby (1321561162717855834) with 8175 members
[2025-05-02T16:59:26.330Z] [INFO] Successfully reloaded 70 guild (/) commands.
[2025-05-02T16:59:26.330Z] [INFO] Loaded 0 active giveaways
[2025-05-02T16:59:26.330Z] [INFO] Setting up sticky message handler
[2025-05-02T16:59:26.330Z] [INFO] Community mood tracking system initialized
[2025-05-02T17:00:06.607Z] [INFO] Requesting intents: Guilds, GuildMessages, GuildMembers, MessageContent, GuildMessageReactions
[2025-05-02T17:00:06.609Z] [INFO] Loaded event: guildMemberAdd
[2025-05-02T17:00:06.610Z] [INFO] Loaded event: interactionCreate
[2025-05-02T17:00:06.616Z] [INFO] Loaded mentions data from file
[2025-05-02T17:00:06.617Z] [INFO] Loaded event: messageCreate
[2025-05-02T17:00:06.617Z] [INFO] Loaded event: messageDelete
[2025-05-02T17:00:06.617Z] [INFO] Loaded event: messageReactionAdd
[2025-05-02T17:00:06.617Z] [INFO] Loaded event: messageReactionRemove
[2025-05-02T17:00:06.618Z] [INFO] Loaded event: ready
[2025-05-02T17:00:06.619Z] [INFO] Loaded command: 8ball from fun
[2025-05-02T17:00:06.619Z] [INFO] Loaded command: coinflip from fun
[2025-05-02T17:00:06.620Z] [INFO] Loaded command: dadjoke from fun
[2025-05-02T17:00:06.620Z] [INFO] Loaded command: dice from fun
[2025-05-02T17:00:06.622Z] [INFO] Loaded command: hangman from fun
[2025-05-02T17:00:06.621Z] [INFO] Loaded command: fortune from fun
[2025-05-02T17:00:06.623Z] [INFO] Loaded command: joke from fun
[2025-05-02T17:00:06.624Z] [INFO] Loaded command: poll from fun
[2025-05-02T17:00:06.624Z] [INFO] Loaded command: quotegen from fun
[2025-05-02T17:00:06.625Z] [INFO] Loaded command: rps from fun
[2025-05-02T17:00:06.626Z] [INFO] Loaded command: rpsls from fun
[2025-05-02T17:00:06.626Z] [INFO] Loaded command: scramble from fun
[2025-05-02T17:00:06.627Z] [INFO] Loaded command: tictactoe from fun
[2025-05-02T17:00:06.628Z] [INFO] Loaded command: trivia from fun
[2025-05-02T17:00:06.628Z] [INFO] Loaded command: urban from fun
[2025-05-02T17:00:06.629Z] [INFO] Loaded command: wordle from fun
[2025-05-02T17:00:06.629Z] [INFO] Loaded command: giveaway from giveaway
[2025-05-02T17:00:06.630Z] [INFO] Loaded command: gend from giveaway
[2025-05-02T17:00:06.630Z] [INFO] Loaded command: glist from giveaway
[2025-05-02T17:00:06.631Z] [INFO] Loaded command: greroll from giveaway
[2025-05-02T17:00:06.631Z] [INFO] Loaded command: remind from misc
[2025-05-02T17:00:06.631Z] [INFO] Loaded command: reminderlist from misc
[2025-05-02T17:00:06.633Z] [INFO] Loaded command: antiping from moderation
[2025-05-02T17:00:06.634Z] [INFO] Loaded command: automod from moderation
[2025-05-02T17:00:06.635Z] [INFO] Loaded command: ban from moderation
[2025-05-02T17:00:06.635Z] [INFO] Loaded command: kick from moderation
[2025-05-02T17:00:06.637Z] [INFO] Loaded command: modlogs from moderation
[2025-05-02T17:00:06.637Z] [INFO] Loaded command: purge from moderation
[2025-05-02T17:00:06.638Z] [INFO] Loaded command: timeout from moderation
[2025-05-02T17:00:06.639Z] [INFO] Loaded command: unmute from moderation
[2025-05-02T17:00:06.639Z] [INFO] Loaded command: unsticky from sticky
[2025-05-02T17:00:06.639Z] [INFO] Loaded command: sticky from sticky
[2025-05-02T17:00:06.639Z] [INFO] Loaded command: afk from utility
[2025-05-02T17:00:06.640Z] [INFO] Loaded command: autoreply from utility
[2025-05-02T17:00:06.640Z] [INFO] Loaded command: avatar from utility
[2025-05-02T17:00:06.640Z] [INFO] Loaded command: banner from utility
[2025-05-02T17:00:06.641Z] [INFO] Loaded command: boosters from utility
[2025-05-02T17:00:06.641Z] [INFO] Loaded command: boostinfo from utility
[2025-05-02T17:00:06.642Z] [INFO] Loaded command: calculator from utility
[2025-05-02T17:00:06.642Z] [INFO] Loaded command: channelinfo from utility
[2025-05-02T17:00:06.643Z] [INFO] Loaded command: color from utility
[2025-05-02T17:00:06.646Z] [INFO] Loaded command: embed from utility
[2025-05-02T17:00:06.646Z] [INFO] Loaded command: emojis from utility
[2025-05-02T17:00:06.647Z] [INFO] Loaded command: emoteinfo from utility
[2025-05-02T17:00:06.648Z] [INFO] Loaded command: findemoji from utility
[2025-05-02T17:00:06.649Z] [INFO] Loaded command: format from utility
[2025-05-02T17:00:06.651Z] [INFO] Loaded command: greeting from utility
[2025-05-02T17:00:06.652Z] [INFO] Loaded command: help from utility
[2025-05-02T17:00:06.652Z] [INFO] Loaded command: inviteinfo from utility
[2025-05-02T17:00:06.644Z] [INFO] Loaded command: communitymood from utility
[2025-05-02T17:00:06.645Z] [INFO] Loaded command: countdown from utility
[2025-05-02T17:00:06.653Z] [INFO] Loaded command: membercount from utility
[2025-05-02T17:00:06.653Z] [INFO] Loaded command: mentions from utility
[2025-05-02T17:00:06.653Z] [INFO] Loaded command: messages from utility
[2025-05-02T17:00:06.655Z] [INFO] Loaded command: permissions from utility
[2025-05-02T17:00:06.655Z] [INFO] Loaded command: ping from utility
[2025-05-02T17:00:06.657Z] [INFO] Loaded command: roleinfo from utility
[2025-05-02T17:00:06.657Z] [INFO] Loaded command: serverbanner from utility
[2025-05-02T17:00:06.658Z] [INFO] Loaded command: serverinfo from utility
[2025-05-02T17:00:06.658Z] [INFO] Loaded command: snipe from utility
[2025-05-02T17:00:06.658Z] [INFO] Loaded command: staff from utility
[2025-05-02T17:00:06.659Z] [INFO] Loaded command: stats from utility
[2025-05-02T17:00:06.659Z] [INFO] Loaded command: status from utility
[2025-05-02T17:00:06.660Z] [INFO] Loaded command: timestamp from utility
[2025-05-02T17:00:06.662Z] [INFO] Loaded command: tts from utility
[2025-05-02T17:00:06.662Z] [INFO] Loaded command: userinfo from utility
[2025-05-02T17:00:06.656Z] [INFO] Loaded command: quote from utility
[2025-05-02T17:00:06.663Z] [INFO] Loaded command: vouch from utility
[2025-05-02T17:00:06.656Z] [INFO] Loaded command: random from utility
[2025-05-02T17:00:06.663Z] [INFO] Loaded command: weather from utility
[2025-05-02T17:00:06.663Z] [INFO] Attempting to log in to Discord...
[2025-05-02T17:00:07.299Z] [INFO] Bot logged in successfully
[2025-05-02T17:00:07.301Z] [INFO] Started refreshing 70 application (/) commands.
[2025-05-02T17:00:07.435Z] [INFO] Logged in as .gg/snowhill#8571
[2025-05-02T17:00:07.435Z] [INFO] Bot is serving 1 guilds
[2025-05-02T17:00:07.435Z] [INFO] Connected to guild: SnowHill 1 Inv =  1 Moby (1321561162717855834) with 8175 members
[2025-05-02T17:00:09.315Z] [INFO] Successfully reloaded 70 guild (/) commands.
[2025-05-02T17:00:09.316Z] [INFO] Loaded 0 active giveaways
[2025-05-02T17:00:09.316Z] [INFO] Setting up sticky message handler
[2025-05-02T17:00:09.316Z] [INFO] Community mood tracking system initialized
[2025-05-02T17:00:09.535Z] [INFO] Saved mentions data to file
[2025-05-02T17:00:18.925Z] [INFO] Saved mentions data to file
[2025-05-02T17:05:14.095Z] [INFO] Saved mentions data to file
[2025-05-02T17:05:31.769Z] [INFO] Saved mentions data to file
[2025-05-02T17:05:51.680Z] [INFO] User sselyan (839580152774000721) used command /rps
[2025-05-02T17:05:52.224Z] [INFO] User sselyan challenged lclcfan4271 to RPS
[2025-05-02T17:05:56.878Z] [INFO] Button interaction: rps:xxsumil:challenge:accept by lclcfan4271
[2025-05-02T17:05:57.463Z] [INFO] User lclcfan4271 accepted an RPS challenge from sselyan
[2025-05-02T17:06:00.402Z] [INFO] Button interaction: rps:xxsumil:choice:ROCK by lclcfan4271
[2025-05-02T17:06:05.662Z] [INFO] Button interaction: rps:xxsumil:choice:ROCK by sselyan
[2025-05-02T17:06:06.209Z] [INFO] RPS game completed: sselyan (ROCK) vs lclcfan4271 (ROCK) - It's a tie!
[2025-05-02T17:06:14.811Z] [INFO] User sselyan (839580152774000721) used command /rps
[2025-05-02T17:06:15.138Z] [INFO] User sselyan challenged lclcfan4271 to RPS
[2025-05-02T17:06:17.430Z] [INFO] Button interaction: rps:oskqftb:challenge:accept by lclcfan4271
[2025-05-02T17:06:17.757Z] [INFO] User lclcfan4271 accepted an RPS challenge from sselyan
[2025-05-02T17:06:17.813Z] [INFO] Button interaction: rps:oskqftb:challenge:accept by destan93_36854
[2025-05-02T17:06:19.617Z] [INFO] Button interaction: rps:oskqftb:choice:PAPER by destan93_36854
[2025-05-02T17:06:19.843Z] [INFO] Button interaction: rps:oskqftb:choice:SCISSORS by sselyan
[2025-05-02T17:06:21.578Z] [INFO] Button interaction: rps:oskqftb:choice:SCISSORS by lclcfan4271
[2025-05-02T17:06:21.965Z] [INFO] RPS game completed: sselyan (SCISSORS) vs lclcfan4271 (SCISSORS) - It's a tie!
[2025-05-02T17:06:35.302Z] [INFO] User sselyan (839580152774000721) used command /rps
[2025-05-02T17:06:35.808Z] [INFO] User sselyan challenged lclcfan4271 to RPS
[2025-05-02T17:06:37.364Z] [INFO] Button interaction: rps:1w7ek2y:challenge:accept by lclcfan4271
[2025-05-02T17:06:37.608Z] [INFO] Button interaction: rps:1w7ek2y:challenge:accept by destan93_36854
[2025-05-02T17:06:37.769Z] [INFO] User lclcfan4271 accepted an RPS challenge from sselyan
[2025-05-02T17:06:40.428Z] [INFO] Button interaction: rps:1w7ek2y:choice:PAPER by lclcfan4271
[2025-05-02T17:06:42.308Z] [INFO] Button interaction: rps:1w7ek2y:choice:SCISSORS by sselyan
[2025-05-02T17:06:42.742Z] [INFO] RPS game completed: sselyan (SCISSORS) vs lclcfan4271 (PAPER) - <@839580152774000721> wins!
[2025-05-02T17:06:52.055Z] [INFO] User lclcfan4271 (954219234022535220) used command /rps
[2025-05-02T17:06:52.359Z] [INFO] User lclcfan4271 challenged sselyan to RPS
[2025-05-02T17:06:53.443Z] [INFO] Button interaction: rps:ad8b5ih:challenge:accept by lclcfan4271
[2025-05-02T17:06:54.597Z] [INFO] Button interaction: rps:ad8b5ih:challenge:accept by sselyan
[2025-05-02T17:06:54.887Z] [INFO] User sselyan accepted an RPS challenge from lclcfan4271
[2025-05-02T17:06:59.644Z] [INFO] Button interaction: rps:ad8b5ih:choice:ROCK by sselyan
[2025-05-02T17:07:01.133Z] [INFO] Button interaction: rps:ad8b5ih:choice:PAPER by lclcfan4271
[2025-05-02T17:07:01.679Z] [INFO] RPS game completed: lclcfan4271 (PAPER) vs sselyan (ROCK) - <@954219234022535220> wins!
[2025-05-02T17:07:10.710Z] [INFO] User lclcfan4271 (954219234022535220) used command /rps
[2025-05-02T17:07:10.995Z] [INFO] User lclcfan4271 challenged sselyan to RPS
[2025-05-02T17:07:29.608Z] [INFO] User destan93_36854 (1185197453205573643) used command /rps
[2025-05-02T17:07:30.058Z] [INFO] User destan93_36854 challenged sselyan to RPS
[2025-05-02T17:07:35.075Z] [INFO] Button interaction: rps:l3yph64:challenge:accept by lclcfan4271
[2025-05-02T17:07:40.764Z] [INFO] Button interaction: rps:so4ae0z:challenge:accept by sselyan
[2025-05-02T17:07:41.033Z] [INFO] User sselyan accepted an RPS challenge from lclcfan4271
[2025-05-02T17:07:42.943Z] [INFO] Button interaction: rps:l3yph64:challenge:accept by sselyan
[2025-05-02T17:07:43.170Z] [INFO] User sselyan accepted an RPS challenge from destan93_36854
[2025-05-02T17:07:45.091Z] [INFO] Button interaction: rps:so4ae0z:choice:PAPER by sselyan
[2025-05-02T17:07:45.506Z] [INFO] Button interaction: rps:l3yph64:choice:SCISSORS by sselyan
[2025-05-02T17:07:52.985Z] [INFO] Button interaction: rps:l3yph64:choice:SCISSORS by destan93_36854
[2025-05-02T17:07:53.402Z] [INFO] RPS game completed: destan93_36854 (SCISSORS) vs sselyan (SCISSORS) - It's a tie!
[2025-05-02T17:08:07.160Z] [INFO] User destan93_36854 (1185197453205573643) used command /rps
[2025-05-02T17:08:07.422Z] [INFO] User destan93_36854 challenged sselyan to RPS
[2025-05-02T17:08:10.166Z] [INFO] Button interaction: rps:bgqxxot:challenge:accept by sselyan
[2025-05-02T17:08:10.457Z] [INFO] User sselyan accepted an RPS challenge from destan93_36854
[2025-05-02T17:08:13.633Z] [INFO] Button interaction: rps:bgqxxot:choice:ROCK by destan93_36854
[2025-05-02T17:08:17.400Z] [INFO] Saved mentions data to file
[2025-05-02T17:08:19.700Z] [INFO] Button interaction: rps:bgqxxot:choice:ROCK by sselyan
[2025-05-02T17:08:20.216Z] [INFO] RPS game completed: destan93_36854 (ROCK) vs sselyan (ROCK) - It's a tie!
[2025-05-02T17:08:22.264Z] [INFO] Button interaction: rps:so4ae0z:choice:ROCK by lclcfan4271
[2025-05-02T17:08:22.774Z] [INFO] RPS game completed: lclcfan4271 (ROCK) vs sselyan (PAPER) - <@839580152774000721> wins!
[2025-05-02T17:08:33.036Z] [INFO] User lclcfan4271 (954219234022535220) used command /rps
[2025-05-02T17:08:33.394Z] [INFO] User lclcfan4271 challenged destan93_36854 to RPS
[2025-05-02T17:08:34.884Z] [INFO] Saved mentions data to file
[2025-05-02T17:08:36.548Z] [INFO] Button interaction: rps:6aqsf76:challenge:accept by destan93_36854
[2025-05-02T17:08:36.753Z] [INFO] User destan93_36854 accepted an RPS challenge from lclcfan4271
[2025-05-02T17:08:38.740Z] [INFO] Button interaction: rps:6aqsf76:choice:SCISSORS by destan93_36854
[2025-05-02T17:08:42.399Z] [INFO] User destan93_36854 (1185197453205573643) used command /rps
[2025-05-02T17:08:42.702Z] [INFO] User destan93_36854 challenged sselyan to RPS
[2025-05-02T17:08:44.395Z] [INFO] Button interaction: rps:6aqsf76:choice:SCISSORS by lclcfan4271
[2025-05-02T17:08:44.827Z] [INFO] RPS game completed: lclcfan4271 (SCISSORS) vs destan93_36854 (SCISSORS) - It's a tie!
[2025-05-02T17:08:52.131Z] [INFO] User lclcfan4271 (954219234022535220) used command /rps
[2025-05-02T17:08:52.435Z] [INFO] User lclcfan4271 challenged destan93_36854 to RPS
[2025-05-02T17:08:55.370Z] [INFO] Button interaction: rps:q62pquj:challenge:accept by destan93_36854
[2025-05-02T17:08:55.590Z] [INFO] User destan93_36854 accepted an RPS challenge from lclcfan4271
[2025-05-02T17:08:57.516Z] [INFO] Button interaction: rps:q62pquj:choice:PAPER by destan93_36854
[2025-05-02T17:08:59.981Z] [INFO] Button interaction: rps:q62pquj:choice:PAPER by lclcfan4271
[2025-05-02T17:09:00.547Z] [INFO] RPS game completed: lclcfan4271 (PAPER) vs destan93_36854 (PAPER) - It's a tie!
[2025-05-02T17:09:02.833Z] [INFO] Button interaction: rps:z0lrd4m:challenge:accept by sselyan
[2025-05-02T17:09:03.062Z] [INFO] User sselyan accepted an RPS challenge from destan93_36854
[2025-05-02T17:09:09.046Z] [INFO] Button interaction: rps:z0lrd4m:choice:SCISSORS by sselyan
[2025-05-02T17:09:14.055Z] [INFO] User lclcfan4271 (954219234022535220) used command /rps
[2025-05-02T17:09:14.336Z] [INFO] User lclcfan4271 challenged destan93_36854 to RPS
[2025-05-02T17:09:14.556Z] [INFO] User destan93_36854 (1185197453205573643) used command /rps
[2025-05-02T17:09:14.898Z] [INFO] User destan93_36854 challenged lclcfan4271 to RPS
[2025-05-02T17:09:17.312Z] [INFO] Button interaction: rps:q3nik7a:challenge:accept by lclcfan4271
[2025-05-02T17:09:17.508Z] [INFO] User lclcfan4271 accepted an RPS challenge from destan93_36854
[2025-05-02T17:09:20.694Z] [INFO] Button interaction: rps:q3nik7a:choice:SCISSORS by destan93_36854
[2025-05-02T17:09:23.493Z] [INFO] Button interaction: rps:7bsqw7o:challenge:accept by destan93_36854
[2025-05-02T17:09:23.620Z] [INFO] Button interaction: rps:q3nik7a:choice:ROCK by lclcfan4271
[2025-05-02T17:09:23.740Z] [INFO] User destan93_36854 accepted an RPS challenge from lclcfan4271
[2025-05-02T17:09:24.206Z] [INFO] RPS game completed: destan93_36854 (SCISSORS) vs lclcfan4271 (ROCK) - <@954219234022535220> wins!
[2025-05-02T17:09:26.260Z] [INFO] Button interaction: rps:7bsqw7o:choice:PAPER by destan93_36854
[2025-05-02T17:09:28.569Z] [INFO] Button interaction: rps:7bsqw7o:choice:PAPER by lclcfan4271
[2025-05-02T17:09:29.049Z] [INFO] RPS game completed: lclcfan4271 (PAPER) vs destan93_36854 (PAPER) - It's a tie!
[2025-05-02T17:09:38.484Z] [INFO] Saved mentions data to file
[2025-05-02T17:09:44.501Z] [INFO] Saved mentions data to file
[2025-05-02T17:09:44.780Z] [INFO] Saved mentions data to file
[2025-05-02T17:10:21.216Z] [INFO] Saved mentions data to file
[2025-05-02T17:11:45.101Z] [INFO] Saved mentions data to file
[2025-05-02T17:12:33.031Z] [INFO] Requesting intents: Guilds, GuildMessages, GuildMembers, MessageContent, GuildMessageReactions
[2025-05-02T17:12:33.034Z] [INFO] Loaded event: guildMemberAdd
[2025-05-02T17:12:33.036Z] [INFO] Loaded event: interactionCreate
[2025-05-02T17:12:33.043Z] [INFO] Loaded mentions data from file
[2025-05-02T17:12:33.043Z] [INFO] Loaded event: messageCreate
[2025-05-02T17:12:33.044Z] [INFO] Loaded event: messageDelete
[2025-05-02T17:12:33.044Z] [INFO] Loaded event: messageReactionAdd
[2025-05-02T17:12:33.045Z] [INFO] Loaded event: messageReactionRemove
[2025-05-02T17:12:33.045Z] [INFO] Loaded event: ready
[2025-05-02T17:12:33.046Z] [INFO] Loaded command: 8ball from fun
[2025-05-02T17:12:33.047Z] [INFO] Loaded command: coinflip from fun
[2025-05-02T17:12:33.047Z] [INFO] Loaded command: dadjoke from fun
[2025-05-02T17:12:33.048Z] [INFO] Loaded command: dice from fun
[2025-05-02T17:12:33.049Z] [INFO] Loaded command: fortune from fun
[2025-05-02T17:12:33.050Z] [INFO] Loaded command: hangman from fun
[2025-05-02T17:12:33.051Z] [INFO] Loaded command: joke from fun
[2025-05-02T17:12:33.052Z] [INFO] Loaded command: poll from fun
[2025-05-02T17:12:33.053Z] [INFO] Loaded command: quotegen from fun
[2025-05-02T17:12:33.054Z] [INFO] Loaded command: rps from fun
[2025-05-02T17:12:33.055Z] [INFO] Loaded command: rpsls from fun
[2025-05-02T17:12:33.055Z] [INFO] Loaded command: scramble from fun
[2025-05-02T17:12:33.057Z] [INFO] Loaded command: tictactoe from fun
[2025-05-02T17:12:33.058Z] [INFO] Loaded command: trivia from fun
[2025-05-02T17:12:33.058Z] [INFO] Loaded command: urban from fun
[2025-05-02T17:12:33.059Z] [INFO] Loaded command: wordle from fun
[2025-05-02T17:12:33.059Z] [INFO] Loaded command: giveaway from giveaway
[2025-05-02T17:12:33.060Z] [INFO] Loaded command: gend from giveaway
[2025-05-02T17:12:33.060Z] [INFO] Loaded command: glist from giveaway
[2025-05-02T17:12:33.061Z] [INFO] Loaded command: greroll from giveaway
[2025-05-02T17:12:33.061Z] [INFO] Loaded command: remind from misc
[2025-05-02T17:12:33.062Z] [INFO] Loaded command: reminderlist from misc
[2025-05-02T17:12:33.064Z] [INFO] Loaded command: antiping from moderation
[2025-05-02T17:12:33.066Z] [INFO] Loaded command: automod from moderation
[2025-05-02T17:12:33.067Z] [INFO] Loaded command: ban from moderation
[2025-05-02T17:12:33.068Z] [INFO] Loaded command: kick from moderation
[2025-05-02T17:12:33.069Z] [INFO] Loaded command: modlogs from moderation
[2025-05-02T17:12:33.070Z] [INFO] Loaded command: purge from moderation
[2025-05-02T17:12:33.070Z] [INFO] Loaded command: timeout from moderation
[2025-05-02T17:12:33.071Z] [INFO] Loaded command: unmute from moderation
[2025-05-02T17:12:33.071Z] [INFO] Loaded command: unsticky from sticky
[2025-05-02T17:12:33.071Z] [INFO] Loaded command: sticky from sticky
[2025-05-02T17:12:33.071Z] [INFO] Loaded command: afk from utility
[2025-05-02T17:12:33.072Z] [INFO] Loaded command: autoreply from utility
[2025-05-02T17:12:33.072Z] [INFO] Loaded command: avatar from utility
[2025-05-02T17:12:33.073Z] [INFO] Loaded command: banner from utility
[2025-05-02T17:12:33.073Z] [INFO] Loaded command: boosters from utility
[2025-05-02T17:12:33.074Z] [INFO] Loaded command: boostinfo from utility
[2025-05-02T17:12:33.074Z] [INFO] Loaded command: calculator from utility
[2025-05-02T17:12:33.075Z] [INFO] Loaded command: channelinfo from utility
[2025-05-02T17:12:33.076Z] [INFO] Loaded command: color from utility
[2025-05-02T17:12:33.077Z] [INFO] Loaded command: communitymood from utility
[2025-05-02T17:12:33.078Z] [INFO] Loaded command: countdown from utility
[2025-05-02T17:12:33.080Z] [INFO] Loaded command: embed from utility
[2025-05-02T17:12:33.081Z] [INFO] Loaded command: emojis from utility
[2025-05-02T17:12:33.081Z] [INFO] Loaded command: emoteinfo from utility
[2025-05-02T17:12:33.083Z] [INFO] Loaded command: findemoji from utility
[2025-05-02T17:12:33.085Z] [INFO] Loaded command: format from utility
[2025-05-02T17:12:33.087Z] [INFO] Loaded command: greeting from utility
[2025-05-02T17:12:33.088Z] [INFO] Loaded command: help from utility
[2025-05-02T17:12:33.088Z] [INFO] Loaded command: inviteinfo from utility
[2025-05-02T17:12:33.089Z] [INFO] Loaded command: membercount from utility
[2025-05-02T17:12:33.089Z] [INFO] Loaded command: mentions from utility
[2025-05-02T17:12:33.090Z] [INFO] Loaded command: messages from utility
[2025-05-02T17:12:33.091Z] [INFO] Loaded command: permissions from utility
[2025-05-02T17:12:33.092Z] [INFO] Loaded command: ping from utility
[2025-05-02T17:12:33.093Z] [INFO] Loaded command: quote from utility
[2025-05-02T17:12:33.094Z] [INFO] Loaded command: random from utility
[2025-05-02T17:12:33.095Z] [INFO] Loaded command: roleinfo from utility
[2025-05-02T17:12:33.095Z] [INFO] Loaded command: serverbanner from utility
[2025-05-02T17:12:33.096Z] [INFO] Loaded command: serverinfo from utility
[2025-05-02T17:12:33.096Z] [INFO] Loaded command: snipe from utility
[2025-05-02T17:12:33.096Z] [INFO] Loaded command: staff from utility
[2025-05-02T17:12:33.097Z] [INFO] Loaded command: stats from utility
[2025-05-02T17:12:33.098Z] [INFO] Loaded command: status from utility
[2025-05-02T17:12:33.099Z] [INFO] Loaded command: timestamp from utility
[2025-05-02T17:12:33.101Z] [INFO] Loaded command: tts from utility
[2025-05-02T17:12:33.102Z] [INFO] Loaded command: vouch from utility
[2025-05-02T17:12:33.102Z] [INFO] Loaded command: userinfo from utility
[2025-05-02T17:12:33.112Z] [INFO] Loaded command: weather from utility
[2025-05-02T17:12:33.112Z] [INFO] Attempting to log in to Discord...
[2025-05-02T17:12:33.833Z] [INFO] Bot logged in successfully
[2025-05-02T17:12:33.835Z] [INFO] Started refreshing 70 application (/) commands.
[2025-05-02T17:12:33.925Z] [INFO] Bot is serving 1 guilds
[2025-05-02T17:12:33.924Z] [INFO] Logged in as .gg/snowhill#8571
[2025-05-02T17:12:33.925Z] [INFO] Connected to guild: SnowHill 1 Inv =  1 Moby (1321561162717855834) with 8175 members
[2025-05-02T17:12:34.184Z] [INFO] Successfully reloaded 70 guild (/) commands.
[2025-05-02T17:12:34.184Z] [INFO] Setting up sticky message handler
[2025-05-02T17:12:34.185Z] [INFO] Community mood tracking system initialized
[2025-05-02T17:12:34.184Z] [INFO] Loaded 0 active giveaways
[2025-05-02T17:14:18.868Z] [INFO] Requesting intents: Guilds, GuildMessages, GuildMembers, MessageContent, GuildMessageReactions
[2025-05-02T17:14:18.871Z] [INFO] Loaded event: guildMemberAdd
[2025-05-02T17:14:18.873Z] [INFO] Loaded event: interactionCreate
[2025-05-02T17:14:18.878Z] [INFO] Loaded mentions data from file
[2025-05-02T17:14:18.880Z] [INFO] Loaded event: messageCreate
[2025-05-02T17:14:18.881Z] [INFO] Loaded event: messageDelete
[2025-05-02T17:14:18.881Z] [INFO] Loaded event: messageReactionAdd
[2025-05-02T17:14:18.881Z] [INFO] Loaded event: messageReactionRemove
[2025-05-02T17:14:18.882Z] [INFO] Loaded event: ready
[2025-05-02T17:14:18.882Z] [INFO] Loaded command: 8ball from fun
[2025-05-02T17:14:18.883Z] [INFO] Loaded command: coinflip from fun
[2025-05-02T17:14:18.883Z] [INFO] Loaded command: dadjoke from fun
[2025-05-02T17:14:18.884Z] [INFO] Loaded command: dice from fun
[2025-05-02T17:14:18.885Z] [INFO] Loaded command: fortune from fun
[2025-05-02T17:14:18.885Z] [INFO] Loaded command: hangman from fun
[2025-05-02T17:14:18.886Z] [INFO] Loaded command: joke from fun
[2025-05-02T17:14:18.887Z] [INFO] Loaded command: poll from fun
[2025-05-02T17:14:18.888Z] [INFO] Loaded command: quotegen from fun
[2025-05-02T17:14:18.889Z] [INFO] Loaded command: rps from fun
[2025-05-02T17:14:18.890Z] [INFO] Loaded command: rpsls from fun
[2025-05-02T17:14:18.890Z] [INFO] Loaded command: scramble from fun
[2025-05-02T17:14:18.891Z] [INFO] Loaded command: tictactoe from fun
[2025-05-02T17:14:18.892Z] [INFO] Loaded command: trivia from fun
[2025-05-02T17:14:18.893Z] [INFO] Loaded command: urban from fun
[2025-05-02T17:14:18.893Z] [INFO] Loaded command: wordle from fun
[2025-05-02T17:14:18.894Z] [INFO] Loaded command: giveaway from giveaway
[2025-05-02T17:14:18.894Z] [INFO] Loaded command: gend from giveaway
[2025-05-02T17:14:18.895Z] [INFO] Loaded command: glist from giveaway
[2025-05-02T17:14:18.896Z] [INFO] Loaded command: remind from misc
[2025-05-02T17:14:18.896Z] [INFO] Loaded command: greroll from giveaway
[2025-05-02T17:14:18.896Z] [INFO] Loaded command: reminderlist from misc
[2025-05-02T17:14:18.900Z] [INFO] Loaded command: automod from moderation
[2025-05-02T17:14:18.900Z] [INFO] Loaded command: ban from moderation
[2025-05-02T17:14:18.901Z] [INFO] Loaded command: kick from moderation
[2025-05-02T17:14:18.902Z] [INFO] Loaded command: modlogs from moderation
[2025-05-02T17:14:18.898Z] [INFO] Loaded command: antiping from moderation
[2025-05-02T17:14:18.903Z] [INFO] Loaded command: purge from moderation
[2025-05-02T17:14:18.904Z] [INFO] Loaded command: unmute from moderation
[2025-05-02T17:14:18.904Z] [INFO] Loaded command: timeout from moderation
[2025-05-02T17:14:18.905Z] [INFO] Loaded command: unsticky from sticky
[2025-05-02T17:14:18.905Z] [INFO] Loaded command: sticky from sticky
[2025-05-02T17:14:18.905Z] [INFO] Loaded command: afk from utility
[2025-05-02T17:14:18.905Z] [INFO] Loaded command: autoreply from utility
[2025-05-02T17:14:18.906Z] [INFO] Loaded command: avatar from utility
[2025-05-02T17:14:18.906Z] [INFO] Loaded command: banner from utility
[2025-05-02T17:14:18.907Z] [INFO] Loaded command: boosters from utility
[2025-05-02T17:14:18.907Z] [INFO] Loaded command: boostinfo from utility
[2025-05-02T17:14:18.908Z] [INFO] Loaded command: calculator from utility
[2025-05-02T17:14:18.908Z] [INFO] Loaded command: channelinfo from utility
[2025-05-02T17:14:18.909Z] [INFO] Loaded command: color from utility
[2025-05-02T17:14:18.910Z] [INFO] Loaded command: communitymood from utility
[2025-05-02T17:14:18.911Z] [INFO] Loaded command: countdown from utility
[2025-05-02T17:14:18.912Z] [INFO] Loaded command: embed from utility
[2025-05-02T17:14:18.913Z] [INFO] Loaded command: emojis from utility
[2025-05-02T17:14:18.914Z] [INFO] Loaded command: emoteinfo from utility
[2025-05-02T17:14:18.916Z] [INFO] Loaded command: format from utility
[2025-05-02T17:14:18.918Z] [INFO] Loaded command: greeting from utility
[2025-05-02T17:14:18.915Z] [INFO] Loaded command: findemoji from utility
[2025-05-02T17:14:18.923Z] [INFO] Loaded command: mentions from utility
[2025-05-02T17:14:18.919Z] [INFO] Loaded command: help from utility
[2025-05-02T17:14:18.922Z] [INFO] Loaded command: inviteinfo from utility
[2025-05-02T17:14:18.923Z] [INFO] Loaded command: membercount from utility
[2025-05-02T17:14:18.925Z] [INFO] Loaded command: messages from utility
[2025-05-02T17:14:18.926Z] [INFO] Loaded command: permissions from utility
[2025-05-02T17:14:18.927Z] [INFO] Loaded command: ping from utility
[2025-05-02T17:14:18.927Z] [INFO] Loaded command: quote from utility
[2025-05-02T17:14:18.928Z] [INFO] Loaded command: random from utility
[2025-05-02T17:14:18.929Z] [INFO] Loaded command: roleinfo from utility
[2025-05-02T17:14:18.930Z] [INFO] Loaded command: serverbanner from utility
[2025-05-02T17:14:18.930Z] [INFO] Loaded command: snipe from utility
[2025-05-02T17:14:18.931Z] [INFO] Loaded command: staff from utility
[2025-05-02T17:14:18.931Z] [INFO] Loaded command: stats from utility
[2025-05-02T17:14:18.932Z] [INFO] Loaded command: status from utility
[2025-05-02T17:14:18.933Z] [INFO] Loaded command: timestamp from utility
[2025-05-02T17:14:18.935Z] [INFO] Loaded command: tts from utility
[2025-05-02T17:14:18.935Z] [INFO] Loaded command: userinfo from utility
[2025-05-02T17:14:18.936Z] [INFO] Loaded command: vouch from utility
[2025-05-02T17:14:18.936Z] [INFO] Loaded command: weather from utility
[2025-05-02T17:14:18.937Z] [INFO] Attempting to log in to Discord...
[2025-05-02T17:14:18.930Z] [INFO] Loaded command: serverinfo from utility
[2025-05-02T17:14:19.492Z] [INFO] Bot logged in successfully
[2025-05-02T17:14:19.495Z] [INFO] Started refreshing 70 application (/) commands.
[2025-05-02T17:14:19.588Z] [INFO] Logged in as .gg/snowhill#8571
[2025-05-02T17:14:19.589Z] [INFO] Bot is serving 1 guilds
[2025-05-02T17:14:19.589Z] [INFO] Connected to guild: SnowHill 1 Inv =  1 Moby (1321561162717855834) with 8175 members
[2025-05-02T17:14:19.791Z] [INFO] Successfully reloaded 70 guild (/) commands.
[2025-05-02T17:14:19.792Z] [INFO] Loaded 0 active giveaways
[2025-05-02T17:14:19.792Z] [INFO] Setting up sticky message handler
[2025-05-02T17:14:19.792Z] [INFO] Community mood tracking system initialized
[2025-05-02T17:15:11.223Z] [INFO] Requesting intents: Guilds, GuildMessages, GuildMembers, MessageContent, GuildMessageReactions
[2025-05-02T17:15:11.226Z] [INFO] Loaded event: guildMemberAdd
[2025-05-02T17:15:11.228Z] [INFO] Loaded event: interactionCreate
[2025-05-02T17:15:11.234Z] [INFO] Loaded mentions data from file
[2025-05-02T17:15:11.234Z] [INFO] Loaded event: messageCreate
[2025-05-02T17:15:11.234Z] [INFO] Loaded event: messageDelete
[2025-05-02T17:15:11.235Z] [INFO] Loaded event: messageReactionAdd
[2025-05-02T17:15:11.235Z] [INFO] Loaded event: messageReactionRemove
[2025-05-02T17:15:11.235Z] [INFO] Loaded event: ready
[2025-05-02T17:15:11.236Z] [INFO] Loaded command: 8ball from fun
[2025-05-02T17:15:11.236Z] [INFO] Loaded command: coinflip from fun
[2025-05-02T17:15:11.237Z] [INFO] Loaded command: dadjoke from fun
[2025-05-02T17:15:11.238Z] [INFO] Loaded command: dice from fun
[2025-05-02T17:15:11.238Z] [INFO] Loaded command: fortune from fun
[2025-05-02T17:15:11.239Z] [INFO] Loaded command: hangman from fun
[2025-05-02T17:15:11.240Z] [INFO] Loaded command: joke from fun
[2025-05-02T17:15:11.241Z] [INFO] Loaded command: poll from fun
[2025-05-02T17:15:11.241Z] [INFO] Loaded command: quotegen from fun
[2025-05-02T17:15:11.242Z] [INFO] Loaded command: rps from fun
[2025-05-02T17:15:11.243Z] [INFO] Loaded command: rpsls from fun
[2025-05-02T17:15:11.243Z] [INFO] Loaded command: scramble from fun
[2025-05-02T17:15:11.244Z] [INFO] Loaded command: tictactoe from fun
[2025-05-02T17:15:11.245Z] [INFO] Loaded command: trivia from fun
[2025-05-02T17:15:11.246Z] [INFO] Loaded command: urban from fun
[2025-05-02T17:15:11.246Z] [INFO] Loaded command: wordle from fun
[2025-05-02T17:15:11.246Z] [INFO] Loaded command: giveaway from giveaway
[2025-05-02T17:15:11.247Z] [INFO] Loaded command: gend from giveaway
[2025-05-02T17:15:11.248Z] [INFO] Loaded command: glist from giveaway
[2025-05-02T17:15:11.248Z] [INFO] Loaded command: greroll from giveaway
[2025-05-02T17:15:11.248Z] [INFO] Loaded command: remind from misc
[2025-05-02T17:15:11.249Z] [INFO] Loaded command: reminderlist from misc
[2025-05-02T17:15:11.250Z] [INFO] Loaded command: antiping from moderation
[2025-05-02T17:15:11.252Z] [INFO] Loaded command: automod from moderation
[2025-05-02T17:15:11.253Z] [INFO] Loaded command: ban from moderation
[2025-05-02T17:15:11.253Z] [INFO] Loaded command: kick from moderation
[2025-05-02T17:15:11.255Z] [INFO] Loaded command: modlogs from moderation
[2025-05-02T17:15:11.255Z] [INFO] Loaded command: purge from moderation
[2025-05-02T17:15:11.256Z] [INFO] Loaded command: timeout from moderation
[2025-05-02T17:15:11.257Z] [INFO] Loaded command: unmute from moderation
[2025-05-02T17:15:11.257Z] [INFO] Loaded command: unsticky from sticky
[2025-05-02T17:15:11.257Z] [INFO] Loaded command: sticky from sticky
[2025-05-02T17:15:11.257Z] [INFO] Loaded command: afk from utility
[2025-05-02T17:15:11.257Z] [INFO] Loaded command: autoreply from utility
[2025-05-02T17:15:11.258Z] [INFO] Loaded command: avatar from utility
[2025-05-02T17:15:11.258Z] [INFO] Loaded command: banner from utility
[2025-05-02T17:15:11.259Z] [INFO] Loaded command: boosters from utility
[2025-05-02T17:15:11.259Z] [INFO] Loaded command: boostinfo from utility
[2025-05-02T17:15:11.260Z] [INFO] Loaded command: calculator from utility
[2025-05-02T17:15:11.260Z] [INFO] Loaded command: channelinfo from utility
[2025-05-02T17:15:11.261Z] [INFO] Loaded command: color from utility
[2025-05-02T17:15:11.262Z] [INFO] Loaded command: communitymood from utility
[2025-05-02T17:15:11.263Z] [INFO] Loaded command: countdown from utility
[2025-05-02T17:15:11.264Z] [INFO] Loaded command: embed from utility
[2025-05-02T17:15:11.264Z] [INFO] Loaded command: emojis from utility
[2025-05-02T17:15:11.265Z] [INFO] Loaded command: emoteinfo from utility
[2025-05-02T17:15:11.266Z] [INFO] Loaded command: findemoji from utility
[2025-05-02T17:15:11.267Z] [INFO] Loaded command: format from utility
[2025-05-02T17:15:11.269Z] [INFO] Loaded command: greeting from utility
[2025-05-02T17:15:11.269Z] [INFO] Loaded command: help from utility
[2025-05-02T17:15:11.270Z] [INFO] Loaded command: inviteinfo from utility
[2025-05-02T17:15:11.270Z] [INFO] Loaded command: membercount from utility
[2025-05-02T17:15:11.270Z] [INFO] Loaded command: mentions from utility
[2025-05-02T17:15:11.271Z] [INFO] Loaded command: messages from utility
[2025-05-02T17:15:11.272Z] [INFO] Loaded command: permissions from utility
[2025-05-02T17:15:11.272Z] [INFO] Loaded command: ping from utility
[2025-05-02T17:15:11.273Z] [INFO] Loaded command: quote from utility
[2025-05-02T17:15:11.274Z] [INFO] Loaded command: random from utility
[2025-05-02T17:15:11.274Z] [INFO] Loaded command: roleinfo from utility
[2025-05-02T17:15:11.275Z] [INFO] Loaded command: serverbanner from utility
[2025-05-02T17:15:11.275Z] [INFO] Loaded command: serverinfo from utility
[2025-05-02T17:15:11.275Z] [INFO] Loaded command: snipe from utility
[2025-05-02T17:15:11.276Z] [INFO] Loaded command: staff from utility
[2025-05-02T17:15:11.277Z] [INFO] Loaded command: stats from utility
[2025-05-02T17:15:11.277Z] [INFO] Loaded command: status from utility
[2025-05-02T17:15:11.278Z] [INFO] Loaded command: timestamp from utility
[2025-05-02T17:15:11.279Z] [INFO] Loaded command: tts from utility
[2025-05-02T17:15:11.280Z] [INFO] Loaded command: userinfo from utility
[2025-05-02T17:15:11.280Z] [INFO] Loaded command: vouch from utility
[2025-05-02T17:15:11.281Z] [INFO] Loaded command: weather from utility
[2025-05-02T17:15:11.281Z] [INFO] Attempting to log in to Discord...
[2025-05-02T17:15:11.860Z] [INFO] Bot logged in successfully
[2025-05-02T17:15:11.861Z] [INFO] Started refreshing 70 application (/) commands.
[2025-05-02T17:15:11.950Z] [INFO] Logged in as .gg/snowhill#8571
[2025-05-02T17:15:11.950Z] [INFO] Bot is serving 1 guilds
[2025-05-02T17:15:11.950Z] [INFO] Connected to guild: SnowHill 1 Inv =  1 Moby (1321561162717855834) with 8175 members
[2025-05-02T17:15:12.208Z] [INFO] Successfully reloaded 70 guild (/) commands.
[2025-05-02T17:15:12.209Z] [INFO] Loaded 0 active giveaways
[2025-05-02T17:15:12.209Z] [INFO] Setting up sticky message handler
[2025-05-02T17:15:12.209Z] [INFO] Community mood tracking system initialized
[2025-05-02T17:15:55.993Z] [INFO] Requesting intents: Guilds, GuildMessages, GuildMembers, MessageContent, GuildMessageReactions
[2025-05-02T17:15:55.996Z] [INFO] Loaded event: guildMemberAdd
[2025-05-02T17:15:55.998Z] [INFO] Loaded event: interactionCreate
[2025-05-02T17:15:56.006Z] [INFO] Loaded mentions data from file
[2025-05-02T17:15:56.006Z] [INFO] Loaded event: messageCreate
[2025-05-02T17:15:56.007Z] [INFO] Loaded event: messageDelete
[2025-05-02T17:15:56.007Z] [INFO] Loaded event: messageReactionAdd
[2025-05-02T17:15:56.007Z] [INFO] Loaded event: messageReactionRemove
[2025-05-02T17:15:56.008Z] [INFO] Loaded event: ready
[2025-05-02T17:15:56.009Z] [INFO] Loaded command: 8ball from fun
[2025-05-02T17:15:56.009Z] [INFO] Loaded command: coinflip from fun
[2025-05-02T17:15:56.010Z] [INFO] Loaded command: dadjoke from fun
[2025-05-02T17:15:56.011Z] [INFO] Loaded command: dice from fun
[2025-05-02T17:15:56.011Z] [INFO] Loaded command: fortune from fun
[2025-05-02T17:15:56.014Z] [INFO] Loaded command: hangman from fun
[2025-05-02T17:15:56.015Z] [INFO] Loaded command: joke from fun
[2025-05-02T17:15:56.017Z] [INFO] Loaded command: poll from fun
[2025-05-02T17:15:56.018Z] [INFO] Loaded command: quotegen from fun
[2025-05-02T17:15:56.019Z] [INFO] Loaded command: rps from fun
[2025-05-02T17:15:56.021Z] [INFO] Loaded command: rpsls from fun
[2025-05-02T17:15:56.021Z] [INFO] Loaded command: scramble from fun
[2025-05-02T17:15:56.023Z] [INFO] Loaded command: tictactoe from fun
[2025-05-02T17:15:56.025Z] [INFO] Loaded command: trivia from fun
[2025-05-02T17:15:56.025Z] [INFO] Loaded command: urban from fun
[2025-05-02T17:15:56.026Z] [INFO] Loaded command: wordle from fun
[2025-05-02T17:15:56.026Z] [INFO] Loaded command: giveaway from giveaway
[2025-05-02T17:15:56.027Z] [INFO] Loaded command: gend from giveaway
[2025-05-02T17:15:56.028Z] [INFO] Loaded command: glist from giveaway
[2025-05-02T17:15:56.029Z] [INFO] Loaded command: greroll from giveaway
[2025-05-02T17:15:56.029Z] [INFO] Loaded command: remind from misc
[2025-05-02T17:15:56.030Z] [INFO] Loaded command: reminderlist from misc
[2025-05-02T17:15:56.032Z] [INFO] Loaded command: antiping from moderation
[2025-05-02T17:15:56.035Z] [INFO] Loaded command: automod from moderation
[2025-05-02T17:15:56.036Z] [INFO] Loaded command: ban from moderation
[2025-05-02T17:15:56.037Z] [INFO] Loaded command: kick from moderation
[2025-05-02T17:15:56.040Z] [INFO] Loaded command: modlogs from moderation
[2025-05-02T17:15:56.041Z] [INFO] Loaded command: purge from moderation
[2025-05-02T17:15:56.042Z] [INFO] Loaded command: timeout from moderation
[2025-05-02T17:15:56.043Z] [INFO] Loaded command: unmute from moderation
[2025-05-02T17:15:56.043Z] [INFO] Loaded command: unsticky from sticky
[2025-05-02T17:15:56.043Z] [INFO] Loaded command: sticky from sticky
[2025-05-02T17:15:56.044Z] [INFO] Loaded command: afk from utility
[2025-05-02T17:15:56.044Z] [INFO] Loaded command: autoreply from utility
[2025-05-02T17:15:56.044Z] [INFO] Loaded command: avatar from utility
[2025-05-02T17:15:56.045Z] [INFO] Loaded command: banner from utility
[2025-05-02T17:15:56.046Z] [INFO] Loaded command: boosters from utility
[2025-05-02T17:15:56.047Z] [INFO] Loaded command: boostinfo from utility
[2025-05-02T17:15:56.047Z] [INFO] Loaded command: calculator from utility
[2025-05-02T17:15:56.048Z] [INFO] Loaded command: channelinfo from utility
[2025-05-02T17:15:56.049Z] [INFO] Loaded command: color from utility
[2025-05-02T17:15:56.050Z] [INFO] Loaded command: communitymood from utility
[2025-05-02T17:15:56.052Z] [INFO] Loaded command: countdown from utility
[2025-05-02T17:15:56.054Z] [INFO] Loaded command: embed from utility
[2025-05-02T17:15:56.055Z] [INFO] Loaded command: emojis from utility
[2025-05-02T17:15:56.055Z] [INFO] Loaded command: emoteinfo from utility
[2025-05-02T17:15:56.057Z] [INFO] Loaded command: findemoji from utility
[2025-05-02T17:15:56.059Z] [INFO] Loaded command: format from utility
[2025-05-02T17:15:56.061Z] [INFO] Loaded command: greeting from utility
[2025-05-02T17:15:56.062Z] [INFO] Loaded command: help from utility
[2025-05-02T17:15:56.062Z] [INFO] Loaded command: inviteinfo from utility
[2025-05-02T17:15:56.063Z] [INFO] Loaded command: membercount from utility
[2025-05-02T17:15:56.063Z] [INFO] Loaded command: mentions from utility
[2025-05-02T17:15:56.064Z] [INFO] Loaded command: messages from utility
[2025-05-02T17:15:56.066Z] [INFO] Loaded command: permissions from utility
[2025-05-02T17:15:56.066Z] [INFO] Loaded command: ping from utility
[2025-05-02T17:15:56.067Z] [INFO] Loaded command: quote from utility
[2025-05-02T17:15:56.068Z] [INFO] Loaded command: random from utility
[2025-05-02T17:15:56.069Z] [INFO] Loaded command: roleinfo from utility
[2025-05-02T17:15:56.069Z] [INFO] Loaded command: serverbanner from utility
[2025-05-02T17:15:56.070Z] [INFO] Loaded command: serverinfo from utility
[2025-05-02T17:15:56.070Z] [INFO] Loaded command: snipe from utility
[2025-05-02T17:15:56.071Z] [INFO] Loaded command: staff from utility
[2025-05-02T17:15:56.072Z] [INFO] Loaded command: stats from utility
[2025-05-02T17:15:56.072Z] [INFO] Loaded command: status from utility
[2025-05-02T17:15:56.074Z] [INFO] Loaded command: timestamp from utility
[2025-05-02T17:15:56.076Z] [INFO] Loaded command: tts from utility
[2025-05-02T17:15:56.076Z] [INFO] Loaded command: userinfo from utility
[2025-05-02T17:15:56.077Z] [INFO] Loaded command: vouch from utility
[2025-05-02T17:15:56.078Z] [INFO] Loaded command: weather from utility
[2025-05-02T17:15:56.078Z] [INFO] Attempting to log in to Discord...
[2025-05-02T17:15:56.622Z] [INFO] Bot logged in successfully
[2025-05-02T17:15:56.625Z] [INFO] Started refreshing 70 application (/) commands.
[2025-05-02T17:15:56.782Z] [INFO] Logged in as .gg/snowhill#8571
[2025-05-02T17:15:56.782Z] [INFO] Bot is serving 1 guilds
[2025-05-02T17:15:56.782Z] [INFO] Connected to guild: SnowHill 1 Inv =  1 Moby (1321561162717855834) with 8175 members
[2025-05-02T17:15:56.946Z] [INFO] Successfully reloaded 70 guild (/) commands.
[2025-05-02T17:15:56.946Z] [INFO] Loaded 0 active giveaways
[2025-05-02T17:15:56.946Z] [INFO] Setting up sticky message handler
[2025-05-02T17:15:56.946Z] [INFO] Community mood tracking system initialized
[2025-05-02T17:16:01.356Z] [INFO] Requesting intents: Guilds, GuildMessages, GuildMembers, MessageContent, GuildMessageReactions
[2025-05-02T17:16:01.359Z] [INFO] Loaded event: guildMemberAdd
[2025-05-02T17:16:01.361Z] [INFO] Loaded event: interactionCreate
[2025-05-02T17:16:01.365Z] [INFO] Loaded mentions data from file
[2025-05-02T17:16:01.366Z] [INFO] Loaded event: messageCreate
[2025-05-02T17:16:01.366Z] [INFO] Loaded event: messageDelete
[2025-05-02T17:16:01.366Z] [INFO] Loaded event: messageReactionAdd
[2025-05-02T17:16:01.367Z] [INFO] Loaded event: messageReactionRemove
[2025-05-02T17:16:01.367Z] [INFO] Loaded event: ready
[2025-05-02T17:16:01.370Z] [INFO] Loaded command: 8ball from fun
[2025-05-02T17:16:01.370Z] [INFO] Loaded command: coinflip from fun
[2025-05-02T17:16:01.371Z] [INFO] Loaded command: dadjoke from fun
[2025-05-02T17:16:01.372Z] [INFO] Loaded command: fortune from fun
[2025-05-02T17:16:01.373Z] [INFO] Loaded command: hangman from fun
[2025-05-02T17:16:01.372Z] [INFO] Loaded command: dice from fun
[2025-05-02T17:16:01.374Z] [INFO] Loaded command: joke from fun
[2025-05-02T17:16:01.375Z] [INFO] Loaded command: poll from fun
[2025-05-02T17:16:01.376Z] [INFO] Loaded command: quotegen from fun
[2025-05-02T17:16:01.377Z] [INFO] Loaded command: rps from fun
[2025-05-02T17:16:01.380Z] [INFO] Loaded command: rpsls from fun
[2025-05-02T17:16:01.380Z] [INFO] Loaded command: scramble from fun
[2025-05-02T17:16:01.381Z] [INFO] Loaded command: tictactoe from fun
[2025-05-02T17:16:01.382Z] [INFO] Loaded command: trivia from fun
[2025-05-02T17:16:01.382Z] [INFO] Loaded command: urban from fun
[2025-05-02T17:16:01.384Z] [INFO] Loaded command: wordle from fun
[2025-05-02T17:16:01.384Z] [INFO] Loaded command: giveaway from giveaway
[2025-05-02T17:16:01.385Z] [INFO] Loaded command: gend from giveaway
[2025-05-02T17:16:01.386Z] [INFO] Loaded command: greroll from giveaway
[2025-05-02T17:16:01.386Z] [INFO] Loaded command: remind from misc
[2025-05-02T17:16:01.385Z] [INFO] Loaded command: glist from giveaway
[2025-05-02T17:16:01.387Z] [INFO] Loaded command: reminderlist from misc
[2025-05-02T17:16:01.389Z] [INFO] Loaded command: antiping from moderation
[2025-05-02T17:16:01.391Z] [INFO] Loaded command: automod from moderation
[2025-05-02T17:16:01.391Z] [INFO] Loaded command: ban from moderation
[2025-05-02T17:16:01.392Z] [INFO] Loaded command: kick from moderation
[2025-05-02T17:16:01.393Z] [INFO] Loaded command: modlogs from moderation
[2025-05-02T17:16:01.395Z] [INFO] Loaded command: purge from moderation
[2025-05-02T17:16:01.397Z] [INFO] Loaded command: unsticky from sticky
[2025-05-02T17:16:01.396Z] [INFO] Loaded command: unmute from moderation
[2025-05-02T17:16:01.397Z] [INFO] Loaded command: sticky from sticky
[2025-05-02T17:16:01.397Z] [INFO] Loaded command: afk from utility
[2025-05-02T17:16:01.397Z] [INFO] Loaded command: autoreply from utility
[2025-05-02T17:16:01.397Z] [INFO] Loaded command: avatar from utility
[2025-05-02T17:16:01.398Z] [INFO] Loaded command: banner from utility
[2025-05-02T17:16:01.398Z] [INFO] Loaded command: boosters from utility
[2025-05-02T17:16:01.399Z] [INFO] Loaded command: boostinfo from utility
[2025-05-02T17:16:01.399Z] [INFO] Loaded command: calculator from utility
[2025-05-02T17:16:01.400Z] [INFO] Loaded command: channelinfo from utility
[2025-05-02T17:16:01.400Z] [INFO] Loaded command: color from utility
[2025-05-02T17:16:01.401Z] [INFO] Loaded command: communitymood from utility
[2025-05-02T17:16:01.402Z] [INFO] Loaded command: countdown from utility
[2025-05-02T17:16:01.403Z] [INFO] Loaded command: embed from utility
[2025-05-02T17:16:01.404Z] [INFO] Loaded command: emojis from utility
[2025-05-02T17:16:01.404Z] [INFO] Loaded command: emoteinfo from utility
[2025-05-02T17:16:01.405Z] [INFO] Loaded command: findemoji from utility
[2025-05-02T17:16:01.407Z] [INFO] Loaded command: format from utility
[2025-05-02T17:16:01.408Z] [INFO] Loaded command: greeting from utility
[2025-05-02T17:16:01.409Z] [INFO] Loaded command: help from utility
[2025-05-02T17:16:01.409Z] [INFO] Loaded command: inviteinfo from utility
[2025-05-02T17:16:01.410Z] [INFO] Loaded command: membercount from utility
[2025-05-02T17:16:01.410Z] [INFO] Loaded command: mentions from utility
[2025-05-02T17:16:01.411Z] [INFO] Loaded command: messages from utility
[2025-05-02T17:16:01.412Z] [INFO] Loaded command: permissions from utility
[2025-05-02T17:16:01.413Z] [INFO] Loaded command: ping from utility
[2025-05-02T17:16:01.413Z] [INFO] Loaded command: quote from utility
[2025-05-02T17:16:01.414Z] [INFO] Loaded command: random from utility
[2025-05-02T17:16:01.415Z] [INFO] Loaded command: roleinfo from utility
[2025-05-02T17:16:01.415Z] [INFO] Loaded command: serverbanner from utility
[2025-05-02T17:16:01.416Z] [INFO] Loaded command: serverinfo from utility
[2025-05-02T17:16:01.416Z] [INFO] Loaded command: snipe from utility
[2025-05-02T17:16:01.416Z] [INFO] Loaded command: staff from utility
[2025-05-02T17:16:01.417Z] [INFO] Loaded command: stats from utility
[2025-05-02T17:16:01.417Z] [INFO] Loaded command: status from utility
[2025-05-02T17:16:01.418Z] [INFO] Loaded command: timestamp from utility
[2025-05-02T17:16:01.420Z] [INFO] Loaded command: tts from utility
[2025-05-02T17:16:01.421Z] [INFO] Loaded command: userinfo from utility
[2025-05-02T17:16:01.421Z] [INFO] Loaded command: vouch from utility
[2025-05-02T17:16:01.422Z] [INFO] Loaded command: weather from utility
[2025-05-02T17:16:01.422Z] [INFO] Attempting to log in to Discord...
[2025-05-02T17:16:01.396Z] [INFO] Loaded command: timeout from moderation
[2025-05-02T17:16:02.017Z] [INFO] Bot logged in successfully
[2025-05-02T17:16:02.020Z] [INFO] Started refreshing 70 application (/) commands.
[2025-05-02T17:16:02.181Z] [INFO] Logged in as .gg/snowhill#8571
[2025-05-02T17:16:02.182Z] [INFO] Bot is serving 1 guilds
[2025-05-02T17:16:02.182Z] [INFO] Connected to guild: SnowHill 1 Inv =  1 Moby (1321561162717855834) with 8175 members
[2025-05-02T17:16:02.367Z] [INFO] Successfully reloaded 70 guild (/) commands.
[2025-05-02T17:16:02.367Z] [INFO] Loaded 0 active giveaways
[2025-05-02T17:16:02.367Z] [INFO] Setting up sticky message handler
[2025-05-02T17:16:02.367Z] [INFO] Community mood tracking system initialized
[2025-05-02T17:16:32.944Z] [INFO] Saved mentions data to file
[2025-05-02T18:39:06.795Z] [INFO] Requesting intents: Guilds, GuildMessages, GuildMembers, MessageContent, GuildMessageReactions
[2025-05-02T18:39:06.803Z] [INFO] Loaded event: guildMemberAdd
[2025-05-02T18:39:06.808Z] [INFO] Loaded event: interactionCreate
[2025-05-02T18:39:06.822Z] [INFO] Loaded mentions data from file
[2025-05-02T18:39:06.823Z] [INFO] Loaded event: messageCreate
[2025-05-02T18:39:06.824Z] [INFO] Loaded event: messageReactionRemove
[2025-05-02T18:39:06.825Z] [INFO] Loaded event: ready
[2025-05-02T18:39:06.826Z] [INFO] Loaded command: 8ball from fun
[2025-05-02T18:39:06.826Z] [INFO] Loaded command: coinflip from fun
[2025-05-02T18:39:06.827Z] [INFO] Loaded command: dadjoke from fun
[2025-05-02T18:39:06.828Z] [INFO] Loaded command: dice from fun
[2025-05-02T18:39:06.830Z] [INFO] Loaded command: fortune from fun
[2025-05-02T18:39:06.831Z] [INFO] Loaded command: hangman from fun
[2025-05-02T18:39:06.835Z] [INFO] Loaded command: joke from fun
[2025-05-02T18:39:06.836Z] [INFO] Loaded command: poll from fun
[2025-05-02T18:39:06.840Z] [INFO] Loaded command: quotegen from fun
[2025-05-02T18:39:06.841Z] [INFO] Loaded command: rps from fun
[2025-05-02T18:39:06.845Z] [INFO] Loaded command: rpsls from fun
[2025-05-02T18:39:06.845Z] [INFO] Loaded command: scramble from fun
[2025-05-02T18:39:06.847Z] [INFO] Loaded command: tictactoe from fun
[2025-05-02T18:39:06.848Z] [INFO] Loaded command: trivia from fun
[2025-05-02T18:39:06.848Z] [INFO] Loaded command: urban from fun
[2025-05-02T18:39:06.849Z] [INFO] Loaded command: wordle from fun
[2025-05-02T18:39:06.849Z] [INFO] Loaded command: giveaway from giveaway
[2025-05-02T18:39:06.852Z] [INFO] Loaded command: gend from giveaway
[2025-05-02T18:39:06.852Z] [INFO] Loaded command: glist from giveaway
[2025-05-02T18:39:06.853Z] [INFO] Loaded command: greroll from giveaway
[2025-05-02T18:39:06.853Z] [INFO] Loaded command: remind from misc
[2025-05-02T18:39:06.855Z] [INFO] Loaded command: reminderlist from misc
[2025-05-02T18:39:06.862Z] [INFO] Loaded command: antiping from moderation
[2025-05-02T18:39:06.865Z] [INFO] Loaded command: automod from moderation
[2025-05-02T18:39:06.866Z] [INFO] Loaded command: ban from moderation
[2025-05-02T18:39:06.867Z] [INFO] Loaded command: kick from moderation
[2025-05-02T18:39:06.869Z] [INFO] Loaded command: modlogs from moderation
[2025-05-02T18:39:06.870Z] [INFO] Loaded command: purge from moderation
[2025-05-02T18:39:06.871Z] [INFO] Loaded command: timeout from moderation
[2025-05-02T18:39:06.871Z] [INFO] Loaded command: unmute from moderation
[2025-05-02T18:39:06.872Z] [INFO] Loaded command: unsticky from sticky
[2025-05-02T18:39:06.872Z] [INFO] Loaded command: sticky from sticky
[2025-05-02T18:39:06.873Z] [INFO] Loaded command: afk from utility
[2025-05-02T18:39:06.873Z] [INFO] Loaded command: autoreply from utility
[2025-05-02T18:39:06.873Z] [INFO] Loaded command: avatar from utility
[2025-05-02T18:39:06.874Z] [INFO] Loaded command: banner from utility
[2025-05-02T18:39:06.877Z] [INFO] Loaded command: boosters from utility
[2025-05-02T18:39:06.878Z] [INFO] Loaded command: boostinfo from utility
[2025-05-02T18:39:06.878Z] [INFO] Loaded command: calculator from utility
[2025-05-02T18:39:06.879Z] [INFO] Loaded command: channelinfo from utility
[2025-05-02T18:39:06.880Z] [INFO] Loaded command: color from utility
[2025-05-02T18:39:06.881Z] [INFO] Loaded command: communitymood from utility
[2025-05-02T18:39:06.883Z] [INFO] Loaded command: countdown from utility
[2025-05-02T18:39:06.885Z] [INFO] Loaded command: embed from utility
[2025-05-02T18:39:06.886Z] [INFO] Loaded command: emojis from utility
[2025-05-02T18:39:06.887Z] [INFO] Loaded command: emoteinfo from utility
[2025-05-02T18:39:06.889Z] [INFO] Loaded command: findemoji from utility
[2025-05-02T18:39:06.891Z] [INFO] Loaded command: format from utility
[2025-05-02T18:39:06.894Z] [INFO] Loaded command: help from utility
[2025-05-02T18:39:06.893Z] [INFO] Loaded command: greeting from utility
[2025-05-02T18:39:06.895Z] [INFO] Loaded command: inviteinfo from utility
[2025-05-02T18:39:06.897Z] [INFO] Loaded command: membercount from utility
[2025-05-02T18:39:06.897Z] [INFO] Loaded command: mentions from utility
[2025-05-02T18:39:06.898Z] [INFO] Loaded command: messages from utility
[2025-05-02T18:39:06.902Z] [INFO] Loaded command: permissions from utility
[2025-05-02T18:39:06.905Z] [INFO] Loaded command: ping from utility
[2025-05-02T18:39:06.905Z] [INFO] Loaded command: quote from utility
[2025-05-02T18:39:06.912Z] [INFO] Loaded command: random from utility
[2025-05-02T18:39:06.926Z] [INFO] Loaded command: roleinfo from utility
[2025-05-02T18:39:06.926Z] [INFO] Loaded command: serverbanner from utility
[2025-05-02T18:39:06.927Z] [INFO] Loaded command: serverinfo from utility
[2025-05-02T18:39:06.927Z] [INFO] Loaded command: snipe from utility
[2025-05-02T18:39:06.927Z] [INFO] Loaded command: staff from utility
[2025-05-02T18:39:06.928Z] [INFO] Loaded command: stats from utility
[2025-05-02T18:39:06.929Z] [INFO] Loaded command: status from utility
[2025-05-02T18:39:06.930Z] [INFO] Loaded command: timestamp from utility
[2025-05-02T18:39:06.944Z] [INFO] Loaded command: tts from utility
[2025-05-02T18:39:06.945Z] [INFO] Loaded command: userinfo from utility
[2025-05-02T18:39:06.948Z] [INFO] Loaded command: vouch from utility
[2025-05-02T18:39:06.954Z] [INFO] Loaded command: weather from utility
[2025-05-02T18:39:06.954Z] [INFO] Attempting to log in to Discord...
[2025-05-02T18:39:06.824Z] [INFO] Loaded event: messageDelete
[2025-05-02T18:39:06.824Z] [INFO] Loaded event: messageReactionAdd
[2025-05-02T18:39:07.506Z] [INFO] Started refreshing 70 application (/) commands.
[2025-05-02T18:39:07.504Z] [INFO] Bot logged in successfully
[2025-05-02T18:39:07.589Z] [INFO] Logged in as .gg/snowhill#8571
[2025-05-02T18:39:07.589Z] [INFO] Bot is serving 1 guilds
[2025-05-02T18:39:07.589Z] [INFO] Connected to guild: SnowHill 1 Inv =  1 Moby (1321561162717855834) with 8180 members
[2025-05-02T18:39:07.851Z] [INFO] Successfully reloaded 70 guild (/) commands.
[2025-05-02T18:39:07.852Z] [INFO] Setting up sticky message handler
[2025-05-02T18:39:07.852Z] [INFO] Loaded 0 active giveaways
[2025-05-02T18:39:07.852Z] [INFO] Community mood tracking system initialized
[2025-05-02T18:40:29.035Z] [INFO] User sselyan (839580152774000721) used command /fortune
[2025-05-02T18:40:29.371Z] [INFO] User sselyan received a fortune cookie
[2025-05-02T18:40:30.505Z] [INFO] Requesting intents: Guilds, GuildMessages, GuildMembers, MessageContent, GuildMessageReactions
[2025-05-02T18:40:30.508Z] [INFO] Loaded event: guildMemberAdd
[2025-05-02T18:40:30.510Z] [INFO] Loaded event: interactionCreate
[2025-05-02T18:40:30.526Z] [INFO] Loaded event: messageCreate
[2025-05-02T18:40:30.525Z] [INFO] Loaded mentions data from file
[2025-05-02T18:40:30.526Z] [INFO] Loaded event: messageDelete
[2025-05-02T18:40:30.526Z] [INFO] Loaded event: messageReactionAdd
[2025-05-02T18:40:30.527Z] [INFO] Loaded event: messageReactionRemove
[2025-05-02T18:40:30.527Z] [INFO] Loaded event: ready
[2025-05-02T18:40:30.531Z] [INFO] Loaded command: 8ball from fun
[2025-05-02T18:40:30.532Z] [INFO] Loaded command: coinflip from fun
[2025-05-02T18:40:30.533Z] [INFO] Loaded command: dadjoke from fun
[2025-05-02T18:40:30.535Z] [INFO] Loaded command: dice from fun
[2025-05-02T18:40:30.537Z] [INFO] Loaded command: fortune from fun
[2025-05-02T18:40:30.537Z] [INFO] Loaded command: hangman from fun
[2025-05-02T18:40:30.539Z] [INFO] Loaded command: joke from fun
[2025-05-02T18:40:30.539Z] [INFO] Loaded command: poll from fun
[2025-05-02T18:40:30.541Z] [INFO] Loaded command: quotegen from fun
[2025-05-02T18:40:30.541Z] [INFO] Loaded command: rps from fun
[2025-05-02T18:40:30.543Z] [INFO] Loaded command: rpsls from fun
[2025-05-02T18:40:30.543Z] [INFO] Loaded command: scramble from fun
[2025-05-02T18:40:30.544Z] [INFO] Loaded command: tictactoe from fun
[2025-05-02T18:40:30.549Z] [INFO] Loaded command: trivia from fun
[2025-05-02T18:40:30.552Z] [INFO] Loaded command: urban from fun
[2025-05-02T18:40:30.555Z] [INFO] Loaded command: wordle from fun
[2025-05-02T18:40:30.556Z] [INFO] Loaded command: giveaway from giveaway
[2025-05-02T18:40:30.557Z] [INFO] Loaded command: gend from giveaway
[2025-05-02T18:40:30.559Z] [INFO] Loaded command: glist from giveaway
[2025-05-02T18:40:30.561Z] [INFO] Loaded command: greroll from giveaway
[2025-05-02T18:40:30.561Z] [INFO] Loaded command: remind from misc
[2025-05-02T18:40:30.562Z] [INFO] Loaded command: reminderlist from misc
[2025-05-02T18:40:30.565Z] [INFO] Loaded command: antiping from moderation
[2025-05-02T18:40:30.570Z] [INFO] Loaded command: automod from moderation
[2025-05-02T18:40:30.573Z] [INFO] Loaded command: ban from moderation
[2025-05-02T18:40:30.574Z] [INFO] Loaded command: kick from moderation
[2025-05-02T18:40:30.577Z] [INFO] Loaded command: modlogs from moderation
[2025-05-02T18:40:30.579Z] [INFO] Loaded command: purge from moderation
[2025-05-02T18:40:30.581Z] [INFO] Loaded command: timeout from moderation
[2025-05-02T18:40:30.584Z] [INFO] Loaded command: unmute from moderation
[2025-05-02T18:40:30.585Z] [INFO] Loaded command: unsticky from sticky
[2025-05-02T18:40:30.585Z] [INFO] Loaded command: sticky from sticky
[2025-05-02T18:40:30.585Z] [INFO] Loaded command: afk from utility
[2025-05-02T18:40:30.585Z] [INFO] Loaded command: autoreply from utility
[2025-05-02T18:40:30.586Z] [INFO] Loaded command: avatar from utility
[2025-05-02T18:40:30.587Z] [INFO] Loaded command: banner from utility
[2025-05-02T18:40:30.588Z] [INFO] Loaded command: boosters from utility
[2025-05-02T18:40:30.589Z] [INFO] Loaded command: boostinfo from utility
[2025-05-02T18:40:30.590Z] [INFO] Loaded command: calculator from utility
[2025-05-02T18:40:30.591Z] [INFO] Loaded command: channelinfo from utility
[2025-05-02T18:40:30.592Z] [INFO] Loaded command: color from utility
[2025-05-02T18:40:30.597Z] [INFO] Loaded command: communitymood from utility
[2025-05-02T18:40:30.599Z] [INFO] Loaded command: countdown from utility
[2025-05-02T18:40:30.604Z] [INFO] Loaded command: emojis from utility
[2025-05-02T18:40:30.603Z] [INFO] Loaded command: embed from utility
[2025-05-02T18:40:30.607Z] [INFO] Loaded command: emoteinfo from utility
[2025-05-02T18:40:30.609Z] [INFO] Loaded command: findemoji from utility
[2025-05-02T18:40:30.611Z] [INFO] Loaded command: format from utility
[2025-05-02T18:40:30.614Z] [INFO] Loaded command: greeting from utility
[2025-05-02T18:40:30.615Z] [INFO] Loaded command: help from utility
[2025-05-02T18:40:30.618Z] [INFO] Loaded command: inviteinfo from utility
[2025-05-02T18:40:30.620Z] [INFO] Loaded command: membercount from utility
[2025-05-02T18:40:30.620Z] [INFO] Loaded command: mentions from utility
[2025-05-02T18:40:30.625Z] [INFO] Loaded command: ping from utility
[2025-05-02T18:40:30.627Z] [INFO] Loaded command: quote from utility
[2025-05-02T18:40:30.628Z] [INFO] Loaded command: random from utility
[2025-05-02T18:40:30.630Z] [INFO] Loaded command: roleinfo from utility
[2025-05-02T18:40:30.631Z] [INFO] Loaded command: serverbanner from utility
[2025-05-02T18:40:30.621Z] [INFO] Loaded command: messages from utility
[2025-05-02T18:40:30.625Z] [INFO] Loaded command: permissions from utility
[2025-05-02T18:40:30.632Z] [INFO] Loaded command: serverinfo from utility
[2025-05-02T18:40:30.632Z] [INFO] Loaded command: snipe from utility
[2025-05-02T18:40:30.633Z] [INFO] Loaded command: staff from utility
[2025-05-02T18:40:30.634Z] [INFO] Loaded command: stats from utility
[2025-05-02T18:40:30.635Z] [INFO] Loaded command: status from utility
[2025-05-02T18:40:30.638Z] [INFO] Loaded command: timestamp from utility
[2025-05-02T18:40:30.640Z] [INFO] Loaded command: tts from utility
[2025-05-02T18:40:30.641Z] [INFO] Loaded command: userinfo from utility
[2025-05-02T18:40:30.642Z] [INFO] Loaded command: vouch from utility
[2025-05-02T18:40:30.643Z] [INFO] Loaded command: weather from utility
[2025-05-02T18:40:30.643Z] [INFO] Attempting to log in to Discord...
[2025-05-02T18:40:31.279Z] [INFO] Bot logged in successfully
[2025-05-02T18:40:31.283Z] [INFO] Started refreshing 70 application (/) commands.
[2025-05-02T18:40:31.393Z] [INFO] Logged in as .gg/snowhill#8571
[2025-05-02T18:40:31.394Z] [INFO] Bot is serving 1 guilds
[2025-05-02T18:40:31.394Z] [INFO] Connected to guild: SnowHill 1 Inv =  1 Moby (1321561162717855834) with 8180 members
[2025-05-02T18:40:32.150Z] [INFO] Successfully reloaded 70 guild (/) commands.
[2025-05-02T18:40:32.150Z] [INFO] Loaded 0 active giveaways
[2025-05-02T18:40:32.151Z] [INFO] Setting up sticky message handler
[2025-05-02T18:40:32.151Z] [INFO] Community mood tracking system initialized
[2025-05-02T18:40:51.417Z] [INFO] Requesting intents: Guilds, GuildMessages, GuildMembers, MessageContent, GuildMessageReactions
[2025-05-02T18:40:51.419Z] [INFO] Loaded event: guildMemberAdd
[2025-05-02T18:40:51.421Z] [INFO] Loaded event: interactionCreate
[2025-05-02T18:40:51.426Z] [INFO] Loaded mentions data from file
[2025-05-02T18:40:51.427Z] [INFO] Loaded event: messageCreate
[2025-05-02T18:40:51.427Z] [INFO] Loaded event: messageDelete
[2025-05-02T18:40:51.427Z] [INFO] Loaded event: messageReactionAdd
[2025-05-02T18:40:51.427Z] [INFO] Loaded event: messageReactionRemove
[2025-05-02T18:40:51.428Z] [INFO] Loaded event: ready
[2025-05-02T18:40:51.429Z] [INFO] Loaded command: 8ball from fun
[2025-05-02T18:40:51.430Z] [INFO] Loaded command: coinflip from fun
[2025-05-02T18:40:51.430Z] [INFO] Loaded command: dadjoke from fun
[2025-05-02T18:40:51.431Z] [INFO] Loaded command: dice from fun
[2025-05-02T18:40:51.431Z] [INFO] Loaded command: fortune from fun
[2025-05-02T18:40:51.432Z] [INFO] Loaded command: hangman from fun
[2025-05-02T18:40:51.433Z] [INFO] Loaded command: joke from fun
[2025-05-02T18:40:51.434Z] [INFO] Loaded command: poll from fun
[2025-05-02T18:40:51.435Z] [INFO] Loaded command: quotegen from fun
[2025-05-02T18:40:51.435Z] [INFO] Loaded command: rps from fun
[2025-05-02T18:40:51.436Z] [INFO] Loaded command: rpsls from fun
[2025-05-02T18:40:51.436Z] [INFO] Loaded command: scramble from fun
[2025-05-02T18:40:51.438Z] [INFO] Loaded command: tictactoe from fun
[2025-05-02T18:40:51.439Z] [INFO] Loaded command: trivia from fun
[2025-05-02T18:40:51.439Z] [INFO] Loaded command: urban from fun
[2025-05-02T18:40:51.440Z] [INFO] Loaded command: wordle from fun
[2025-05-02T18:40:51.440Z] [INFO] Loaded command: giveaway from giveaway
[2025-05-02T18:40:51.440Z] [INFO] Loaded command: gend from giveaway
[2025-05-02T18:40:51.441Z] [INFO] Loaded command: glist from giveaway
[2025-05-02T18:40:51.442Z] [INFO] Loaded command: greroll from giveaway
[2025-05-02T18:40:51.442Z] [INFO] Loaded command: remind from misc
[2025-05-02T18:40:51.442Z] [INFO] Loaded command: reminderlist from misc
[2025-05-02T18:40:51.444Z] [INFO] Loaded command: antiping from moderation
[2025-05-02T18:40:51.446Z] [INFO] Loaded command: automod from moderation
[2025-05-02T18:40:51.447Z] [INFO] Loaded command: ban from moderation
[2025-05-02T18:40:51.447Z] [INFO] Loaded command: kick from moderation
[2025-05-02T18:40:51.449Z] [INFO] Loaded command: modlogs from moderation
[2025-05-02T18:40:51.449Z] [INFO] Loaded command: purge from moderation
[2025-05-02T18:40:51.450Z] [INFO] Loaded command: timeout from moderation
[2025-05-02T18:40:51.451Z] [INFO] Loaded command: unmute from moderation
[2025-05-02T18:40:51.451Z] [INFO] Loaded command: unsticky from sticky
[2025-05-02T18:40:51.451Z] [INFO] Loaded command: sticky from sticky
[2025-05-02T18:40:51.451Z] [INFO] Loaded command: afk from utility
[2025-05-02T18:40:51.451Z] [INFO] Loaded command: autoreply from utility
[2025-05-02T18:40:51.452Z] [INFO] Loaded command: avatar from utility
[2025-05-02T18:40:51.452Z] [INFO] Loaded command: banner from utility
[2025-05-02T18:40:51.453Z] [INFO] Loaded command: boosters from utility
[2025-05-02T18:40:51.453Z] [INFO] Loaded command: boostinfo from utility
[2025-05-02T18:40:51.453Z] [INFO] Loaded command: calculator from utility
[2025-05-02T18:40:51.454Z] [INFO] Loaded command: channelinfo from utility
[2025-05-02T18:40:51.455Z] [INFO] Loaded command: color from utility
[2025-05-02T18:40:51.455Z] [INFO] Loaded command: communitymood from utility
[2025-05-02T18:40:51.456Z] [INFO] Loaded command: countdown from utility
[2025-05-02T18:40:51.457Z] [INFO] Loaded command: embed from utility
[2025-05-02T18:40:51.458Z] [INFO] Loaded command: emojis from utility
[2025-05-02T18:40:51.458Z] [INFO] Loaded command: emoteinfo from utility
[2025-05-02T18:40:51.459Z] [INFO] Loaded command: findemoji from utility
[2025-05-02T18:40:51.460Z] [INFO] Loaded command: format from utility
[2025-05-02T18:40:51.462Z] [INFO] Loaded command: greeting from utility
[2025-05-02T18:40:51.463Z] [INFO] Loaded command: help from utility
[2025-05-02T18:40:51.463Z] [INFO] Loaded command: inviteinfo from utility
[2025-05-02T18:40:51.464Z] [INFO] Loaded command: membercount from utility
[2025-05-02T18:40:51.464Z] [INFO] Loaded command: mentions from utility
[2025-05-02T18:40:51.465Z] [INFO] Loaded command: messages from utility
[2025-05-02T18:40:51.467Z] [INFO] Loaded command: permissions from utility
[2025-05-02T18:40:51.467Z] [INFO] Loaded command: ping from utility
[2025-05-02T18:40:51.468Z] [INFO] Loaded command: quote from utility
[2025-05-02T18:40:51.469Z] [INFO] Loaded command: random from utility
[2025-05-02T18:40:51.469Z] [INFO] Loaded command: roleinfo from utility
[2025-05-02T18:40:51.469Z] [INFO] Loaded command: serverbanner from utility
[2025-05-02T18:40:51.470Z] [INFO] Loaded command: serverinfo from utility
[2025-05-02T18:40:51.470Z] [INFO] Loaded command: snipe from utility
[2025-05-02T18:40:51.470Z] [INFO] Loaded command: staff from utility
[2025-05-02T18:40:51.471Z] [INFO] Loaded command: stats from utility
[2025-05-02T18:40:51.472Z] [INFO] Loaded command: status from utility
[2025-05-02T18:40:51.473Z] [INFO] Loaded command: timestamp from utility
[2025-05-02T18:40:51.475Z] [INFO] Loaded command: tts from utility
[2025-05-02T18:40:51.475Z] [INFO] Loaded command: userinfo from utility
[2025-05-02T18:40:51.476Z] [INFO] Loaded command: vouch from utility
[2025-05-02T18:40:51.476Z] [INFO] Loaded command: weather from utility
[2025-05-02T18:40:51.476Z] [INFO] Attempting to log in to Discord...
[2025-05-02T18:40:52.038Z] [INFO] Bot logged in successfully
[2025-05-02T18:40:52.040Z] [INFO] Started refreshing 70 application (/) commands.
[2025-05-02T18:40:52.168Z] [INFO] Logged in as .gg/snowhill#8571
[2025-05-02T18:40:52.169Z] [INFO] Bot is serving 1 guilds
[2025-05-02T18:40:52.169Z] [INFO] Connected to guild: SnowHill 1 Inv =  1 Moby (1321561162717855834) with 8180 members
[2025-05-02T18:40:53.064Z] [INFO] Successfully reloaded 70 global (/) commands.
[2025-05-02T18:40:53.065Z] [INFO] Setting up sticky message handler
[2025-05-02T18:40:53.065Z] [INFO] Community mood tracking system initialized
[2025-05-02T18:40:53.064Z] [INFO] Loaded 0 active giveaways
[2025-05-02T18:40:59.956Z] [INFO] Saved mentions data to file
[2025-05-02T18:42:24.383Z] [INFO] User sselyan (839580152774000721) used command /staff
[2025-05-02T18:42:25.620Z] [INFO] User sselyan (839580152774000721) requested the staff list
[2025-05-02T18:43:39.918Z] [INFO] Requesting intents: Guilds, GuildMessages, GuildMembers, MessageContent, GuildMessageReactions
[2025-05-02T18:43:39.921Z] [INFO] Loaded event: guildMemberAdd
[2025-05-02T18:43:39.922Z] [INFO] Loaded event: interactionCreate
[2025-05-02T18:43:39.927Z] [INFO] Loaded mentions data from file
[2025-05-02T18:43:39.928Z] [INFO] Loaded event: messageCreate
[2025-05-02T18:43:39.928Z] [INFO] Loaded event: messageDelete
[2025-05-02T18:43:39.929Z] [INFO] Loaded event: messageReactionAdd
[2025-05-02T18:43:39.929Z] [INFO] Loaded event: messageReactionRemove
[2025-05-02T18:43:39.929Z] [INFO] Loaded event: ready
[2025-05-02T18:43:39.930Z] [INFO] Loaded command: 8ball from fun
[2025-05-02T18:43:39.930Z] [INFO] Loaded command: coinflip from fun
[2025-05-02T18:43:39.931Z] [INFO] Loaded command: dadjoke from fun
[2025-05-02T18:43:39.932Z] [INFO] Loaded command: dice from fun
[2025-05-02T18:43:39.932Z] [INFO] Loaded command: fortune from fun
[2025-05-02T18:43:39.934Z] [INFO] Loaded command: joke from fun
[2025-05-02T18:43:39.935Z] [INFO] Loaded command: poll from fun
[2025-05-02T18:43:39.935Z] [INFO] Loaded command: quotegen from fun
[2025-05-02T18:43:39.933Z] [INFO] Loaded command: hangman from fun
[2025-05-02T18:43:39.936Z] [INFO] Loaded command: rps from fun
[2025-05-02T18:43:39.937Z] [INFO] Loaded command: rpsls from fun
[2025-05-02T18:43:39.937Z] [INFO] Loaded command: scramble from fun
[2025-05-02T18:43:39.938Z] [INFO] Loaded command: tictactoe from fun
[2025-05-02T18:43:39.939Z] [INFO] Loaded command: trivia from fun
[2025-05-02T18:43:39.939Z] [INFO] Loaded command: urban from fun
[2025-05-02T18:43:39.940Z] [INFO] Loaded command: wordle from fun
[2025-05-02T18:43:39.940Z] [INFO] Loaded command: giveaway from giveaway
[2025-05-02T18:43:39.941Z] [INFO] Loaded command: gend from giveaway
[2025-05-02T18:43:39.941Z] [INFO] Loaded command: glist from giveaway
[2025-05-02T18:43:39.942Z] [INFO] Loaded command: greroll from giveaway
[2025-05-02T18:43:39.942Z] [INFO] Loaded command: remind from misc
[2025-05-02T18:43:39.942Z] [INFO] Loaded command: reminderlist from misc
[2025-05-02T18:43:39.944Z] [INFO] Loaded command: antiping from moderation
[2025-05-02T18:43:39.946Z] [INFO] Loaded command: automod from moderation
[2025-05-02T18:43:39.947Z] [INFO] Loaded command: ban from moderation
[2025-05-02T18:43:39.947Z] [INFO] Loaded command: kick from moderation
[2025-05-02T18:43:39.949Z] [INFO] Loaded command: modlogs from moderation
[2025-05-02T18:43:39.950Z] [INFO] Loaded command: purge from moderation
[2025-05-02T18:43:39.950Z] [INFO] Loaded command: timeout from moderation
[2025-05-02T18:43:39.951Z] [INFO] Loaded command: unsticky from sticky
[2025-05-02T18:43:39.951Z] [INFO] Loaded command: sticky from sticky
[2025-05-02T18:43:39.952Z] [INFO] Loaded command: afk from utility
[2025-05-02T18:43:39.952Z] [INFO] Loaded command: autoreply from utility
[2025-05-02T18:43:39.952Z] [INFO] Loaded command: avatar from utility
[2025-05-02T18:43:39.953Z] [INFO] Loaded command: banner from utility
[2025-05-02T18:43:39.953Z] [INFO] Loaded command: boosters from utility
[2025-05-02T18:43:39.954Z] [INFO] Loaded command: boostinfo from utility
[2025-05-02T18:43:39.954Z] [INFO] Loaded command: calculator from utility
[2025-05-02T18:43:39.955Z] [INFO] Loaded command: channelinfo from utility
[2025-05-02T18:43:39.956Z] [INFO] Loaded command: color from utility
[2025-05-02T18:43:39.957Z] [INFO] Loaded command: communitymood from utility
[2025-05-02T18:43:39.958Z] [INFO] Loaded command: countdown from utility
[2025-05-02T18:43:39.960Z] [INFO] Loaded command: embed from utility
[2025-05-02T18:43:39.960Z] [INFO] Loaded command: emojis from utility
[2025-05-02T18:43:39.961Z] [INFO] Loaded command: emoteinfo from utility
[2025-05-02T18:43:39.962Z] [INFO] Loaded command: findemoji from utility
[2025-05-02T18:43:39.964Z] [INFO] Loaded command: format from utility
[2025-05-02T18:43:39.965Z] [INFO] Loaded command: greeting from utility
[2025-05-02T18:43:39.966Z] [INFO] Loaded command: help from utility
[2025-05-02T18:43:39.966Z] [INFO] Loaded command: inviteinfo from utility
[2025-05-02T18:43:39.966Z] [INFO] Loaded command: membercount from utility
[2025-05-02T18:43:39.967Z] [INFO] Loaded command: mentions from utility
[2025-05-02T18:43:39.967Z] [INFO] Loaded command: messages from utility
[2025-05-02T18:43:39.968Z] [INFO] Loaded command: permissions from utility
[2025-05-02T18:43:39.969Z] [INFO] Loaded command: ping from utility
[2025-05-02T18:43:39.969Z] [INFO] Loaded command: quote from utility
[2025-05-02T18:43:39.970Z] [INFO] Loaded command: random from utility
[2025-05-02T18:43:39.971Z] [INFO] Loaded command: roleinfo from utility
[2025-05-02T18:43:39.971Z] [INFO] Loaded command: serverbanner from utility
[2025-05-02T18:43:39.971Z] [INFO] Loaded command: serverinfo from utility
[2025-05-02T18:43:39.972Z] [INFO] Loaded command: snipe from utility
[2025-05-02T18:43:39.972Z] [INFO] Loaded command: staff from utility
[2025-05-02T18:43:39.973Z] [INFO] Loaded command: stats from utility
[2025-05-02T18:43:39.973Z] [INFO] Loaded command: status from utility
[2025-05-02T18:43:39.974Z] [INFO] Loaded command: timestamp from utility
[2025-05-02T18:43:39.976Z] [INFO] Loaded command: tts from utility
[2025-05-02T18:43:39.976Z] [INFO] Loaded command: userinfo from utility
[2025-05-02T18:43:39.977Z] [INFO] Loaded command: vouch from utility
[2025-05-02T18:43:39.977Z] [INFO] Loaded command: weather from utility
[2025-05-02T18:43:39.978Z] [INFO] Attempting to log in to Discord...
[2025-05-02T18:43:39.951Z] [INFO] Loaded command: unmute from moderation
[2025-05-02T18:43:42.104Z] [INFO] Bot logged in successfully
[2025-05-02T18:43:42.106Z] [INFO] Started refreshing 70 application (/) commands.
[2025-05-02T18:43:42.194Z] [INFO] Logged in as .gg/snowhill#8571
[2025-05-02T18:43:42.195Z] [INFO] Bot is serving 1 guilds
[2025-05-02T18:43:42.195Z] [INFO] Connected to guild: SnowHill 1 Inv =  1 Moby (1321561162717855834) with 8180 members
[2025-05-02T18:43:42.514Z] [INFO] Loaded 0 active giveaways
[2025-05-02T18:43:42.513Z] [INFO] Successfully reloaded 70 global (/) commands.
[2025-05-02T18:43:42.514Z] [INFO] Setting up sticky message handler
[2025-05-02T18:43:42.514Z] [INFO] Community mood tracking system initialized
[2025-05-02T18:46:10.530Z] [INFO] Using file-based storage for sticky_messages
[2025-05-02T18:46:10.568Z] [INFO] Loaded event: interactionCreate
[2025-05-02T18:46:10.573Z] [INFO] Loaded mentions data from file
[2025-05-02T18:46:10.574Z] [INFO] Loaded event: messageCreate
[2025-05-02T18:46:10.575Z] [INFO] Loaded event: messageDelete
[2025-05-02T18:46:10.575Z] [INFO] Loaded event: messageReactionAdd
[2025-05-02T18:46:10.575Z] [INFO] Loaded event: messageReactionRemove
[2025-05-02T18:46:10.576Z] [INFO] Loaded event: ready
[2025-05-02T18:46:10.577Z] [INFO] Loaded command: 8ball from fun
[2025-05-02T18:46:10.578Z] [INFO] Loaded command: coinflip from fun
[2025-05-02T18:46:10.579Z] [INFO] Loaded command: dadjoke from fun
[2025-05-02T18:46:10.580Z] [INFO] Loaded command: dice from fun
[2025-05-02T18:46:10.582Z] [INFO] Loaded command: fortune from fun
[2025-05-02T18:46:10.583Z] [INFO] Loaded command: hangman from fun
[2025-05-02T18:46:10.584Z] [INFO] Loaded command: joke from fun
[2025-05-02T18:46:10.586Z] [INFO] Loaded command: poll from fun
[2025-05-02T18:46:10.587Z] [INFO] Loaded command: quotegen from fun
[2025-05-02T18:46:10.588Z] [INFO] Loaded command: rps from fun
[2025-05-02T18:46:10.589Z] [INFO] Loaded command: rpsls from fun
[2025-05-02T18:46:10.589Z] [INFO] Loaded command: scramble from fun
[2025-05-02T18:46:10.590Z] [INFO] Loaded command: tictactoe from fun
[2025-05-02T18:46:10.592Z] [INFO] Loaded command: trivia from fun
[2025-05-02T18:46:10.594Z] [INFO] Loaded command: urban from fun
[2025-05-02T18:46:10.602Z] [INFO] Loaded command: wordle from fun
[2025-05-02T18:46:10.602Z] [INFO] Loaded command: giveaway from giveaway
[2025-05-02T18:46:10.603Z] [INFO] Loaded command: gend from giveaway
[2025-05-02T18:46:10.604Z] [INFO] Loaded command: glist from giveaway
[2025-05-02T18:46:10.605Z] [INFO] Loaded command: greroll from giveaway
[2025-05-02T18:46:10.605Z] [INFO] Loaded command: remind from misc
[2025-05-02T18:46:10.607Z] [INFO] Loaded command: reminderlist from misc
[2025-05-02T18:46:10.613Z] [INFO] Loaded command: antiping from moderation
[2025-05-02T18:46:10.617Z] [INFO] Loaded command: automod from moderation
[2025-05-02T18:46:10.618Z] [INFO] Loaded command: ban from moderation
[2025-05-02T18:46:10.563Z] [INFO] Loaded event: guildMemberAdd
[2025-05-02T18:46:10.620Z] [INFO] Loaded command: kick from moderation
[2025-05-02T18:46:10.623Z] [INFO] Loaded command: modlogs from moderation
[2025-05-02T18:46:10.624Z] [INFO] Loaded command: purge from moderation
[2025-05-02T18:46:10.626Z] [INFO] Loaded command: timeout from moderation
[2025-05-02T18:46:10.629Z] [INFO] Loaded command: unmute from moderation
[2025-05-02T18:46:10.559Z] [INFO] Requesting intents: Guilds, GuildMessages, GuildMembers, MessageContent, GuildMessageReactions
[2025-05-02T18:46:10.631Z] [INFO] Loaded command: unsticky from sticky
[2025-05-02T18:46:10.631Z] [INFO] Loaded command: sticky from sticky
[2025-05-02T18:46:10.631Z] [INFO] Loaded command: afk from utility
[2025-05-02T18:46:10.631Z] [INFO] Loaded command: autoreply from utility
[2025-05-02T18:46:10.632Z] [INFO] Loaded command: avatar from utility
[2025-05-02T18:46:10.633Z] [INFO] Loaded command: banner from utility
[2025-05-02T18:46:10.634Z] [INFO] Loaded command: boosters from utility
[2025-05-02T18:46:10.636Z] [INFO] Loaded command: calculator from utility
[2025-05-02T18:46:10.644Z] [INFO] Loaded command: channelinfo from utility
[2025-05-02T18:46:10.647Z] [INFO] Loaded command: color from utility
[2025-05-02T18:46:10.654Z] [INFO] Loaded command: communitymood from utility
[2025-05-02T18:46:10.656Z] [INFO] Loaded command: countdown from utility
[2025-05-02T18:46:10.658Z] [INFO] Loaded command: embed from utility
[2025-05-02T18:46:10.659Z] [INFO] Loaded command: emojis from utility
[2025-05-02T18:46:10.663Z] [INFO] Loaded command: emoteinfo from utility
[2025-05-02T18:46:10.665Z] [INFO] Loaded command: findemoji from utility
[2025-05-02T18:46:10.635Z] [INFO] Loaded command: boostinfo from utility
[2025-05-02T18:46:10.667Z] [INFO] Loaded command: format from utility
[2025-05-02T18:46:10.669Z] [INFO] Loaded command: greeting from utility
[2025-05-02T18:46:10.670Z] [INFO] Loaded command: inviteinfo from utility
[2025-05-02T18:46:10.671Z] [INFO] Loaded command: membercount from utility
[2025-05-02T18:46:10.671Z] [INFO] Loaded command: mentions from utility
[2025-05-02T18:46:10.672Z] [INFO] Loaded command: messages from utility
[2025-05-02T18:46:10.676Z] [INFO] Loaded command: permissions from utility
[2025-05-02T18:46:10.676Z] [INFO] Loaded command: ping from utility
[2025-05-02T18:46:10.678Z] [INFO] Loaded command: quote from utility
[2025-05-02T18:46:10.679Z] [INFO] Loaded command: random from utility
[2025-05-02T18:46:10.682Z] [INFO] Loaded command: roleinfo from utility
[2025-05-02T18:46:10.682Z] [INFO] Loaded command: serverbanner from utility
[2025-05-02T18:46:10.669Z] [INFO] Loaded command: help from utility
[2025-05-02T18:46:10.683Z] [INFO] Loaded command: serverinfo from utility
[2025-05-02T18:46:10.684Z] [INFO] Loaded command: snipe from utility
[2025-05-02T18:46:10.684Z] [INFO] Loaded command: staff from utility
[2025-05-02T18:46:10.687Z] [INFO] Loaded command: stats from utility
[2025-05-02T18:46:10.687Z] [INFO] Loaded command: status from utility
[2025-05-02T18:46:10.691Z] [INFO] Loaded command: timestamp from utility
[2025-05-02T18:46:10.693Z] [INFO] Loaded command: tts from utility
[2025-05-02T18:46:10.695Z] [INFO] Loaded command: userinfo from utility
[2025-05-02T18:46:10.696Z] [INFO] Loaded command: vouch from utility
[2025-05-02T18:46:10.697Z] [INFO] Loaded command: weather from utility
[2025-05-02T18:46:10.697Z] [INFO] Attempting to log in to Discord...
[2025-05-02T18:46:11.219Z] [INFO] Bot logged in successfully
[2025-05-02T18:46:11.221Z] [INFO] Started refreshing 70 application (/) commands.
[2025-05-02T18:46:11.377Z] [INFO] Logged in as .gg/snowhill#8571
[2025-05-02T18:46:11.378Z] [INFO] Bot is serving 1 guilds
[2025-05-02T18:46:11.378Z] [INFO] Connected to guild: SnowHill 1 Inv =  1 Moby (1321561162717855834) with 8180 members
[2025-05-02T18:46:12.021Z] [INFO] Successfully reloaded 70 global (/) commands.
[2025-05-02T18:46:12.022Z] [INFO] Loaded 0 active giveaways
[2025-05-02T18:46:12.022Z] [INFO] Setting up sticky message handler
[2025-05-02T18:46:12.226Z] [WARN] Sticky message channel 1364548893961879687 not found or inaccessible
[2025-05-02T18:46:12.227Z] [INFO] No sticky messages to reinstate after bot restart
[2025-05-02T18:46:12.227Z] [INFO] Community mood tracking system initialized
[2025-05-02T18:46:30.597Z] [INFO] Using file-based storage for sticky_messages
[2025-05-02T18:46:30.643Z] [INFO] Requesting intents: Guilds, GuildMessages, GuildMembers, MessageContent, GuildMessageReactions
[2025-05-02T18:46:30.644Z] [INFO] Loaded event: guildMemberAdd
[2025-05-02T18:46:30.646Z] [INFO] Loaded event: interactionCreate
[2025-05-02T18:46:30.654Z] [INFO] Loaded mentions data from file
[2025-05-02T18:46:30.654Z] [INFO] Loaded event: messageCreate
[2025-05-02T18:46:30.655Z] [INFO] Loaded event: messageDelete
[2025-05-02T18:46:30.655Z] [INFO] Loaded event: messageReactionAdd
[2025-05-02T18:46:30.656Z] [INFO] Loaded event: messageReactionRemove
[2025-05-02T18:46:30.656Z] [INFO] Loaded event: ready
[2025-05-02T18:46:30.657Z] [INFO] Loaded command: 8ball from fun
[2025-05-02T18:46:30.658Z] [INFO] Loaded command: coinflip from fun
[2025-05-02T18:46:30.658Z] [INFO] Loaded command: dadjoke from fun
[2025-05-02T18:46:30.663Z] [INFO] Loaded command: dice from fun
[2025-05-02T18:46:30.664Z] [INFO] Loaded command: fortune from fun
[2025-05-02T18:46:30.665Z] [INFO] Loaded command: hangman from fun
[2025-05-02T18:46:30.666Z] [INFO] Loaded command: joke from fun
[2025-05-02T18:46:30.668Z] [INFO] Loaded command: poll from fun
[2025-05-02T18:46:30.669Z] [INFO] Loaded command: quotegen from fun
[2025-05-02T18:46:30.674Z] [INFO] Loaded command: rps from fun
[2025-05-02T18:46:30.675Z] [INFO] Loaded command: rpsls from fun
[2025-05-02T18:46:30.676Z] [INFO] Loaded command: scramble from fun
[2025-05-02T18:46:30.677Z] [INFO] Loaded command: tictactoe from fun
[2025-05-02T18:46:30.678Z] [INFO] Loaded command: trivia from fun
[2025-05-02T18:46:30.678Z] [INFO] Loaded command: urban from fun
[2025-05-02T18:46:30.679Z] [INFO] Loaded command: wordle from fun
[2025-05-02T18:46:30.680Z] [INFO] Loaded command: giveaway from giveaway
[2025-05-02T18:46:30.680Z] [INFO] Loaded command: gend from giveaway
[2025-05-02T18:46:30.681Z] [INFO] Loaded command: glist from giveaway
[2025-05-02T18:46:30.682Z] [INFO] Loaded command: greroll from giveaway
[2025-05-02T18:46:30.682Z] [INFO] Loaded command: remind from misc
[2025-05-02T18:46:30.683Z] [INFO] Loaded command: reminderlist from misc
[2025-05-02T18:46:30.685Z] [INFO] Loaded command: antiping from moderation
[2025-05-02T18:46:30.688Z] [INFO] Loaded command: automod from moderation
[2025-05-02T18:46:30.688Z] [INFO] Loaded command: ban from moderation
[2025-05-02T18:46:30.689Z] [INFO] Loaded command: kick from moderation
[2025-05-02T18:46:30.691Z] [INFO] Loaded command: modlogs from moderation
[2025-05-02T18:46:30.692Z] [INFO] Loaded command: purge from moderation
[2025-05-02T18:46:30.693Z] [INFO] Loaded command: timeout from moderation
[2025-05-02T18:46:30.694Z] [INFO] Loaded command: unmute from moderation
[2025-05-02T18:46:30.694Z] [INFO] Loaded command: unsticky from sticky
[2025-05-02T18:46:30.695Z] [INFO] Loaded command: sticky from sticky
[2025-05-02T18:46:30.695Z] [INFO] Loaded command: afk from utility
[2025-05-02T18:46:30.695Z] [INFO] Loaded command: autoreply from utility
[2025-05-02T18:46:30.696Z] [INFO] Loaded command: avatar from utility
[2025-05-02T18:46:30.697Z] [INFO] Loaded command: banner from utility
[2025-05-02T18:46:30.698Z] [INFO] Loaded command: boosters from utility
[2025-05-02T18:46:30.700Z] [INFO] Loaded command: boostinfo from utility
[2025-05-02T18:46:30.702Z] [INFO] Loaded command: calculator from utility
[2025-05-02T18:46:30.704Z] [INFO] Loaded command: channelinfo from utility
[2025-05-02T18:46:30.705Z] [INFO] Loaded command: color from utility
[2025-05-02T18:46:30.706Z] [INFO] Loaded command: communitymood from utility
[2025-05-02T18:46:30.713Z] [INFO] Loaded command: countdown from utility
[2025-05-02T18:46:30.718Z] [INFO] Loaded command: embed from utility
[2025-05-02T18:46:30.721Z] [INFO] Loaded command: emojis from utility
[2025-05-02T18:46:30.723Z] [INFO] Loaded command: emoteinfo from utility
[2025-05-02T18:46:30.727Z] [INFO] Loaded command: findemoji from utility
[2025-05-02T18:46:30.738Z] [INFO] Loaded command: format from utility
[2025-05-02T18:46:30.743Z] [INFO] Loaded command: greeting from utility
[2025-05-02T18:46:30.744Z] [INFO] Loaded command: help from utility
[2025-05-02T18:46:30.748Z] [INFO] Loaded command: inviteinfo from utility
[2025-05-02T18:46:30.748Z] [INFO] Loaded command: membercount from utility
[2025-05-02T18:46:30.748Z] [INFO] Loaded command: mentions from utility
[2025-05-02T18:46:30.749Z] [INFO] Loaded command: messages from utility
[2025-05-02T18:46:30.752Z] [INFO] Loaded command: permissions from utility
[2025-05-02T18:46:30.753Z] [INFO] Loaded command: ping from utility
[2025-05-02T18:46:30.753Z] [INFO] Loaded command: quote from utility
[2025-05-02T18:46:30.754Z] [INFO] Loaded command: random from utility
[2025-05-02T18:46:30.755Z] [INFO] Loaded command: roleinfo from utility
[2025-05-02T18:46:30.756Z] [INFO] Loaded command: serverbanner from utility
[2025-05-02T18:46:30.756Z] [INFO] Loaded command: serverinfo from utility
[2025-05-02T18:46:30.756Z] [INFO] Loaded command: snipe from utility
[2025-05-02T18:46:30.757Z] [INFO] Loaded command: staff from utility
[2025-05-02T18:46:30.758Z] [INFO] Loaded command: stats from utility
[2025-05-02T18:46:30.759Z] [INFO] Loaded command: status from utility
[2025-05-02T18:46:30.760Z] [INFO] Loaded command: timestamp from utility
[2025-05-02T18:46:30.762Z] [INFO] Loaded command: tts from utility
[2025-05-02T18:46:30.762Z] [INFO] Loaded command: userinfo from utility
[2025-05-02T18:46:30.763Z] [INFO] Loaded command: vouch from utility
[2025-05-02T18:46:30.763Z] [INFO] Loaded command: weather from utility
[2025-05-02T18:46:30.764Z] [INFO] Attempting to log in to Discord...
[2025-05-02T18:46:31.539Z] [INFO] Bot logged in successfully
[2025-05-02T18:46:31.542Z] [INFO] Started refreshing 70 application (/) commands.
[2025-05-02T18:46:31.644Z] [INFO] Logged in as .gg/snowhill#8571
[2025-05-02T18:46:31.644Z] [INFO] Bot is serving 1 guilds
[2025-05-02T18:46:31.645Z] [INFO] Connected to guild: SnowHill 1 Inv =  1 Moby (1321561162717855834) with 8180 members
[2025-05-02T18:46:32.048Z] [INFO] Successfully reloaded 70 global (/) commands.
[2025-05-02T18:46:32.048Z] [INFO] Loaded 0 active giveaways
[2025-05-02T18:46:32.049Z] [INFO] Setting up sticky message handler
[2025-05-02T18:46:32.249Z] [WARN] Sticky message channel 1364548893961879687 not found or inaccessible
[2025-05-02T18:46:32.249Z] [INFO] No sticky messages to reinstate after bot restart
[2025-05-02T18:46:32.250Z] [INFO] Community mood tracking system initialized
[2025-05-02T18:47:05.831Z] [INFO] Saved mentions data to file
[2025-05-02T18:47:35.594Z] [INFO] Saved mentions data to file
[2025-05-02T18:47:55.376Z] [INFO] Requesting intents: Guilds, GuildMessages, GuildMembers, MessageContent, GuildMessageReactions
[2025-05-02T18:47:55.378Z] [INFO] Loaded event: guildMemberAdd
[2025-05-02T18:47:55.380Z] [INFO] Loaded event: interactionCreate
[2025-05-02T18:47:55.385Z] [INFO] Loaded mentions data from file
[2025-05-02T18:47:55.386Z] [INFO] Loaded event: messageCreate
[2025-05-02T18:47:55.386Z] [INFO] Loaded event: messageDelete
[2025-05-02T18:47:55.386Z] [INFO] Loaded event: messageReactionAdd
[2025-05-02T18:47:55.387Z] [INFO] Loaded event: messageReactionRemove
[2025-05-02T18:47:55.387Z] [INFO] Loaded event: ready
[2025-05-02T18:47:55.388Z] [INFO] Loaded command: 8ball from fun
[2025-05-02T18:47:55.388Z] [INFO] Loaded command: coinflip from fun
[2025-05-02T18:47:55.389Z] [INFO] Loaded command: dadjoke from fun
[2025-05-02T18:47:55.389Z] [INFO] Loaded command: dice from fun
[2025-05-02T18:47:55.390Z] [INFO] Loaded command: fortune from fun
[2025-05-02T18:47:55.391Z] [INFO] Loaded command: hangman from fun
[2025-05-02T18:47:55.391Z] [INFO] Loaded command: joke from fun
[2025-05-02T18:47:55.392Z] [INFO] Loaded command: poll from fun
[2025-05-02T18:47:55.393Z] [INFO] Loaded command: quotegen from fun
[2025-05-02T18:47:55.394Z] [INFO] Loaded command: rps from fun
[2025-05-02T18:47:55.395Z] [INFO] Loaded command: rpsls from fun
[2025-05-02T18:47:55.395Z] [INFO] Loaded command: scramble from fun
[2025-05-02T18:47:55.397Z] [INFO] Loaded command: trivia from fun
[2025-05-02T18:47:55.397Z] [INFO] Loaded command: urban from fun
[2025-05-02T18:47:55.396Z] [INFO] Loaded command: tictactoe from fun
[2025-05-02T18:47:55.398Z] [INFO] Loaded command: wordle from fun
[2025-05-02T18:47:55.398Z] [INFO] Loaded command: giveaway from giveaway
[2025-05-02T18:47:55.399Z] [INFO] Loaded command: gend from giveaway
[2025-05-02T18:47:55.399Z] [INFO] Loaded command: glist from giveaway
[2025-05-02T18:47:55.400Z] [INFO] Loaded command: greroll from giveaway
[2025-05-02T18:47:55.400Z] [INFO] Loaded command: remind from misc
[2025-05-02T18:47:55.401Z] [INFO] Loaded command: reminderlist from misc
[2025-05-02T18:47:55.403Z] [INFO] Loaded command: antiping from moderation
[2025-05-02T18:47:55.406Z] [INFO] Loaded command: automod from moderation
[2025-05-02T18:47:55.406Z] [INFO] Loaded command: ban from moderation
[2025-05-02T18:47:55.407Z] [INFO] Loaded command: kick from moderation
[2025-05-02T18:47:55.408Z] [INFO] Loaded command: modlogs from moderation
[2025-05-02T18:47:55.409Z] [INFO] Loaded command: purge from moderation
[2025-05-02T18:47:55.410Z] [INFO] Loaded command: timeout from moderation
[2025-05-02T18:47:55.410Z] [INFO] Loaded command: unmute from moderation
[2025-05-02T18:47:55.411Z] [INFO] Loaded command: unsticky from sticky
[2025-05-02T18:47:55.411Z] [INFO] Loaded command: sticky from sticky
[2025-05-02T18:47:55.411Z] [INFO] Loaded command: afk from utility
[2025-05-02T18:47:55.411Z] [INFO] Loaded command: autoreply from utility
[2025-05-02T18:47:55.411Z] [INFO] Loaded command: avatar from utility
[2025-05-02T18:47:55.412Z] [INFO] Loaded command: banner from utility
[2025-05-02T18:47:55.412Z] [INFO] Loaded command: boosters from utility
[2025-05-02T18:47:55.413Z] [INFO] Loaded command: boostinfo from utility
[2025-05-02T18:47:55.413Z] [INFO] Loaded command: calculator from utility
[2025-05-02T18:47:55.414Z] [INFO] Loaded command: channelinfo from utility
[2025-05-02T18:47:55.415Z] [INFO] Loaded command: color from utility
[2025-05-02T18:47:55.415Z] [INFO] Loaded command: communitymood from utility
[2025-05-02T18:47:55.416Z] [INFO] Loaded command: countdown from utility
[2025-05-02T18:47:55.418Z] [INFO] Loaded command: embed from utility
[2025-05-02T18:47:55.418Z] [INFO] Loaded command: emojis from utility
[2025-05-02T18:47:55.419Z] [INFO] Loaded command: emoteinfo from utility
[2025-05-02T18:47:55.421Z] [INFO] Loaded command: format from utility
[2025-05-02T18:47:55.420Z] [INFO] Loaded command: findemoji from utility
[2025-05-02T18:47:55.423Z] [INFO] Loaded command: greeting from utility
[2025-05-02T18:47:55.424Z] [INFO] Loaded command: help from utility
[2025-05-02T18:47:55.424Z] [INFO] Loaded command: inviteinfo from utility
[2025-05-02T18:47:55.425Z] [INFO] Loaded command: membercount from utility
[2025-05-02T18:47:55.425Z] [INFO] Loaded command: mentions from utility
[2025-05-02T18:47:55.427Z] [INFO] Loaded command: permissions from utility
[2025-05-02T18:47:55.426Z] [INFO] Loaded command: messages from utility
[2025-05-02T18:47:55.428Z] [INFO] Loaded command: ping from utility
[2025-05-02T18:47:55.428Z] [INFO] Loaded command: quote from utility
[2025-05-02T18:47:55.429Z] [INFO] Loaded command: random from utility
[2025-05-02T18:47:55.430Z] [INFO] Loaded command: roleinfo from utility
[2025-05-02T18:47:55.430Z] [INFO] Loaded command: serverbanner from utility
[2025-05-02T18:47:55.431Z] [INFO] Loaded command: serverinfo from utility
[2025-05-02T18:47:55.431Z] [INFO] Loaded command: snipe from utility
[2025-05-02T18:47:55.431Z] [INFO] Loaded command: staff from utility
[2025-05-02T18:47:55.432Z] [INFO] Loaded command: stats from utility
[2025-05-02T18:47:55.433Z] [INFO] Loaded command: status from utility
[2025-05-02T18:47:55.437Z] [INFO] Loaded command: userinfo from utility
[2025-05-02T18:47:55.438Z] [INFO] Loaded command: vouch from utility
[2025-05-02T18:47:55.437Z] [INFO] Loaded command: tts from utility
[2025-05-02T18:47:55.438Z] [INFO] Loaded command: weather from utility
[2025-05-02T18:47:55.439Z] [INFO] Attempting to log in to Discord...
[2025-05-02T18:47:55.436Z] [INFO] Loaded command: timestamp from utility
[2025-05-02T18:47:55.964Z] [INFO] Bot logged in successfully
[2025-05-02T18:47:55.967Z] [INFO] Started refreshing 70 application (/) commands.
[2025-05-02T18:47:56.062Z] [INFO] Logged in as .gg/snowhill#8571
[2025-05-02T18:47:56.063Z] [INFO] Bot is serving 1 guilds
[2025-05-02T18:47:56.064Z] [INFO] Connected to guild: SnowHill 1 Inv =  1 Moby (1321561162717855834) with 8180 members
[2025-05-02T18:47:56.536Z] [INFO] Successfully reloaded 70 global (/) commands.
[2025-05-02T18:47:56.536Z] [INFO] Loaded 0 active giveaways
[2025-05-02T18:47:56.537Z] [INFO] Setting up sticky message handler
[2025-05-02T18:47:56.732Z] [WARN] Sticky message channel 1364548893961879687 not found or inaccessible
[2025-05-02T18:47:56.732Z] [INFO] No sticky messages to reinstate after bot restart
[2025-05-02T18:47:56.732Z] [INFO] Community mood tracking system initialized
[2025-05-02T18:47:57.998Z] [INFO] Saved mentions data to file
[2025-05-02T18:48:06.210Z] [INFO] Saved mentions data to file
[2025-05-02T18:48:28.858Z] [INFO] Saved mentions data to file
[2025-05-02T18:48:35.766Z] [INFO] Saved mentions data to file
[2025-05-02T18:48:44.733Z] [INFO] Saved mentions data to file
