[2025-04-29T05:27:29.246Z] [INFO] Requesting intents: Guilds, GuildMessages, GuildMembers, MessageContent
[2025-04-29T05:27:29.251Z] [INFO] Loaded event: interactionCreate
[2025-04-29T05:27:29.258Z] [INFO] Loaded event: messageCreate
[2025-04-29T05:27:29.258Z] [INFO] Loaded event: ready
[2025-04-29T05:27:29.260Z] [INFO] Loaded command: 8ball from fun
[2025-04-29T05:27:29.261Z] [INFO] Loaded command: coinflip from fun
[2025-04-29T05:27:29.263Z] [INFO] Loaded command: joke from fun
[2025-04-29T05:27:29.264Z] [INFO] Loaded command: giveaway from giveaway
[2025-04-29T05:27:29.265Z] [INFO] Loaded command: gend from giveaway
[2025-04-29T05:27:29.267Z] [INFO] Loaded command: glist from giveaway
[2025-04-29T05:27:29.268Z] [INFO] Loaded command: greroll from giveaway
[2025-04-29T05:27:29.274Z] [INFO] Loaded command: antiping from moderation
[2025-04-29T05:27:29.275Z] [INFO] Loaded command: ban from moderation
[2025-04-29T05:27:29.277Z] [INFO] Loaded command: kick from moderation
[2025-04-29T05:27:29.287Z] [INFO] Loaded command: purge from moderation
[2025-04-29T05:27:29.289Z] [INFO] Loaded command: timeout from moderation
[2025-04-29T05:27:29.290Z] [INFO] Loaded command: unmute from moderation
[2025-04-29T05:27:29.291Z] [INFO] Loaded command: unsticky from sticky
[2025-04-29T05:27:29.292Z] [INFO] Loaded command: sticky from sticky
[2025-04-29T05:27:29.293Z] [INFO] Loaded command: help from utility
[2025-04-29T05:27:29.293Z] [INFO] Loaded command: ping from utility
[2025-04-29T05:27:29.294Z] [INFO] Loaded command: serverinfo from utility
[2025-04-29T05:27:29.295Z] [INFO] Loaded command: userinfo from utility
[2025-04-29T05:27:29.295Z] [INFO] Attempting to log in to Discord...
[2025-04-29T05:27:29.875Z] [INFO] Requesting intents: Guilds, GuildMessages, GuildMembers, MessageContent
[2025-04-29T05:27:29.878Z] [INFO] Loaded event: interactionCreate
[2025-04-29T05:27:29.879Z] [INFO] Loaded event: ready
[2025-04-29T05:27:29.880Z] [INFO] Loaded command: 8ball from fun
[2025-04-29T05:27:29.880Z] [INFO] Loaded command: coinflip from fun
[2025-04-29T05:27:29.881Z] [INFO] Loaded command: joke from fun
[2025-04-29T05:27:29.881Z] [INFO] Loaded command: giveaway from giveaway
[2025-04-29T05:27:29.882Z] [INFO] Loaded command: gend from giveaway
[2025-04-29T05:27:29.883Z] [INFO] Loaded command: glist from giveaway
[2025-04-29T05:27:29.884Z] [INFO] Loaded command: greroll from giveaway
[2025-04-29T05:27:29.887Z] [INFO] Loaded command: ban from moderation
[2025-04-29T05:27:29.886Z] [INFO] Loaded command: antiping from moderation
[2025-04-29T05:27:29.887Z] [INFO] Loaded command: kick from moderation
[2025-04-29T05:27:29.890Z] [INFO] Loaded command: purge from moderation
[2025-04-29T05:27:29.891Z] [INFO] Loaded command: timeout from moderation
[2025-04-29T05:27:29.891Z] [INFO] Loaded command: unmute from moderation
[2025-04-29T05:27:29.892Z] [INFO] Loaded command: unsticky from sticky
[2025-04-29T05:27:29.892Z] [INFO] Loaded command: sticky from sticky
[2025-04-29T05:27:29.893Z] [INFO] Loaded command: help from utility
[2025-04-29T05:27:29.878Z] [INFO] Loaded event: messageCreate
[2025-04-29T05:27:29.894Z] [INFO] Loaded command: ping from utility
[2025-04-29T05:27:29.895Z] [INFO] Loaded command: userinfo from utility
[2025-04-29T05:27:29.895Z] [INFO] Attempting to log in to Discord...
[2025-04-29T05:27:29.894Z] [INFO] Loaded command: serverinfo from utility
[2025-04-29T05:27:29.948Z] [INFO] Bot logged in successfully
[2025-04-29T05:27:29.948Z] [INFO] Loaded 0 active giveaways
[2025-04-29T05:27:29.948Z] [INFO] Setting up sticky message handler
[2025-04-29T05:27:29.964Z] [INFO] Bot is serving 1 guilds
[2025-04-29T05:27:29.953Z] [INFO] Logged in as Quantum#5159
[2025-04-29T05:27:29.964Z] [INFO] Connected to guild: s3lyan's server (1364548893345452082) with 4 members
[2025-04-29T05:27:30.521Z] [INFO] Logged in as Quantum#5159
[2025-04-29T05:27:30.521Z] [INFO] Bot is serving 1 guilds
[2025-04-29T05:27:30.521Z] [INFO] Connected to guild: s3lyan's server (1364548893345452082) with 4 members
[2025-04-29T05:27:30.522Z] [INFO] Bot logged in successfully
[2025-04-29T05:27:30.522Z] [INFO] Loaded 0 active giveaways
[2025-04-29T05:27:30.522Z] [INFO] Setting up sticky message handler
[2025-04-29T05:29:23.122Z] [INFO] Button interaction: giveaway:reroll:1745872828670 by sselyan
[2025-04-29T05:29:23.122Z] [INFO] Button interaction: giveaway:reroll:1745872828670 by sselyan
[2025-04-29T05:29:23.273Z] [ERROR] Error handling button interaction: Unknown interaction
[2025-04-29T05:29:23.854Z] [INFO] Giveaway 1745872828670 rerolled. New winners: 839580152774000721
[2025-04-29T05:29:24.043Z] [INFO] Giveaway 1745872828670 rerolled by sselyan (839580152774000721) using button
[2025-04-29T05:31:04.454Z] [INFO] User sselyan (839580152774000721) used command /giveaway
[2025-04-29T05:31:05.291Z] [INFO] Giveaway 1745904664849 created by sselyan (839580152774000721) in channel general (1364548893961879687)
[2025-04-29T05:32:07.024Z] [INFO] Giveaway 1745904664849 ended with no winners
[2025-04-29T05:32:09.376Z] [INFO] Requesting intents: Guilds, GuildMessages, GuildMembers, MessageContent
[2025-04-29T05:32:09.379Z] [INFO] Loaded event: interactionCreate
[2025-04-29T05:32:09.380Z] [INFO] Loaded event: messageCreate
[2025-04-29T05:32:09.380Z] [INFO] Loaded event: ready
[2025-04-29T05:32:09.380Z] [INFO] Loaded command: 8ball from fun
[2025-04-29T05:32:09.381Z] [INFO] Loaded command: coinflip from fun
[2025-04-29T05:32:09.382Z] [INFO] Loaded command: joke from fun
[2025-04-29T05:32:09.382Z] [INFO] Loaded command: giveaway from giveaway
[2025-04-29T05:32:09.383Z] [INFO] Loaded command: gend from giveaway
[2025-04-29T05:32:09.383Z] [INFO] Loaded command: glist from giveaway
[2025-04-29T05:32:09.384Z] [INFO] Loaded command: greroll from giveaway
[2025-04-29T05:32:09.386Z] [INFO] Loaded command: antiping from moderation
[2025-04-29T05:32:09.387Z] [INFO] Loaded command: ban from moderation
[2025-04-29T05:32:09.388Z] [INFO] Loaded command: kick from moderation
[2025-04-29T05:32:09.388Z] [INFO] Loaded command: purge from moderation
[2025-04-29T05:32:09.389Z] [INFO] Loaded command: timeout from moderation
[2025-04-29T05:32:09.390Z] [INFO] Loaded command: unmute from moderation
[2025-04-29T05:32:09.390Z] [INFO] Loaded command: unsticky from sticky
[2025-04-29T05:32:09.390Z] [INFO] Loaded command: sticky from sticky
[2025-04-29T05:32:09.391Z] [INFO] Loaded command: help from utility
[2025-04-29T05:32:09.391Z] [INFO] Loaded command: ping from utility
[2025-04-29T05:32:09.392Z] [INFO] Loaded command: serverinfo from utility
[2025-04-29T05:32:09.392Z] [INFO] Loaded command: userinfo from utility
[2025-04-29T05:32:09.392Z] [INFO] Attempting to log in to Discord...
[2025-04-29T05:32:09.894Z] [INFO] Bot logged in successfully
[2025-04-29T05:32:09.894Z] [INFO] Loaded 0 active giveaways
[2025-04-29T05:32:09.894Z] [INFO] Setting up sticky message handler
[2025-04-29T05:32:09.930Z] [INFO] Logged in as Quantum#5159
[2025-04-29T05:32:09.931Z] [INFO] Bot is serving 1 guilds
[2025-04-29T05:32:09.931Z] [INFO] Connected to guild: s3lyan's server (1364548893345452082) with 4 members
[2025-04-29T05:33:36.176Z] [INFO] Added command: 8ball from fun
[2025-04-29T05:33:36.181Z] [INFO] Added command: coinflip from fun
[2025-04-29T05:33:36.183Z] [INFO] Added command: joke from fun
[2025-04-29T05:33:36.186Z] [INFO] Added command: giveaway from giveaway
[2025-04-29T05:33:36.188Z] [INFO] Added command: gend from giveaway
[2025-04-29T05:33:36.189Z] [INFO] Added command: glist from giveaway
[2025-04-29T05:33:36.190Z] [INFO] Added command: greroll from giveaway
[2025-04-29T05:33:36.193Z] [INFO] Added command: antiping from moderation
[2025-04-29T05:33:36.195Z] [INFO] Added command: ban from moderation
[2025-04-29T05:33:36.198Z] [INFO] Added command: purge from moderation
[2025-04-29T05:33:36.197Z] [INFO] Added command: kick from moderation
[2025-04-29T05:33:36.200Z] [INFO] Added command: timeout from moderation
[2025-04-29T05:33:36.201Z] [INFO] Added command: unmute from moderation
[2025-04-29T05:33:36.203Z] [INFO] Added command: unsticky from sticky
[2025-04-29T05:33:36.204Z] [INFO] Added command: sticky from sticky
[2025-04-29T05:33:36.207Z] [INFO] Added command: ping from utility
[2025-04-29T05:33:36.206Z] [INFO] Added command: help from utility
[2025-04-29T05:33:36.210Z] [INFO] Added command: serverinfo from utility
[2025-04-29T05:33:36.212Z] [INFO] Added command: userinfo from utility
[2025-04-29T05:33:36.214Z] [INFO] Started refreshing 19 application (/) commands.
[2025-04-29T05:33:36.519Z] [INFO] Successfully reloaded 19 guild (/) commands.
[2025-04-29T05:33:51.948Z] [INFO] Requesting intents: Guilds, GuildMessages, GuildMembers, MessageContent
[2025-04-29T05:33:51.951Z] [INFO] Loaded event: interactionCreate
[2025-04-29T05:33:51.952Z] [INFO] Loaded command: 8ball from fun
[2025-04-29T05:33:51.953Z] [INFO] Loaded command: coinflip from fun
[2025-04-29T05:33:51.954Z] [INFO] Loaded command: joke from fun
[2025-04-29T05:33:51.954Z] [INFO] Loaded command: giveaway from giveaway
[2025-04-29T05:33:51.955Z] [INFO] Loaded command: gend from giveaway
[2025-04-29T05:33:51.956Z] [INFO] Loaded command: glist from giveaway
[2025-04-29T05:33:51.957Z] [INFO] Loaded command: greroll from giveaway
[2025-04-29T05:33:51.959Z] [INFO] Loaded command: antiping from moderation
[2025-04-29T05:33:51.962Z] [INFO] Loaded command: ban from moderation
[2025-04-29T05:33:51.963Z] [INFO] Loaded command: kick from moderation
[2025-04-29T05:33:51.963Z] [INFO] Loaded command: purge from moderation
[2025-04-29T05:33:51.964Z] [INFO] Loaded command: timeout from moderation
[2025-04-29T05:33:51.965Z] [INFO] Loaded command: unmute from moderation
[2025-04-29T05:33:51.966Z] [INFO] Loaded command: unsticky from sticky
[2025-04-29T05:33:51.966Z] [INFO] Loaded command: sticky from sticky
[2025-04-29T05:33:51.967Z] [INFO] Loaded command: help from utility
[2025-04-29T05:33:51.967Z] [INFO] Loaded command: ping from utility
[2025-04-29T05:33:51.967Z] [INFO] Loaded command: serverinfo from utility
[2025-04-29T05:33:51.968Z] [INFO] Loaded command: userinfo from utility
[2025-04-29T05:33:51.968Z] [INFO] Attempting to log in to Discord...
[2025-04-29T05:33:51.951Z] [INFO] Loaded event: messageCreate
[2025-04-29T05:33:51.952Z] [INFO] Loaded event: ready
[2025-04-29T05:33:52.541Z] [INFO] Bot logged in successfully
[2025-04-29T05:33:52.542Z] [INFO] Loaded 0 active giveaways
[2025-04-29T05:33:52.542Z] [INFO] Setting up sticky message handler
[2025-04-29T05:33:52.549Z] [INFO] Logged in as Quantum#5159
[2025-04-29T05:33:52.550Z] [INFO] Connected to guild: s3lyan's server (1364548893345452082) with 4 members
[2025-04-29T05:33:52.550Z] [INFO] Bot is serving 1 guilds
[2025-04-29T05:37:14.609Z] [INFO] Requesting intents: Guilds, GuildMessages, GuildMembers, MessageContent
[2025-04-29T05:37:14.611Z] [INFO] Loaded event: interactionCreate
[2025-04-29T05:37:14.612Z] [INFO] Loaded event: messageCreate
[2025-04-29T05:37:14.613Z] [INFO] Loaded command: 8ball from fun
[2025-04-29T05:37:14.614Z] [INFO] Loaded command: coinflip from fun
[2025-04-29T05:37:14.615Z] [INFO] Loaded command: joke from fun
[2025-04-29T05:37:14.613Z] [INFO] Loaded event: ready
[2025-04-29T05:37:14.615Z] [INFO] Loaded command: giveaway from giveaway
[2025-04-29T05:37:14.616Z] [INFO] Loaded command: gend from giveaway
[2025-04-29T05:37:14.616Z] [INFO] Loaded command: glist from giveaway
[2025-04-29T05:37:14.617Z] [INFO] Loaded command: greroll from giveaway
[2025-04-29T05:37:14.619Z] [INFO] Loaded command: antiping from moderation
[2025-04-29T05:37:14.619Z] [INFO] Loaded command: ban from moderation
[2025-04-29T05:37:14.620Z] [INFO] Loaded command: purge from moderation
[2025-04-29T05:37:14.623Z] [INFO] Loaded command: timeout from moderation
[2025-04-29T05:37:14.624Z] [INFO] Loaded command: unmute from moderation
[2025-04-29T05:37:14.620Z] [INFO] Loaded command: kick from moderation
[2025-04-29T05:37:14.624Z] [INFO] Loaded command: unsticky from sticky
[2025-04-29T05:37:14.625Z] [INFO] Loaded command: sticky from sticky
[2025-04-29T05:37:14.625Z] [INFO] Loaded command: help from utility
[2025-04-29T05:37:14.626Z] [INFO] Loaded command: ping from utility
[2025-04-29T05:37:14.626Z] [INFO] Loaded command: serverinfo from utility
[2025-04-29T05:37:14.627Z] [INFO] Loaded command: userinfo from utility
[2025-04-29T05:37:14.627Z] [INFO] Attempting to log in to Discord...
[2025-04-29T05:37:15.179Z] [INFO] Bot logged in successfully
[2025-04-29T05:37:15.179Z] [INFO] Loaded 0 active giveaways
[2025-04-29T05:37:15.179Z] [INFO] Setting up sticky message handler
[2025-04-29T05:37:15.211Z] [INFO] Logged in as Quantum#5159
[2025-04-29T05:37:15.212Z] [INFO] Connected to guild: s3lyan's server (1364548893345452082) with 4 members
[2025-04-29T05:37:15.212Z] [INFO] Bot is serving 1 guilds
[2025-04-29T05:37:24.694Z] [INFO] Requesting intents: Guilds, GuildMessages, GuildMembers, MessageContent
[2025-04-29T05:37:24.698Z] [INFO] Loaded event: interactionCreate
[2025-04-29T05:37:24.699Z] [INFO] Loaded event: ready
[2025-04-29T05:37:24.699Z] [INFO] Loaded command: 8ball from fun
[2025-04-29T05:37:24.698Z] [INFO] Loaded event: messageCreate
[2025-04-29T05:37:24.701Z] [INFO] Loaded command: coinflip from fun
[2025-04-29T05:37:24.702Z] [INFO] Loaded command: joke from fun
[2025-04-29T05:37:24.703Z] [INFO] Loaded command: giveaway from giveaway
[2025-04-29T05:37:24.703Z] [INFO] Loaded command: gend from giveaway
[2025-04-29T05:37:24.704Z] [INFO] Loaded command: glist from giveaway
[2025-04-29T05:37:24.705Z] [INFO] Loaded command: greroll from giveaway
[2025-04-29T05:37:24.707Z] [INFO] Loaded command: antiping from moderation
[2025-04-29T05:37:24.708Z] [INFO] Loaded command: ban from moderation
[2025-04-29T05:37:24.710Z] [INFO] Loaded command: kick from moderation
[2025-04-29T05:37:24.711Z] [INFO] Loaded command: purge from moderation
[2025-04-29T05:37:24.712Z] [INFO] Loaded command: timeout from moderation
[2025-04-29T05:37:24.713Z] [INFO] Loaded command: unmute from moderation
[2025-04-29T05:37:24.713Z] [INFO] Loaded command: unsticky from sticky
[2025-04-29T05:37:24.713Z] [INFO] Loaded command: sticky from sticky
[2025-04-29T05:37:24.715Z] [INFO] Loaded command: ping from utility
[2025-04-29T05:37:24.715Z] [INFO] Loaded command: serverinfo from utility
[2025-04-29T05:37:24.716Z] [INFO] Loaded command: userinfo from utility
[2025-04-29T05:37:24.716Z] [INFO] Attempting to log in to Discord...
[2025-04-29T05:37:24.714Z] [INFO] Loaded command: help from utility
[2025-04-29T05:37:25.234Z] [INFO] Bot logged in successfully
[2025-04-29T05:37:25.235Z] [INFO] Loaded 0 active giveaways
[2025-04-29T05:37:25.235Z] [INFO] Setting up sticky message handler
[2025-04-29T05:37:25.241Z] [INFO] Logged in as Quantum#5159
[2025-04-29T05:37:25.241Z] [INFO] Bot is serving 1 guilds
[2025-04-29T05:37:25.241Z] [INFO] Connected to guild: s3lyan's server (1364548893345452082) with 4 members
[2025-04-29T05:37:44.053Z] [INFO] Requesting intents: Guilds, GuildMessages, GuildMembers, MessageContent
[2025-04-29T05:37:44.056Z] [INFO] Loaded event: interactionCreate
[2025-04-29T05:37:44.057Z] [INFO] Loaded event: messageCreate
[2025-04-29T05:37:44.057Z] [INFO] Loaded event: ready
[2025-04-29T05:37:44.058Z] [INFO] Loaded command: 8ball from fun
[2025-04-29T05:37:44.059Z] [INFO] Loaded command: coinflip from fun
[2025-04-29T05:37:44.060Z] [INFO] Loaded command: joke from fun
[2025-04-29T05:37:44.060Z] [INFO] Loaded command: giveaway from giveaway
[2025-04-29T05:37:44.061Z] [INFO] Loaded command: gend from giveaway
[2025-04-29T05:37:44.061Z] [INFO] Loaded command: glist from giveaway
[2025-04-29T05:37:44.062Z] [INFO] Loaded command: greroll from giveaway
[2025-04-29T05:37:44.064Z] [INFO] Loaded command: antiping from moderation
[2025-04-29T05:37:44.064Z] [INFO] Loaded command: ban from moderation
[2025-04-29T05:37:44.071Z] [INFO] Loaded command: kick from moderation
[2025-04-29T05:37:44.071Z] [INFO] Loaded command: purge from moderation
[2025-04-29T05:37:44.073Z] [INFO] Loaded command: timeout from moderation
[2025-04-29T05:37:44.073Z] [INFO] Loaded command: unmute from moderation
[2025-04-29T05:37:44.074Z] [INFO] Loaded command: unsticky from sticky
[2025-04-29T05:37:44.074Z] [INFO] Loaded command: sticky from sticky
[2025-04-29T05:37:44.075Z] [INFO] Loaded command: help from utility
[2025-04-29T05:37:44.077Z] [INFO] Loaded command: ping from utility
[2025-04-29T05:37:44.078Z] [INFO] Loaded command: serverinfo from utility
[2025-04-29T05:37:44.079Z] [INFO] Loaded command: userinfo from utility
[2025-04-29T05:37:44.079Z] [INFO] Attempting to log in to Discord...
[2025-04-29T05:37:44.571Z] [INFO] Bot logged in successfully
[2025-04-29T05:37:44.572Z] [INFO] Loaded 0 active giveaways
[2025-04-29T05:37:44.572Z] [INFO] Setting up sticky message handler
[2025-04-29T05:37:44.578Z] [INFO] Logged in as Quantum#5159
[2025-04-29T05:37:44.578Z] [INFO] Bot is serving 1 guilds
[2025-04-29T05:37:44.579Z] [INFO] Connected to guild: s3lyan's server (1364548893345452082) with 4 members
[2025-04-29T05:37:50.457Z] [INFO] Requesting intents: Guilds, GuildMessages, GuildMembers, MessageContent
[2025-04-29T05:37:50.461Z] [INFO] Loaded event: messageCreate
[2025-04-29T05:37:50.462Z] [INFO] Loaded event: ready
[2025-04-29T05:37:50.462Z] [INFO] Loaded command: 8ball from fun
[2025-04-29T05:37:50.463Z] [INFO] Loaded command: coinflip from fun
[2025-04-29T05:37:50.461Z] [INFO] Loaded event: interactionCreate
[2025-04-29T05:37:50.464Z] [INFO] Loaded command: joke from fun
[2025-04-29T05:37:50.464Z] [INFO] Loaded command: giveaway from giveaway
[2025-04-29T05:37:50.465Z] [INFO] Loaded command: gend from giveaway
[2025-04-29T05:37:50.468Z] [INFO] Loaded command: glist from giveaway
[2025-04-29T05:37:50.469Z] [INFO] Loaded command: greroll from giveaway
[2025-04-29T05:37:50.470Z] [INFO] Loaded command: antiping from moderation
[2025-04-29T05:37:50.473Z] [INFO] Loaded command: ban from moderation
[2025-04-29T05:37:50.473Z] [INFO] Loaded command: kick from moderation
[2025-04-29T05:37:50.475Z] [INFO] Loaded command: timeout from moderation
[2025-04-29T05:37:50.474Z] [INFO] Loaded command: purge from moderation
[2025-04-29T05:37:50.475Z] [INFO] Loaded command: unmute from moderation
[2025-04-29T05:37:50.476Z] [INFO] Loaded command: sticky from sticky
[2025-04-29T05:37:50.477Z] [INFO] Loaded command: help from utility
[2025-04-29T05:37:50.477Z] [INFO] Loaded command: ping from utility
[2025-04-29T05:37:50.478Z] [INFO] Loaded command: serverinfo from utility
[2025-04-29T05:37:50.478Z] [INFO] Loaded command: userinfo from utility
[2025-04-29T05:37:50.478Z] [INFO] Attempting to log in to Discord...
[2025-04-29T05:37:50.476Z] [INFO] Loaded command: unsticky from sticky
[2025-04-29T05:37:50.999Z] [INFO] Bot logged in successfully
[2025-04-29T05:37:51.000Z] [INFO] Loaded 0 active giveaways
[2025-04-29T05:37:51.000Z] [INFO] Setting up sticky message handler
[2025-04-29T05:37:51.007Z] [INFO] Logged in as Quantum#5159
[2025-04-29T05:37:51.008Z] [INFO] Bot is serving 1 guilds
[2025-04-29T05:37:51.008Z] [INFO] Connected to guild: s3lyan's server (1364548893345452082) with 4 members
[2025-04-29T05:39:32.933Z] [INFO] User sselyan (839580152774000721) used command /antiping
[2025-04-29T05:39:33.127Z] [INFO] Anti-ping system enabled by sselyan
[2025-04-29T05:39:39.706Z] [INFO] User sselyan (839580152774000721) used command /antiping
[2025-04-29T05:40:22.807Z] [INFO] Requesting intents: Guilds, GuildMessages, GuildMembers, MessageContent
[2025-04-29T05:40:22.813Z] [INFO] Loaded event: interactionCreate
[2025-04-29T05:40:22.814Z] [INFO] Loaded event: messageCreate
[2025-04-29T05:40:22.815Z] [INFO] Loaded event: ready
[2025-04-29T05:40:22.815Z] [INFO] Loaded command: 8ball from fun
[2025-04-29T05:40:22.816Z] [INFO] Loaded command: coinflip from fun
[2025-04-29T05:40:22.817Z] [INFO] Loaded command: joke from fun
[2025-04-29T05:40:22.818Z] [INFO] Loaded command: giveaway from giveaway
[2025-04-29T05:40:22.818Z] [INFO] Loaded command: gend from giveaway
[2025-04-29T05:40:22.820Z] [INFO] Loaded command: glist from giveaway
[2025-04-29T05:40:22.821Z] [INFO] Loaded command: greroll from giveaway
[2025-04-29T05:40:22.831Z] [INFO] Loaded command: antiping from moderation
[2025-04-29T05:40:22.832Z] [INFO] Loaded command: ban from moderation
[2025-04-29T05:40:22.833Z] [INFO] Loaded command: kick from moderation
[2025-04-29T05:40:22.834Z] [INFO] Loaded command: purge from moderation
[2025-04-29T05:40:22.835Z] [INFO] Loaded command: timeout from moderation
[2025-04-29T05:40:22.836Z] [INFO] Loaded command: unmute from moderation
[2025-04-29T05:40:22.837Z] [INFO] Loaded command: unsticky from sticky
[2025-04-29T05:40:22.837Z] [INFO] Loaded command: sticky from sticky
[2025-04-29T05:40:22.838Z] [INFO] Loaded command: help from utility
[2025-04-29T05:40:22.839Z] [INFO] Loaded command: ping from utility
[2025-04-29T05:40:22.840Z] [INFO] Loaded command: serverinfo from utility
[2025-04-29T05:40:22.840Z] [INFO] Loaded command: userinfo from utility
[2025-04-29T05:40:22.840Z] [INFO] Attempting to log in to Discord...
[2025-04-29T05:40:23.385Z] [INFO] Bot logged in successfully
[2025-04-29T05:40:23.386Z] [INFO] Loaded 0 active giveaways
[2025-04-29T05:40:23.386Z] [INFO] Setting up sticky message handler
[2025-04-29T05:40:23.390Z] [INFO] Logged in as Quantum#5159
[2025-04-29T05:40:23.390Z] [INFO] Bot is serving 1 guilds
[2025-04-29T05:40:23.390Z] [INFO] Connected to guild: s3lyan's server (1364548893345452082) with 4 members
[2025-04-29T05:41:25.115Z] [INFO] User sselyan (839580152774000721) used command /antiping
[2025-04-29T05:41:25.358Z] [INFO] Timeout duration set to 5 minutes by sselyan
[2025-04-29T05:41:31.817Z] [INFO] User sselyan (839580152774000721) used command /antiping
[2025-04-29T05:43:01.832Z] [INFO] Requesting intents: Guilds, GuildMessages, GuildMembers, MessageContent
[2025-04-29T05:43:01.838Z] [INFO] Loaded event: interactionCreate
[2025-04-29T05:43:01.839Z] [INFO] Loaded event: messageCreate
[2025-04-29T05:43:01.840Z] [INFO] Loaded event: ready
[2025-04-29T05:43:01.841Z] [INFO] Loaded command: coinflip from fun
[2025-04-29T05:43:01.840Z] [INFO] Loaded command: 8ball from fun
[2025-04-29T05:43:01.845Z] [INFO] Loaded command: joke from fun
[2025-04-29T05:43:01.845Z] [INFO] Loaded command: giveaway from giveaway
[2025-04-29T05:43:01.846Z] [INFO] Loaded command: gend from giveaway
[2025-04-29T05:43:01.850Z] [INFO] Loaded command: antiping from moderation
[2025-04-29T05:43:01.850Z] [INFO] Loaded command: ban from moderation
[2025-04-29T05:43:01.861Z] [INFO] Loaded command: kick from moderation
[2025-04-29T05:43:01.862Z] [INFO] Loaded command: purge from moderation
[2025-04-29T05:43:01.863Z] [INFO] Loaded command: timeout from moderation
[2025-04-29T05:43:01.864Z] [INFO] Loaded command: unmute from moderation
[2025-04-29T05:43:01.847Z] [INFO] Loaded command: glist from giveaway
[2025-04-29T05:43:01.848Z] [INFO] Loaded command: greroll from giveaway
[2025-04-29T05:43:01.864Z] [INFO] Loaded command: unsticky from sticky
[2025-04-29T05:43:01.865Z] [INFO] Loaded command: sticky from sticky
[2025-04-29T05:43:01.866Z] [INFO] Loaded command: help from utility
[2025-04-29T05:43:01.866Z] [INFO] Loaded command: ping from utility
[2025-04-29T05:43:01.867Z] [INFO] Loaded command: serverinfo from utility
[2025-04-29T05:43:01.867Z] [INFO] Attempting to log in to Discord...
[2025-04-29T05:43:01.867Z] [INFO] Loaded command: userinfo from utility
[2025-04-29T05:43:02.484Z] [INFO] Bot logged in successfully
[2025-04-29T05:43:02.484Z] [INFO] Loaded 0 active giveaways
[2025-04-29T05:43:02.484Z] [INFO] Setting up sticky message handler
[2025-04-29T05:43:02.489Z] [INFO] Logged in as Quantum#5159
[2025-04-29T05:43:02.489Z] [INFO] Bot is serving 1 guilds
[2025-04-29T05:43:02.490Z] [INFO] Connected to guild: s3lyan's server (1364548893345452082) with 4 members
[2025-04-29T05:46:57.296Z] [INFO] Requesting intents: Guilds, GuildMessages, GuildMembers, MessageContent
[2025-04-29T05:46:57.302Z] [INFO] Loaded event: interactionCreate
[2025-04-29T05:46:57.303Z] [INFO] Loaded event: messageCreate
[2025-04-29T05:46:57.304Z] [INFO] Loaded event: ready
[2025-04-29T05:46:57.304Z] [INFO] Loaded command: 8ball from fun
[2025-04-29T05:46:57.305Z] [INFO] Loaded command: coinflip from fun
[2025-04-29T05:46:57.312Z] [INFO] Loaded command: joke from fun
[2025-04-29T05:46:57.313Z] [INFO] Loaded command: giveaway from giveaway
[2025-04-29T05:46:57.315Z] [INFO] Loaded command: gend from giveaway
[2025-04-29T05:46:57.316Z] [INFO] Loaded command: glist from giveaway
[2025-04-29T05:46:57.317Z] [INFO] Loaded command: greroll from giveaway
[2025-04-29T05:46:57.322Z] [INFO] Loaded command: antiping from moderation
[2025-04-29T05:46:57.324Z] [INFO] Loaded command: ban from moderation
[2025-04-29T05:46:57.325Z] [INFO] Loaded command: kick from moderation
[2025-04-29T05:46:57.327Z] [INFO] Loaded command: purge from moderation
[2025-04-29T05:46:57.328Z] [INFO] Loaded command: timeout from moderation
[2025-04-29T05:46:57.329Z] [INFO] Loaded command: unmute from moderation
[2025-04-29T05:46:57.330Z] [INFO] Loaded command: unsticky from sticky
[2025-04-29T05:46:57.330Z] [INFO] Loaded command: sticky from sticky
[2025-04-29T05:46:57.331Z] [INFO] Loaded command: help from utility
[2025-04-29T05:46:57.332Z] [INFO] Loaded command: ping from utility
[2025-04-29T05:46:57.337Z] [INFO] Loaded command: serverinfo from utility
[2025-04-29T05:46:57.337Z] [INFO] Loaded command: userinfo from utility
[2025-04-29T05:46:57.338Z] [INFO] Attempting to log in to Discord...
[2025-04-29T05:46:57.967Z] [INFO] Bot logged in successfully
[2025-04-29T05:46:57.971Z] [INFO] Loaded 0 active giveaways
[2025-04-29T05:46:57.972Z] [INFO] Setting up sticky message handler
[2025-04-29T05:46:58.050Z] [INFO] Logged in as .gg/snowhill#8571
[2025-04-29T05:46:58.051Z] [INFO] Bot is serving 2 guilds
[2025-04-29T05:46:58.051Z] [INFO] Connected to guild: LokiSMP (1226126978629898290) with 3 members
[2025-04-29T05:46:58.051Z] [INFO] Connected to guild: SnowHill #REVIVE (1321561162717855834) with 8161 members
[2025-04-29T05:47:45.488Z] [INFO] User sselyan (839580152774000721) used command /antiping
[2025-04-29T05:47:45.687Z] [INFO] Anti-ping system enabled by sselyan
[2025-04-29T05:47:56.447Z] [INFO] User sselyan (839580152774000721) used command /antiping
[2025-04-29T05:48:31.232Z] [INFO] Added command: 8ball from fun
[2025-04-29T05:48:31.238Z] [INFO] Added command: coinflip from fun
[2025-04-29T05:48:31.243Z] [INFO] Added command: joke from fun
[2025-04-29T05:48:31.255Z] [INFO] Added command: glist from giveaway
[2025-04-29T05:48:31.253Z] [INFO] Added command: gend from giveaway
[2025-04-29T05:48:31.250Z] [INFO] Added command: giveaway from giveaway
[2025-04-29T05:48:31.257Z] [INFO] Added command: greroll from giveaway
[2025-04-29T05:48:31.260Z] [INFO] Added command: antiping from moderation
[2025-04-29T05:48:31.262Z] [INFO] Added command: ban from moderation
[2025-04-29T05:48:31.264Z] [INFO] Added command: kick from moderation
[2025-04-29T05:48:31.268Z] [INFO] Added command: timeout from moderation
[2025-04-29T05:48:31.265Z] [INFO] Added command: purge from moderation
[2025-04-29T05:48:31.272Z] [INFO] Added command: unmute from moderation
[2025-04-29T05:48:31.274Z] [INFO] Added command: unsticky from sticky
[2025-04-29T05:48:31.277Z] [INFO] Added command: sticky from sticky
[2025-04-29T05:48:31.281Z] [INFO] Added command: help from utility
[2025-04-29T05:48:31.293Z] [INFO] Added command: ping from utility
[2025-04-29T05:48:31.294Z] [INFO] Added command: serverinfo from utility
[2025-04-29T05:48:31.297Z] [INFO] Added command: userinfo from utility
[2025-04-29T05:48:31.307Z] [INFO] Started refreshing 19 application (/) commands.
[2025-04-29T05:48:31.599Z] [INFO] Successfully reloaded 19 guild (/) commands.
[2025-04-29T05:48:45.529Z] [INFO] Requesting intents: Guilds, GuildMessages, GuildMembers, MessageContent
[2025-04-29T05:48:45.533Z] [INFO] Loaded event: interactionCreate
[2025-04-29T05:48:45.534Z] [INFO] Loaded event: messageCreate
[2025-04-29T05:48:45.535Z] [INFO] Loaded event: ready
[2025-04-29T05:48:45.535Z] [INFO] Loaded command: 8ball from fun
[2025-04-29T05:48:45.537Z] [INFO] Loaded command: coinflip from fun
[2025-04-29T05:48:45.538Z] [INFO] Loaded command: joke from fun
[2025-04-29T05:48:45.539Z] [INFO] Loaded command: giveaway from giveaway
[2025-04-29T05:48:45.540Z] [INFO] Loaded command: gend from giveaway
[2025-04-29T05:48:45.541Z] [INFO] Loaded command: glist from giveaway
[2025-04-29T05:48:45.542Z] [INFO] Loaded command: greroll from giveaway
[2025-04-29T05:48:45.545Z] [INFO] Loaded command: antiping from moderation
[2025-04-29T05:48:45.550Z] [INFO] Loaded command: ban from moderation
[2025-04-29T05:48:45.551Z] [INFO] Loaded command: kick from moderation
[2025-04-29T05:48:45.552Z] [INFO] Loaded command: purge from moderation
[2025-04-29T05:48:45.553Z] [INFO] Loaded command: timeout from moderation
[2025-04-29T05:48:45.559Z] [INFO] Loaded command: unmute from moderation
[2025-04-29T05:48:45.591Z] [INFO] Loaded command: unsticky from sticky
[2025-04-29T05:48:45.592Z] [INFO] Loaded command: sticky from sticky
[2025-04-29T05:48:45.593Z] [INFO] Loaded command: help from utility
[2025-04-29T05:48:45.594Z] [INFO] Loaded command: ping from utility
[2025-04-29T05:48:45.595Z] [INFO] Loaded command: serverinfo from utility
[2025-04-29T05:48:45.595Z] [INFO] Loaded command: userinfo from utility
[2025-04-29T05:48:45.595Z] [INFO] Attempting to log in to Discord...
[2025-04-29T05:48:46.292Z] [INFO] Bot logged in successfully
[2025-04-29T05:48:46.293Z] [INFO] Loaded 0 active giveaways
[2025-04-29T05:48:46.293Z] [INFO] Setting up sticky message handler
[2025-04-29T05:48:46.386Z] [INFO] Logged in as .gg/snowhill#8571
[2025-04-29T05:48:46.387Z] [INFO] Bot is serving 2 guilds
[2025-04-29T05:48:46.387Z] [INFO] Connected to guild: LokiSMP (1226126978629898290) with 3 members
[2025-04-29T05:48:46.388Z] [INFO] Connected to guild: SnowHill #REVIVE (1321561162717855834) with 8161 members
[2025-04-29T05:49:03.420Z] [INFO] Requesting intents: Guilds, GuildMessages, GuildMembers, MessageContent
[2025-04-29T05:49:03.424Z] [INFO] Loaded event: interactionCreate
[2025-04-29T05:49:03.425Z] [INFO] Loaded event: messageCreate
[2025-04-29T05:49:03.426Z] [INFO] Loaded event: ready
[2025-04-29T05:49:03.427Z] [INFO] Loaded command: 8ball from fun
[2025-04-29T05:49:03.428Z] [INFO] Loaded command: coinflip from fun
[2025-04-29T05:49:03.429Z] [INFO] Loaded command: joke from fun
[2025-04-29T05:49:03.429Z] [INFO] Loaded command: giveaway from giveaway
[2025-04-29T05:49:03.431Z] [INFO] Loaded command: gend from giveaway
[2025-04-29T05:49:03.432Z] [INFO] Loaded command: glist from giveaway
[2025-04-29T05:49:03.433Z] [INFO] Loaded command: greroll from giveaway
[2025-04-29T05:49:03.435Z] [INFO] Loaded command: antiping from moderation
[2025-04-29T05:49:03.437Z] [INFO] Loaded command: ban from moderation
[2025-04-29T05:49:03.442Z] [INFO] Loaded command: kick from moderation
[2025-04-29T05:49:03.444Z] [INFO] Loaded command: purge from moderation
[2025-04-29T05:49:03.449Z] [INFO] Loaded command: timeout from moderation
[2025-04-29T05:49:03.450Z] [INFO] Loaded command: unmute from moderation
[2025-04-29T05:49:03.450Z] [INFO] Loaded command: unsticky from sticky
[2025-04-29T05:49:03.451Z] [INFO] Loaded command: sticky from sticky
[2025-04-29T05:49:03.452Z] [INFO] Loaded command: help from utility
[2025-04-29T05:49:03.452Z] [INFO] Loaded command: ping from utility
[2025-04-29T05:49:03.453Z] [INFO] Loaded command: serverinfo from utility
[2025-04-29T05:49:03.454Z] [INFO] Loaded command: userinfo from utility
[2025-04-29T05:49:03.454Z] [INFO] Attempting to log in to Discord...
[2025-04-29T05:49:04.055Z] [INFO] Bot logged in successfully
[2025-04-29T05:49:04.056Z] [INFO] Loaded 0 active giveaways
[2025-04-29T05:49:04.060Z] [INFO] Setting up sticky message handler
[2025-04-29T05:49:04.152Z] [INFO] Logged in as .gg/snowhill#8571
[2025-04-29T05:49:04.152Z] [INFO] Bot is serving 2 guilds
[2025-04-29T05:49:04.152Z] [INFO] Connected to guild: LokiSMP (1226126978629898290) with 3 members
[2025-04-29T05:49:04.153Z] [INFO] Connected to guild: SnowHill #REVIVE (1321561162717855834) with 8161 members
[2025-04-29T05:49:12.437Z] [INFO] Requesting intents: Guilds, GuildMessages, GuildMembers, MessageContent
[2025-04-29T05:49:12.440Z] [INFO] Loaded event: interactionCreate
[2025-04-29T05:49:12.440Z] [INFO] Loaded event: messageCreate
[2025-04-29T05:49:12.441Z] [INFO] Loaded event: ready
[2025-04-29T05:49:12.442Z] [INFO] Loaded command: 8ball from fun
[2025-04-29T05:49:12.442Z] [INFO] Loaded command: coinflip from fun
[2025-04-29T05:49:12.443Z] [INFO] Loaded command: joke from fun
[2025-04-29T05:49:12.443Z] [INFO] Loaded command: giveaway from giveaway
[2025-04-29T05:49:12.444Z] [INFO] Loaded command: gend from giveaway
[2025-04-29T05:49:12.445Z] [INFO] Loaded command: glist from giveaway
[2025-04-29T05:49:12.446Z] [INFO] Loaded command: greroll from giveaway
[2025-04-29T05:49:12.447Z] [INFO] Loaded command: antiping from moderation
[2025-04-29T05:49:12.448Z] [INFO] Loaded command: ban from moderation
[2025-04-29T05:49:12.451Z] [INFO] Loaded command: kick from moderation
[2025-04-29T05:49:12.452Z] [INFO] Loaded command: purge from moderation
[2025-04-29T05:49:12.453Z] [INFO] Loaded command: timeout from moderation
[2025-04-29T05:49:12.454Z] [INFO] Loaded command: unmute from moderation
[2025-04-29T05:49:12.454Z] [INFO] Loaded command: unsticky from sticky
[2025-04-29T05:49:12.454Z] [INFO] Loaded command: sticky from sticky
[2025-04-29T05:49:12.455Z] [INFO] Loaded command: help from utility
[2025-04-29T05:49:12.455Z] [INFO] Loaded command: ping from utility
[2025-04-29T05:49:12.456Z] [INFO] Loaded command: serverinfo from utility
[2025-04-29T05:49:12.457Z] [INFO] Loaded command: userinfo from utility
[2025-04-29T05:49:12.457Z] [INFO] Attempting to log in to Discord...
[2025-04-29T05:49:13.002Z] [INFO] Bot logged in successfully
[2025-04-29T05:49:13.003Z] [INFO] Loaded 0 active giveaways
[2025-04-29T05:49:13.003Z] [INFO] Setting up sticky message handler
[2025-04-29T05:49:13.096Z] [INFO] Logged in as .gg/snowhill#8571
[2025-04-29T05:49:13.097Z] [INFO] Bot is serving 2 guilds
[2025-04-29T05:49:13.097Z] [INFO] Connected to guild: LokiSMP (1226126978629898290) with 3 members
[2025-04-29T05:49:13.097Z] [INFO] Connected to guild: SnowHill #REVIVE (1321561162717855834) with 8161 members
[2025-04-29T05:49:31.630Z] [INFO] Requesting intents: Guilds, GuildMessages, GuildMembers, MessageContent
[2025-04-29T05:49:31.635Z] [INFO] Loaded event: interactionCreate
[2025-04-29T05:49:31.636Z] [INFO] Loaded event: messageCreate
[2025-04-29T05:49:31.637Z] [INFO] Loaded event: ready
[2025-04-29T05:49:31.637Z] [INFO] Loaded command: 8ball from fun
[2025-04-29T05:49:31.638Z] [INFO] Loaded command: coinflip from fun
[2025-04-29T05:49:31.639Z] [INFO] Loaded command: joke from fun
[2025-04-29T05:49:31.639Z] [INFO] Loaded command: giveaway from giveaway
[2025-04-29T05:49:31.640Z] [INFO] Loaded command: gend from giveaway
[2025-04-29T05:49:31.641Z] [INFO] Loaded command: glist from giveaway
[2025-04-29T05:49:31.642Z] [INFO] Loaded command: greroll from giveaway
[2025-04-29T05:49:31.645Z] [INFO] Loaded command: antiping from moderation
[2025-04-29T05:49:31.646Z] [INFO] Loaded command: ban from moderation
[2025-04-29T05:49:31.646Z] [INFO] Loaded command: kick from moderation
[2025-04-29T05:49:31.647Z] [INFO] Loaded command: purge from moderation
[2025-04-29T05:49:31.648Z] [INFO] Loaded command: timeout from moderation
[2025-04-29T05:49:31.649Z] [INFO] Loaded command: unmute from moderation
[2025-04-29T05:49:31.649Z] [INFO] Loaded command: unsticky from sticky
[2025-04-29T05:49:31.649Z] [INFO] Loaded command: sticky from sticky
[2025-04-29T05:49:31.650Z] [INFO] Loaded command: help from utility
[2025-04-29T05:49:31.651Z] [INFO] Loaded command: ping from utility
[2025-04-29T05:49:31.651Z] [INFO] Loaded command: serverinfo from utility
[2025-04-29T05:49:31.652Z] [INFO] Loaded command: userinfo from utility
[2025-04-29T05:49:31.652Z] [INFO] Attempting to log in to Discord...
[2025-04-29T05:49:32.175Z] [INFO] Bot logged in successfully
[2025-04-29T05:49:32.176Z] [INFO] Loaded 0 active giveaways
[2025-04-29T05:49:32.176Z] [INFO] Setting up sticky message handler
[2025-04-29T05:49:32.265Z] [INFO] Bot is serving 2 guilds
[2025-04-29T05:49:32.265Z] [INFO] Logged in as .gg/snowhill#8571
[2025-04-29T05:49:32.265Z] [INFO] Connected to guild: LokiSMP (1226126978629898290) with 3 members
[2025-04-29T05:49:32.265Z] [INFO] Connected to guild: SnowHill #REVIVE (1321561162717855834) with 8161 members
[2025-04-29T05:50:11.889Z] [INFO] User sselyan (839580152774000721) used command /help
[2025-04-29T05:50:24.443Z] [INFO] User sselyan (839580152774000721) used command /help
[2025-04-29T05:51:11.095Z] [INFO] Started removing all existing application commands...
[2025-04-29T05:51:11.098Z] [INFO] Removing commands from guild: 1364548893345452082
[2025-04-29T05:51:11.330Z] [ERROR] Error during command reset: DiscordAPIError[20012]: You are not authorized to perform this action on this application
[2025-04-29T05:51:36.685Z] [INFO] Added command: 8ball from fun
[2025-04-29T05:51:36.691Z] [INFO] Added command: coinflip from fun
[2025-04-29T05:51:36.693Z] [INFO] Added command: joke from fun
[2025-04-29T05:51:36.697Z] [INFO] Added command: giveaway from giveaway
[2025-04-29T05:51:36.698Z] [INFO] Added command: gend from giveaway
[2025-04-29T05:51:36.699Z] [INFO] Added command: glist from giveaway
[2025-04-29T05:51:36.700Z] [INFO] Added command: greroll from giveaway
[2025-04-29T05:51:36.702Z] [INFO] Added command: antiping from moderation
[2025-04-29T05:51:36.704Z] [INFO] Added command: ban from moderation
[2025-04-29T05:51:36.706Z] [INFO] Added command: kick from moderation
[2025-04-29T05:51:36.707Z] [INFO] Added command: purge from moderation
[2025-04-29T05:51:36.709Z] [INFO] Added command: timeout from moderation
[2025-04-29T05:51:36.710Z] [INFO] Added command: unmute from moderation
[2025-04-29T05:51:36.712Z] [INFO] Added command: unsticky from sticky
[2025-04-29T05:51:36.713Z] [INFO] Added command: sticky from sticky
[2025-04-29T05:51:36.715Z] [INFO] Added command: help from utility
[2025-04-29T05:51:36.716Z] [INFO] Added command: ping from utility
[2025-04-29T05:51:36.723Z] [INFO] Added command: serverinfo from utility
[2025-04-29T05:51:36.724Z] [INFO] Added command: userinfo from utility
[2025-04-29T05:51:36.726Z] [INFO] Started refreshing 19 application (/) commands.
[2025-04-29T05:51:36.998Z] [ERROR] Error deploying commands: DiscordAPIError[50001]: Missing Access
[2025-04-29T05:52:41.712Z] [INFO] Requesting intents: Guilds, GuildMessages, GuildMembers, MessageContent
[2025-04-29T05:52:41.722Z] [INFO] Loaded event: interactionCreate
[2025-04-29T05:52:41.723Z] [INFO] Loaded event: messageCreate
[2025-04-29T05:52:41.724Z] [INFO] Loaded event: ready
[2025-04-29T05:52:41.724Z] [INFO] Loaded command: 8ball from fun
[2025-04-29T05:52:41.728Z] [INFO] Loaded command: coinflip from fun
[2025-04-29T05:52:41.730Z] [INFO] Loaded command: joke from fun
[2025-04-29T05:52:41.730Z] [INFO] Loaded command: giveaway from giveaway
[2025-04-29T05:52:41.731Z] [INFO] Loaded command: gend from giveaway
[2025-04-29T05:52:41.732Z] [INFO] Loaded command: glist from giveaway
[2025-04-29T05:52:41.733Z] [INFO] Loaded command: greroll from giveaway
[2025-04-29T05:52:41.734Z] [INFO] Loaded command: antiping from moderation
[2025-04-29T05:52:41.735Z] [INFO] Loaded command: ban from moderation
[2025-04-29T05:52:41.737Z] [INFO] Loaded command: kick from moderation
[2025-04-29T05:52:41.738Z] [INFO] Loaded command: purge from moderation
[2025-04-29T05:52:41.744Z] [INFO] Loaded command: timeout from moderation
[2025-04-29T05:52:41.745Z] [INFO] Loaded command: unmute from moderation
[2025-04-29T05:52:41.746Z] [INFO] Loaded command: unsticky from sticky
[2025-04-29T05:52:41.746Z] [INFO] Loaded command: sticky from sticky
[2025-04-29T05:52:41.747Z] [INFO] Loaded command: help from utility
[2025-04-29T05:52:41.749Z] [INFO] Loaded command: ping from utility
[2025-04-29T05:52:41.761Z] [INFO] Loaded command: serverinfo from utility
[2025-04-29T05:52:41.762Z] [INFO] Loaded command: userinfo from utility
[2025-04-29T05:52:41.762Z] [INFO] Attempting to log in to Discord...
[2025-04-29T05:52:42.478Z] [INFO] Bot logged in successfully
[2025-04-29T05:52:42.479Z] [INFO] Loaded 0 active giveaways
[2025-04-29T05:52:42.479Z] [INFO] Setting up sticky message handler
[2025-04-29T05:52:42.577Z] [INFO] Logged in as .gg/snowhill#8571
[2025-04-29T05:52:42.578Z] [INFO] Bot is serving 2 guilds
[2025-04-29T05:52:42.578Z] [INFO] Connected to guild: LokiSMP (1226126978629898290) with 3 members
[2025-04-29T05:52:42.578Z] [INFO] Connected to guild: SnowHill #REVIVE (1321561162717855834) with 8161 members
[2025-04-29T05:52:51.878Z] [INFO] Requesting intents: Guilds, GuildMessages, GuildMembers, MessageContent
[2025-04-29T05:52:51.885Z] [INFO] Loaded event: interactionCreate
[2025-04-29T05:52:51.886Z] [INFO] Loaded event: messageCreate
[2025-04-29T05:52:51.887Z] [INFO] Loaded event: ready
[2025-04-29T05:52:51.887Z] [INFO] Loaded command: 8ball from fun
[2025-04-29T05:52:51.888Z] [INFO] Loaded command: coinflip from fun
[2025-04-29T05:52:51.890Z] [INFO] Loaded command: joke from fun
[2025-04-29T05:52:51.890Z] [INFO] Loaded command: giveaway from giveaway
[2025-04-29T05:52:51.891Z] [INFO] Loaded command: gend from giveaway
[2025-04-29T05:52:51.892Z] [INFO] Loaded command: glist from giveaway
[2025-04-29T05:52:51.894Z] [INFO] Loaded command: greroll from giveaway
[2025-04-29T05:52:51.896Z] [INFO] Loaded command: antiping from moderation
[2025-04-29T05:52:51.897Z] [INFO] Loaded command: ban from moderation
[2025-04-29T05:52:51.898Z] [INFO] Loaded command: kick from moderation
[2025-04-29T05:52:51.900Z] [INFO] Loaded command: purge from moderation
[2025-04-29T05:52:51.919Z] [INFO] Loaded command: timeout from moderation
[2025-04-29T05:52:51.922Z] [INFO] Loaded command: unmute from moderation
[2025-04-29T05:52:51.940Z] [INFO] Loaded command: unsticky from sticky
[2025-04-29T05:52:51.947Z] [INFO] Loaded command: sticky from sticky
[2025-04-29T05:52:51.952Z] [INFO] Loaded command: help from utility
[2025-04-29T05:52:51.953Z] [INFO] Loaded command: ping from utility
[2025-04-29T05:52:51.953Z] [INFO] Loaded command: serverinfo from utility
[2025-04-29T05:52:51.954Z] [INFO] Loaded command: userinfo from utility
[2025-04-29T05:52:51.957Z] [INFO] Attempting to log in to Discord...
[2025-04-29T05:52:52.519Z] [INFO] Bot logged in successfully
[2025-04-29T05:52:52.520Z] [INFO] Loaded 0 active giveaways
[2025-04-29T05:52:52.520Z] [INFO] Setting up sticky message handler
[2025-04-29T05:52:52.615Z] [INFO] Logged in as .gg/snowhill#8571
[2025-04-29T05:52:52.615Z] [INFO] Bot is serving 2 guilds
[2025-04-29T05:52:52.616Z] [INFO] Connected to guild: LokiSMP (1226126978629898290) with 3 members
[2025-04-29T05:52:52.616Z] [INFO] Connected to guild: SnowHill #REVIVE (1321561162717855834) with 8161 members
[2025-04-29T05:53:10.478Z] [INFO] Requesting intents: Guilds, GuildMessages, GuildMembers, MessageContent
[2025-04-29T05:53:10.483Z] [INFO] Loaded event: interactionCreate
[2025-04-29T05:53:10.485Z] [INFO] Loaded event: messageCreate
[2025-04-29T05:53:10.485Z] [INFO] Loaded event: ready
[2025-04-29T05:53:10.486Z] [INFO] Loaded command: 8ball from fun
[2025-04-29T05:53:10.487Z] [INFO] Loaded command: coinflip from fun
[2025-04-29T05:53:10.488Z] [INFO] Loaded command: joke from fun
[2025-04-29T05:53:10.488Z] [INFO] Loaded command: giveaway from giveaway
[2025-04-29T05:53:10.489Z] [INFO] Loaded command: gend from giveaway
[2025-04-29T05:53:10.490Z] [INFO] Loaded command: glist from giveaway
[2025-04-29T05:53:10.491Z] [INFO] Loaded command: greroll from giveaway
[2025-04-29T05:53:10.493Z] [INFO] Loaded command: antiping from moderation
[2025-04-29T05:53:10.494Z] [INFO] Loaded command: ban from moderation
[2025-04-29T05:53:10.495Z] [INFO] Loaded command: kick from moderation
[2025-04-29T05:53:10.495Z] [INFO] Loaded command: purge from moderation
[2025-04-29T05:53:10.500Z] [INFO] Loaded command: unmute from moderation
[2025-04-29T05:53:10.499Z] [INFO] Loaded command: timeout from moderation
[2025-04-29T05:53:10.500Z] [INFO] Loaded command: unsticky from sticky
[2025-04-29T05:53:10.501Z] [INFO] Loaded command: sticky from sticky
[2025-04-29T05:53:10.502Z] [INFO] Loaded command: help from utility
[2025-04-29T05:53:10.502Z] [INFO] Loaded command: ping from utility
[2025-04-29T05:53:10.503Z] [INFO] Loaded command: serverinfo from utility
[2025-04-29T05:53:10.503Z] [INFO] Loaded command: userinfo from utility
[2025-04-29T05:53:10.504Z] [INFO] Attempting to log in to Discord...
[2025-04-29T05:53:11.088Z] [INFO] Bot logged in successfully
[2025-04-29T05:53:11.089Z] [INFO] Loaded 0 active giveaways
[2025-04-29T05:53:11.089Z] [INFO] Setting up sticky message handler
[2025-04-29T05:53:11.188Z] [INFO] Logged in as .gg/snowhill#8571
[2025-04-29T05:53:11.189Z] [INFO] Bot is serving 2 guilds
[2025-04-29T05:53:11.189Z] [INFO] Connected to guild: LokiSMP (1226126978629898290) with 3 members
[2025-04-29T05:53:11.189Z] [INFO] Connected to guild: SnowHill #REVIVE (1321561162717855834) with 8161 members
[2025-04-29T05:53:47.890Z] [INFO] Requesting intents: Guilds, GuildMessages, GuildMembers, MessageContent
[2025-04-29T05:53:47.895Z] [INFO] Loaded event: messageCreate
[2025-04-29T05:53:47.894Z] [INFO] Loaded event: interactionCreate
[2025-04-29T05:53:47.895Z] [INFO] Loaded event: ready
[2025-04-29T05:53:47.896Z] [INFO] Loaded command: 8ball from fun
[2025-04-29T05:53:47.896Z] [INFO] Loaded command: coinflip from fun
[2025-04-29T05:53:47.899Z] [INFO] Loaded command: glist from giveaway
[2025-04-29T05:53:47.900Z] [INFO] Loaded command: greroll from giveaway
[2025-04-29T05:53:47.898Z] [INFO] Loaded command: giveaway from giveaway
[2025-04-29T05:53:47.902Z] [INFO] Loaded command: antiping from moderation
[2025-04-29T05:53:47.904Z] [INFO] Loaded command: ban from moderation
[2025-04-29T05:53:47.905Z] [INFO] Loaded command: kick from moderation
[2025-04-29T05:53:47.905Z] [INFO] Loaded command: purge from moderation
[2025-04-29T05:53:47.906Z] [INFO] Loaded command: timeout from moderation
[2025-04-29T05:53:47.907Z] [INFO] Loaded command: unmute from moderation
[2025-04-29T05:53:47.898Z] [INFO] Loaded command: joke from fun
[2025-04-29T05:53:47.899Z] [INFO] Loaded command: gend from giveaway
[2025-04-29T05:53:47.907Z] [INFO] Loaded command: unsticky from sticky
[2025-04-29T05:53:47.907Z] [INFO] Loaded command: sticky from sticky
[2025-04-29T05:53:47.908Z] [INFO] Loaded command: help from utility
[2025-04-29T05:53:47.909Z] [INFO] Loaded command: ping from utility
[2025-04-29T05:53:47.909Z] [INFO] Loaded command: serverinfo from utility
[2025-04-29T05:53:47.909Z] [INFO] Loaded command: userinfo from utility
[2025-04-29T05:53:47.910Z] [INFO] Attempting to log in to Discord...
[2025-04-29T05:53:48.494Z] [INFO] Bot logged in successfully
[2025-04-29T05:53:48.495Z] [INFO] Loaded 0 active giveaways
[2025-04-29T05:53:48.495Z] [INFO] Setting up sticky message handler
[2025-04-29T05:53:48.596Z] [INFO] Logged in as .gg/snowhill#8571
[2025-04-29T05:53:48.597Z] [INFO] Connected to guild: LokiSMP (1226126978629898290) with 3 members
[2025-04-29T05:53:48.597Z] [INFO] Connected to guild: SnowHill #REVIVE (1321561162717855834) with 8161 members
[2025-04-29T05:53:48.597Z] [INFO] Bot is serving 2 guilds
[2025-04-29T05:55:13.316Z] [INFO] User sselyan (839580152774000721) used command /antiping
[2025-04-29T05:56:01.491Z] [INFO] Started removing all existing application commands...
[2025-04-29T05:56:01.495Z] [INFO] Removing commands from guild: 1364548893345452082
[2025-04-29T05:56:01.772Z] [ERROR] Error during command reset: DiscordAPIError[50001]: Missing Access
[2025-04-29T05:58:13.045Z] [INFO] Requesting intents: Guilds, GuildMessages, GuildMembers, MessageContent
[2025-04-29T05:58:13.047Z] [INFO] Loaded event: interactionCreate
[2025-04-29T05:58:13.048Z] [INFO] Loaded event: messageCreate
[2025-04-29T05:58:13.048Z] [INFO] Loaded event: ready
[2025-04-29T05:58:13.049Z] [INFO] Loaded command: 8ball from fun
[2025-04-29T05:58:13.050Z] [INFO] Loaded command: coinflip from fun
[2025-04-29T05:58:13.051Z] [INFO] Loaded command: joke from fun
[2025-04-29T05:58:13.051Z] [INFO] Loaded command: giveaway from giveaway
[2025-04-29T05:58:13.052Z] [INFO] Loaded command: gend from giveaway
[2025-04-29T05:58:13.053Z] [INFO] Loaded command: glist from giveaway
[2025-04-29T05:58:13.054Z] [INFO] Loaded command: greroll from giveaway
[2025-04-29T05:58:13.058Z] [INFO] Loaded command: ban from moderation
[2025-04-29T05:58:13.059Z] [INFO] Loaded command: kick from moderation
[2025-04-29T05:58:13.060Z] [INFO] Loaded command: purge from moderation
[2025-04-29T05:58:13.060Z] [INFO] Loaded command: timeout from moderation
[2025-04-29T05:58:13.061Z] [INFO] Loaded command: unmute from moderation
[2025-04-29T05:58:13.058Z] [INFO] Loaded command: antiping from moderation
[2025-04-29T05:58:13.061Z] [INFO] Loaded command: unsticky from sticky
[2025-04-29T05:58:13.062Z] [INFO] Loaded command: sticky from sticky
[2025-04-29T05:58:13.063Z] [INFO] Loaded command: embed from utility
[2025-04-29T05:58:13.064Z] [INFO] Loaded command: help from utility
[2025-04-29T05:58:13.064Z] [INFO] Loaded command: ping from utility
[2025-04-29T05:58:13.065Z] [INFO] Loaded command: serverinfo from utility
[2025-04-29T05:58:13.065Z] [INFO] Loaded command: userinfo from utility
[2025-04-29T05:58:13.065Z] [INFO] Attempting to log in to Discord...
[2025-04-29T05:58:13.750Z] [INFO] Bot logged in successfully
[2025-04-29T05:58:13.750Z] [INFO] Loaded 0 active giveaways
[2025-04-29T05:58:13.751Z] [INFO] Setting up sticky message handler
[2025-04-29T05:58:13.827Z] [INFO] Logged in as .gg/snowhill#8571
[2025-04-29T05:58:13.828Z] [INFO] Bot is serving 2 guilds
[2025-04-29T05:58:13.828Z] [INFO] Connected to guild: LokiSMP (1226126978629898290) with 3 members
[2025-04-29T05:58:13.828Z] [INFO] Connected to guild: SnowHill #REVIVE (1321561162717855834) with 8161 members
[2025-04-29T05:58:22.944Z] [INFO] Requesting intents: Guilds, GuildMessages, GuildMembers, MessageContent
[2025-04-29T05:58:22.947Z] [INFO] Loaded event: interactionCreate
[2025-04-29T05:58:22.948Z] [INFO] Loaded event: messageCreate
[2025-04-29T05:58:22.948Z] [INFO] Loaded event: ready
[2025-04-29T05:58:22.949Z] [INFO] Loaded command: 8ball from fun
[2025-04-29T05:58:22.949Z] [INFO] Loaded command: coinflip from fun
[2025-04-29T05:58:22.951Z] [INFO] Loaded command: joke from fun
[2025-04-29T05:58:22.951Z] [INFO] Loaded command: giveaway from giveaway
[2025-04-29T05:58:22.951Z] [INFO] Loaded command: gend from giveaway
[2025-04-29T05:58:22.952Z] [INFO] Loaded command: glist from giveaway
[2025-04-29T05:58:22.953Z] [INFO] Loaded command: greroll from giveaway
[2025-04-29T05:58:22.954Z] [INFO] Loaded command: antiping from moderation
[2025-04-29T05:58:22.956Z] [INFO] Loaded command: ban from moderation
[2025-04-29T05:58:22.957Z] [INFO] Loaded command: kick from moderation
[2025-04-29T05:58:22.958Z] [INFO] Loaded command: purge from moderation
[2025-04-29T05:58:22.959Z] [INFO] Loaded command: timeout from moderation
[2025-04-29T05:58:22.959Z] [INFO] Loaded command: unmute from moderation
[2025-04-29T05:58:22.960Z] [INFO] Loaded command: sticky from sticky
[2025-04-29T05:58:22.960Z] [INFO] Loaded command: unsticky from sticky
[2025-04-29T05:58:22.964Z] [INFO] Loaded command: ping from utility
[2025-04-29T05:58:22.962Z] [INFO] Loaded command: embed from utility
[2025-04-29T05:58:22.965Z] [INFO] Loaded command: userinfo from utility
[2025-04-29T05:58:22.964Z] [INFO] Loaded command: serverinfo from utility
[2025-04-29T05:58:22.963Z] [INFO] Loaded command: help from utility
[2025-04-29T05:58:22.965Z] [INFO] Attempting to log in to Discord...
[2025-04-29T05:58:23.566Z] [INFO] Loaded 0 active giveaways
[2025-04-29T05:58:23.566Z] [INFO] Bot logged in successfully
[2025-04-29T05:58:23.567Z] [INFO] Setting up sticky message handler
[2025-04-29T05:58:23.665Z] [INFO] Logged in as .gg/snowhill#8571
[2025-04-29T05:58:23.666Z] [INFO] Connected to guild: SnowHill #REVIVE (1321561162717855834) with 8161 members
[2025-04-29T05:58:23.666Z] [INFO] Connected to guild: LokiSMP (1226126978629898290) with 3 members
[2025-04-29T05:58:23.666Z] [INFO] Bot is serving 2 guilds
[2025-04-29T05:58:42.150Z] [INFO] Requesting intents: Guilds, GuildMessages, GuildMembers, MessageContent
[2025-04-29T05:58:42.153Z] [INFO] Loaded event: interactionCreate
[2025-04-29T05:58:42.154Z] [INFO] Loaded event: messageCreate
[2025-04-29T05:58:42.154Z] [INFO] Loaded event: ready
[2025-04-29T05:58:42.155Z] [INFO] Loaded command: 8ball from fun
[2025-04-29T05:58:42.155Z] [INFO] Loaded command: coinflip from fun
[2025-04-29T05:58:42.156Z] [INFO] Loaded command: joke from fun
[2025-04-29T05:58:42.156Z] [INFO] Loaded command: giveaway from giveaway
[2025-04-29T05:58:42.157Z] [INFO] Loaded command: gend from giveaway
[2025-04-29T05:58:42.159Z] [INFO] Loaded command: greroll from giveaway
[2025-04-29T05:58:42.158Z] [INFO] Loaded command: glist from giveaway
[2025-04-29T05:58:42.160Z] [INFO] Loaded command: antiping from moderation
[2025-04-29T05:58:42.162Z] [INFO] Loaded command: ban from moderation
[2025-04-29T05:58:42.163Z] [INFO] Loaded command: kick from moderation
[2025-04-29T05:58:42.163Z] [INFO] Loaded command: purge from moderation
[2025-04-29T05:58:42.164Z] [INFO] Loaded command: timeout from moderation
[2025-04-29T05:58:42.165Z] [INFO] Loaded command: unmute from moderation
[2025-04-29T05:58:42.165Z] [INFO] Loaded command: unsticky from sticky
[2025-04-29T05:58:42.166Z] [INFO] Loaded command: sticky from sticky
[2025-04-29T05:58:42.167Z] [INFO] Loaded command: embed from utility
[2025-04-29T05:58:42.168Z] [INFO] Loaded command: help from utility
[2025-04-29T05:58:42.170Z] [INFO] Loaded command: serverinfo from utility
[2025-04-29T05:58:42.170Z] [INFO] Loaded command: userinfo from utility
[2025-04-29T05:58:42.169Z] [INFO] Loaded command: ping from utility
[2025-04-29T05:58:42.170Z] [INFO] Attempting to log in to Discord...
[2025-04-29T05:58:42.720Z] [INFO] Bot logged in successfully
[2025-04-29T05:58:42.720Z] [INFO] Loaded 0 active giveaways
[2025-04-29T05:58:42.720Z] [INFO] Setting up sticky message handler
[2025-04-29T05:58:42.809Z] [INFO] Logged in as .gg/snowhill#8571
[2025-04-29T05:58:42.811Z] [INFO] Connected to guild: LokiSMP (1226126978629898290) with 3 members
[2025-04-29T05:58:42.811Z] [INFO] Bot is serving 2 guilds
[2025-04-29T05:58:42.811Z] [INFO] Connected to guild: SnowHill #REVIVE (1321561162717855834) with 8161 members
[2025-04-29T05:58:52.850Z] [INFO] Requesting intents: Guilds, GuildMessages, GuildMembers, MessageContent
[2025-04-29T05:58:52.853Z] [INFO] Loaded event: interactionCreate
[2025-04-29T05:58:52.854Z] [INFO] Loaded event: messageCreate
[2025-04-29T05:58:52.854Z] [INFO] Loaded event: ready
[2025-04-29T05:58:52.855Z] [INFO] Loaded command: 8ball from fun
[2025-04-29T05:58:52.856Z] [INFO] Loaded command: coinflip from fun
[2025-04-29T05:58:52.857Z] [INFO] Loaded command: joke from fun
[2025-04-29T05:58:52.857Z] [INFO] Loaded command: giveaway from giveaway
[2025-04-29T05:58:52.858Z] [INFO] Loaded command: gend from giveaway
[2025-04-29T05:58:52.859Z] [INFO] Loaded command: glist from giveaway
[2025-04-29T05:58:52.860Z] [INFO] Loaded command: greroll from giveaway
[2025-04-29T05:58:52.862Z] [INFO] Loaded command: antiping from moderation
[2025-04-29T05:58:52.863Z] [INFO] Loaded command: ban from moderation
[2025-04-29T05:58:52.864Z] [INFO] Loaded command: kick from moderation
[2025-04-29T05:58:52.864Z] [INFO] Loaded command: purge from moderation
[2025-04-29T05:58:52.869Z] [INFO] Loaded command: timeout from moderation
[2025-04-29T05:58:52.870Z] [INFO] Loaded command: unmute from moderation
[2025-04-29T05:58:52.871Z] [INFO] Loaded command: unsticky from sticky
[2025-04-29T05:58:52.872Z] [INFO] Loaded command: sticky from sticky
[2025-04-29T05:58:52.874Z] [INFO] Loaded command: embed from utility
[2025-04-29T05:58:52.875Z] [INFO] Loaded command: help from utility
[2025-04-29T05:58:52.877Z] [INFO] Loaded command: ping from utility
[2025-04-29T05:58:52.877Z] [INFO] Loaded command: serverinfo from utility
[2025-04-29T05:58:52.878Z] [INFO] Loaded command: userinfo from utility
[2025-04-29T05:58:52.878Z] [INFO] Attempting to log in to Discord...
[2025-04-29T05:58:53.459Z] [INFO] Bot logged in successfully
[2025-04-29T05:58:53.469Z] [INFO] Loaded 0 active giveaways
[2025-04-29T05:58:53.470Z] [INFO] Setting up sticky message handler
[2025-04-29T05:58:53.581Z] [INFO] Logged in as .gg/snowhill#8571
[2025-04-29T05:58:53.584Z] [INFO] Bot is serving 2 guilds
[2025-04-29T05:58:53.584Z] [INFO] Connected to guild: LokiSMP (1226126978629898290) with 3 members
[2025-04-29T05:58:53.584Z] [INFO] Connected to guild: SnowHill #REVIVE (1321561162717855834) with 8161 members
[2025-04-29T06:01:32.459Z] [INFO] Requesting intents: Guilds, GuildMessages, GuildMembers, MessageContent
[2025-04-29T06:01:32.464Z] [INFO] Loaded event: interactionCreate
[2025-04-29T06:01:32.465Z] [INFO] Loaded event: messageCreate
[2025-04-29T06:01:32.465Z] [INFO] Loaded event: ready
[2025-04-29T06:01:32.466Z] [INFO] Loaded command: 8ball from fun
[2025-04-29T06:01:32.467Z] [INFO] Loaded command: coinflip from fun
[2025-04-29T06:01:32.469Z] [INFO] Loaded command: joke from fun
[2025-04-29T06:01:32.469Z] [INFO] Loaded command: giveaway from giveaway
[2025-04-29T06:01:32.471Z] [INFO] Loaded command: gend from giveaway
[2025-04-29T06:01:32.473Z] [INFO] Loaded command: glist from giveaway
[2025-04-29T06:01:32.475Z] [INFO] Loaded command: greroll from giveaway
[2025-04-29T06:01:32.478Z] [INFO] Loaded command: antiping from moderation
[2025-04-29T06:01:32.480Z] [INFO] Loaded command: ban from moderation
[2025-04-29T06:01:32.481Z] [INFO] Loaded command: kick from moderation
[2025-04-29T06:01:32.483Z] [INFO] Loaded command: purge from moderation
[2025-04-29T06:01:32.486Z] [INFO] Loaded command: timeout from moderation
[2025-04-29T06:01:32.489Z] [INFO] Loaded command: unmute from moderation
[2025-04-29T06:01:32.490Z] [INFO] Loaded command: unsticky from sticky
[2025-04-29T06:01:32.491Z] [INFO] Loaded command: sticky from sticky
[2025-04-29T06:01:32.493Z] [INFO] Loaded command: embed from utility
[2025-04-29T06:01:32.494Z] [INFO] Loaded command: help from utility
[2025-04-29T06:01:32.494Z] [INFO] Loaded command: ping from utility
[2025-04-29T06:01:32.495Z] [INFO] Loaded command: serverinfo from utility
[2025-04-29T06:01:32.495Z] [INFO] Loaded command: userinfo from utility
[2025-04-29T06:01:32.496Z] [INFO] Attempting to log in to Discord...
[2025-04-29T06:01:33.016Z] [INFO] Bot logged in successfully
[2025-04-29T06:01:33.016Z] [INFO] Loaded 0 active giveaways
[2025-04-29T06:01:33.016Z] [INFO] Setting up sticky message handler
[2025-04-29T06:01:33.113Z] [INFO] Logged in as .gg/snowhill#8571
[2025-04-29T06:01:33.113Z] [INFO] Bot is serving 2 guilds
[2025-04-29T06:01:33.113Z] [INFO] Connected to guild: LokiSMP (1226126978629898290) with 3 members
[2025-04-29T06:01:33.113Z] [INFO] Connected to guild: SnowHill #REVIVE (1321561162717855834) with 8161 members
[2025-04-29T06:01:41.932Z] [INFO] Requesting intents: Guilds, GuildMessages, GuildMembers, MessageContent
[2025-04-29T06:01:41.935Z] [INFO] Loaded event: interactionCreate
[2025-04-29T06:01:41.936Z] [INFO] Loaded event: ready
[2025-04-29T06:01:41.937Z] [INFO] Loaded command: 8ball from fun
[2025-04-29T06:01:41.937Z] [INFO] Loaded command: coinflip from fun
[2025-04-29T06:01:41.938Z] [INFO] Loaded command: joke from fun
[2025-04-29T06:01:41.939Z] [INFO] Loaded command: giveaway from giveaway
[2025-04-29T06:01:41.939Z] [INFO] Loaded command: gend from giveaway
[2025-04-29T06:01:41.940Z] [INFO] Loaded command: glist from giveaway
[2025-04-29T06:01:41.941Z] [INFO] Loaded command: greroll from giveaway
[2025-04-29T06:01:41.947Z] [INFO] Loaded command: antiping from moderation
[2025-04-29T06:01:41.948Z] [INFO] Loaded command: ban from moderation
[2025-04-29T06:01:41.949Z] [INFO] Loaded command: kick from moderation
[2025-04-29T06:01:41.949Z] [INFO] Loaded command: purge from moderation
[2025-04-29T06:01:41.950Z] [INFO] Loaded command: timeout from moderation
[2025-04-29T06:01:41.951Z] [INFO] Loaded command: unmute from moderation
[2025-04-29T06:01:41.936Z] [INFO] Loaded event: messageCreate
[2025-04-29T06:01:41.951Z] [INFO] Loaded command: unsticky from sticky
[2025-04-29T06:01:41.953Z] [INFO] Loaded command: embed from utility
[2025-04-29T06:01:41.954Z] [INFO] Loaded command: help from utility
[2025-04-29T06:01:41.954Z] [INFO] Loaded command: ping from utility
[2025-04-29T06:01:41.955Z] [INFO] Loaded command: serverinfo from utility
[2025-04-29T06:01:41.955Z] [INFO] Loaded command: userinfo from utility
[2025-04-29T06:01:41.956Z] [INFO] Attempting to log in to Discord...
[2025-04-29T06:01:41.952Z] [INFO] Loaded command: sticky from sticky
[2025-04-29T06:01:42.495Z] [INFO] Bot logged in successfully
[2025-04-29T06:01:42.495Z] [INFO] Loaded 0 active giveaways
[2025-04-29T06:01:42.495Z] [INFO] Setting up sticky message handler
[2025-04-29T06:01:42.605Z] [INFO] Logged in as .gg/snowhill#8571
[2025-04-29T06:01:42.605Z] [INFO] Bot is serving 2 guilds
[2025-04-29T06:01:42.606Z] [INFO] Connected to guild: LokiSMP (1226126978629898290) with 3 members
[2025-04-29T06:01:42.606Z] [INFO] Connected to guild: SnowHill #REVIVE (1321561162717855834) with 8161 members
[2025-04-29T06:02:01.400Z] [INFO] Requesting intents: Guilds, GuildMessages, GuildMembers, MessageContent
[2025-04-29T06:02:01.402Z] [INFO] Loaded event: interactionCreate
[2025-04-29T06:02:01.403Z] [INFO] Loaded event: messageCreate
[2025-04-29T06:02:01.403Z] [INFO] Loaded event: ready
[2025-04-29T06:02:01.404Z] [INFO] Loaded command: 8ball from fun
[2025-04-29T06:02:01.405Z] [INFO] Loaded command: coinflip from fun
[2025-04-29T06:02:01.406Z] [INFO] Loaded command: joke from fun
[2025-04-29T06:02:01.406Z] [INFO] Loaded command: giveaway from giveaway
[2025-04-29T06:02:01.407Z] [INFO] Loaded command: gend from giveaway
[2025-04-29T06:02:01.407Z] [INFO] Loaded command: glist from giveaway
[2025-04-29T06:02:01.408Z] [INFO] Loaded command: greroll from giveaway
[2025-04-29T06:02:01.410Z] [INFO] Loaded command: antiping from moderation
[2025-04-29T06:02:01.414Z] [INFO] Loaded command: ban from moderation
[2025-04-29T06:02:01.415Z] [INFO] Loaded command: kick from moderation
[2025-04-29T06:02:01.415Z] [INFO] Loaded command: purge from moderation
[2025-04-29T06:02:01.416Z] [INFO] Loaded command: timeout from moderation
[2025-04-29T06:02:01.417Z] [INFO] Loaded command: unmute from moderation
[2025-04-29T06:02:01.418Z] [INFO] Loaded command: unsticky from sticky
[2025-04-29T06:02:01.418Z] [INFO] Loaded command: sticky from sticky
[2025-04-29T06:02:01.419Z] [INFO] Loaded command: embed from utility
[2025-04-29T06:02:01.420Z] [INFO] Loaded command: help from utility
[2025-04-29T06:02:01.421Z] [INFO] Loaded command: ping from utility
[2025-04-29T06:02:01.421Z] [INFO] Loaded command: serverinfo from utility
[2025-04-29T06:02:01.421Z] [INFO] Loaded command: userinfo from utility
[2025-04-29T06:02:01.422Z] [INFO] Attempting to log in to Discord...
[2025-04-29T06:02:01.942Z] [INFO] Bot logged in successfully
[2025-04-29T06:02:01.942Z] [INFO] Loaded 0 active giveaways
[2025-04-29T06:02:01.943Z] [INFO] Setting up sticky message handler
[2025-04-29T06:02:02.040Z] [INFO] Bot is serving 2 guilds
[2025-04-29T06:02:02.039Z] [INFO] Logged in as .gg/snowhill#8571
[2025-04-29T06:02:02.040Z] [INFO] Connected to guild: LokiSMP (1226126978629898290) with 3 members
[2025-04-29T06:02:02.040Z] [INFO] Connected to guild: SnowHill #REVIVE (1321561162717855834) with 8161 members
[2025-04-29T06:03:25.687Z] [INFO] Loaded event: interactionCreate
[2025-04-29T06:03:25.688Z] [INFO] Loaded event: messageCreate
[2025-04-29T06:03:25.688Z] [INFO] Loaded event: ready
[2025-04-29T06:03:25.689Z] [INFO] Loaded command: 8ball from fun
[2025-04-29T06:03:25.689Z] [INFO] Loaded command: coinflip from fun
[2025-04-29T06:03:25.690Z] [INFO] Loaded command: joke from fun
[2025-04-29T06:03:25.691Z] [INFO] Loaded command: giveaway from giveaway
[2025-04-29T06:03:25.691Z] [INFO] Loaded command: gend from giveaway
[2025-04-29T06:03:25.692Z] [INFO] Loaded command: glist from giveaway
[2025-04-29T06:03:25.693Z] [INFO] Loaded command: greroll from giveaway
[2025-04-29T06:03:25.694Z] [INFO] Loaded command: antiping from moderation
[2025-04-29T06:03:25.697Z] [INFO] Loaded command: ban from moderation
[2025-04-29T06:03:25.697Z] [INFO] Loaded command: kick from moderation
[2025-04-29T06:03:25.698Z] [INFO] Loaded command: purge from moderation
[2025-04-29T06:03:25.702Z] [INFO] Loaded command: timeout from moderation
[2025-04-29T06:03:25.703Z] [INFO] Loaded command: unmute from moderation
[2025-04-29T06:03:25.704Z] [INFO] Loaded command: unsticky from sticky
[2025-04-29T06:03:25.704Z] [INFO] Loaded command: sticky from sticky
[2025-04-29T06:03:25.705Z] [INFO] Loaded command: embed from utility
[2025-04-29T06:03:25.707Z] [INFO] Loaded command: help from utility
[2025-04-29T06:03:25.707Z] [INFO] Loaded command: ping from utility
[2025-04-29T06:03:25.708Z] [INFO] Loaded command: serverinfo from utility
[2025-04-29T06:03:25.708Z] [INFO] Loaded command: userinfo from utility
[2025-04-29T06:03:25.708Z] [INFO] Attempting to log in to Discord...
[2025-04-29T06:03:25.684Z] [INFO] Requesting intents: Guilds, GuildMessages, GuildMembers, MessageContent
[2025-04-29T06:03:26.262Z] [INFO] Bot logged in successfully
[2025-04-29T06:03:26.262Z] [INFO] Loaded 0 active giveaways
[2025-04-29T06:03:26.262Z] [INFO] Setting up sticky message handler
[2025-04-29T06:03:26.356Z] [INFO] Logged in as .gg/snowhill#8571
[2025-04-29T06:03:26.356Z] [INFO] Bot is serving 2 guilds
[2025-04-29T06:03:26.357Z] [INFO] Connected to guild: LokiSMP (1226126978629898290) with 3 members
[2025-04-29T06:03:26.357Z] [INFO] Connected to guild: SnowHill #REVIVE (1321561162717855834) with 8161 members
[2025-04-29T06:04:40.584Z] [INFO] User sselyan (839580152774000721) used command /antiping addrole
[2025-04-29T06:04:40.585Z] [ERROR] Unknown antiping subcommand received: "addrole" from user sselyan
[2025-04-29T06:04:40.585Z] [INFO] Executing antiping subcommand: addrole
[2025-04-29T06:07:00.418Z] [INFO] Requesting intents: Guilds, GuildMessages, GuildMembers, MessageContent
[2025-04-29T06:07:00.421Z] [INFO] Loaded event: interactionCreate
[2025-04-29T06:07:00.422Z] [INFO] Loaded event: messageCreate
[2025-04-29T06:07:00.422Z] [INFO] Loaded event: ready
[2025-04-29T06:07:00.423Z] [INFO] Loaded command: 8ball from fun
[2025-04-29T06:07:00.423Z] [INFO] Loaded command: coinflip from fun
[2025-04-29T06:07:00.424Z] [INFO] Loaded command: joke from fun
[2025-04-29T06:07:00.424Z] [INFO] Loaded command: giveaway from giveaway
[2025-04-29T06:07:00.425Z] [INFO] Loaded command: gend from giveaway
[2025-04-29T06:07:00.426Z] [INFO] Loaded command: glist from giveaway
[2025-04-29T06:07:00.426Z] [INFO] Loaded command: greroll from giveaway
[2025-04-29T06:07:00.429Z] [INFO] Loaded command: antiping from moderation
[2025-04-29T06:07:00.430Z] [INFO] Loaded command: ban from moderation
[2025-04-29T06:07:00.431Z] [INFO] Loaded command: kick from moderation
[2025-04-29T06:07:00.431Z] [INFO] Loaded command: purge from moderation
[2025-04-29T06:07:00.432Z] [INFO] Loaded command: timeout from moderation
[2025-04-29T06:07:00.433Z] [INFO] Loaded command: unmute from moderation
[2025-04-29T06:07:00.433Z] [INFO] Loaded command: unsticky from sticky
[2025-04-29T06:07:00.434Z] [INFO] Loaded command: sticky from sticky
[2025-04-29T06:07:00.435Z] [INFO] Loaded command: help from utility
[2025-04-29T06:07:00.435Z] [INFO] Loaded command: embed from utility
[2025-04-29T06:07:00.436Z] [INFO] Loaded command: ping from utility
[2025-04-29T06:07:00.436Z] [INFO] Loaded command: serverinfo from utility
[2025-04-29T06:07:00.437Z] [INFO] Loaded command: userinfo from utility
[2025-04-29T06:07:00.437Z] [INFO] Attempting to log in to Discord...
[2025-04-29T06:07:00.925Z] [INFO] Bot logged in successfully
[2025-04-29T06:07:00.926Z] [INFO] Loaded 0 active giveaways
[2025-04-29T06:07:00.926Z] [INFO] Setting up sticky message handler
[2025-04-29T06:07:01.018Z] [INFO] Logged in as .gg/snowhill#8571
[2025-04-29T06:07:01.019Z] [INFO] Bot is serving 2 guilds
[2025-04-29T06:07:01.019Z] [INFO] Connected to guild: LokiSMP (1226126978629898290) with 3 members
[2025-04-29T06:07:01.019Z] [INFO] Connected to guild: SnowHill #REVIVE (1321561162717855834) with 8161 members
[2025-04-29T06:07:10.599Z] [INFO] Requesting intents: Guilds, GuildMessages, GuildMembers, MessageContent
[2025-04-29T06:07:10.602Z] [INFO] Loaded event: interactionCreate
[2025-04-29T06:07:10.603Z] [INFO] Loaded event: messageCreate
[2025-04-29T06:07:10.603Z] [INFO] Loaded event: ready
[2025-04-29T06:07:10.604Z] [INFO] Loaded command: 8ball from fun
[2025-04-29T06:07:10.604Z] [INFO] Loaded command: coinflip from fun
[2025-04-29T06:07:10.606Z] [INFO] Loaded command: joke from fun
[2025-04-29T06:07:10.606Z] [INFO] Loaded command: giveaway from giveaway
[2025-04-29T06:07:10.607Z] [INFO] Loaded command: gend from giveaway
[2025-04-29T06:07:10.608Z] [INFO] Loaded command: glist from giveaway
[2025-04-29T06:07:10.609Z] [INFO] Loaded command: greroll from giveaway
[2025-04-29T06:07:10.611Z] [INFO] Loaded command: antiping from moderation
[2025-04-29T06:07:10.616Z] [INFO] Loaded command: ban from moderation
[2025-04-29T06:07:10.617Z] [INFO] Loaded command: kick from moderation
[2025-04-29T06:07:10.617Z] [INFO] Loaded command: purge from moderation
[2025-04-29T06:07:10.618Z] [INFO] Loaded command: timeout from moderation
[2025-04-29T06:07:10.619Z] [INFO] Loaded command: unmute from moderation
[2025-04-29T06:07:10.620Z] [INFO] Loaded command: unsticky from sticky
[2025-04-29T06:07:10.620Z] [INFO] Loaded command: sticky from sticky
[2025-04-29T06:07:10.622Z] [INFO] Loaded command: embed from utility
[2025-04-29T06:07:10.623Z] [INFO] Loaded command: help from utility
[2025-04-29T06:07:10.624Z] [INFO] Loaded command: ping from utility
[2025-04-29T06:07:10.624Z] [INFO] Loaded command: serverinfo from utility
[2025-04-29T06:07:10.625Z] [INFO] Loaded command: userinfo from utility
[2025-04-29T06:07:10.625Z] [INFO] Attempting to log in to Discord...
[2025-04-29T06:07:11.175Z] [INFO] Bot logged in successfully
[2025-04-29T06:07:11.176Z] [INFO] Loaded 0 active giveaways
[2025-04-29T06:07:11.176Z] [INFO] Setting up sticky message handler
[2025-04-29T06:07:11.533Z] [INFO] Logged in as .gg/snowhill#8571
[2025-04-29T06:07:11.533Z] [INFO] Bot is serving 2 guilds
[2025-04-29T06:07:11.533Z] [INFO] Connected to guild: LokiSMP (1226126978629898290) with 3 members
[2025-04-29T06:07:11.533Z] [INFO] Connected to guild: SnowHill #REVIVE (1321561162717855834) with 8161 members
[2025-04-29T06:07:29.858Z] [INFO] Requesting intents: Guilds, GuildMessages, GuildMembers, MessageContent
[2025-04-29T06:07:29.861Z] [INFO] Loaded event: interactionCreate
[2025-04-29T06:07:29.861Z] [INFO] Loaded event: messageCreate
[2025-04-29T06:07:29.862Z] [INFO] Loaded event: ready
[2025-04-29T06:07:29.862Z] [INFO] Loaded command: 8ball from fun
[2025-04-29T06:07:29.863Z] [INFO] Loaded command: coinflip from fun
[2025-04-29T06:07:29.863Z] [INFO] Loaded command: joke from fun
[2025-04-29T06:07:29.864Z] [INFO] Loaded command: giveaway from giveaway
[2025-04-29T06:07:29.864Z] [INFO] Loaded command: gend from giveaway
[2025-04-29T06:07:29.865Z] [INFO] Loaded command: glist from giveaway
[2025-04-29T06:07:29.866Z] [INFO] Loaded command: greroll from giveaway
[2025-04-29T06:07:29.873Z] [INFO] Loaded command: antiping from moderation
[2025-04-29T06:07:29.874Z] [INFO] Loaded command: ban from moderation
[2025-04-29T06:07:29.874Z] [INFO] Loaded command: kick from moderation
[2025-04-29T06:07:29.875Z] [INFO] Loaded command: purge from moderation
[2025-04-29T06:07:29.876Z] [INFO] Loaded command: timeout from moderation
[2025-04-29T06:07:29.876Z] [INFO] Loaded command: unmute from moderation
[2025-04-29T06:07:29.877Z] [INFO] Loaded command: unsticky from sticky
[2025-04-29T06:07:29.877Z] [INFO] Loaded command: sticky from sticky
[2025-04-29T06:07:29.879Z] [INFO] Loaded command: embed from utility
[2025-04-29T06:07:29.879Z] [INFO] Loaded command: help from utility
[2025-04-29T06:07:29.880Z] [INFO] Loaded command: ping from utility
[2025-04-29T06:07:29.880Z] [INFO] Loaded command: serverinfo from utility
[2025-04-29T06:07:29.881Z] [INFO] Loaded command: userinfo from utility
[2025-04-29T06:07:29.881Z] [INFO] Attempting to log in to Discord...
[2025-04-29T06:07:30.404Z] [INFO] Bot logged in successfully
[2025-04-29T06:07:30.404Z] [INFO] Loaded 0 active giveaways
[2025-04-29T06:07:30.404Z] [INFO] Setting up sticky message handler
[2025-04-29T06:07:30.485Z] [INFO] Logged in as .gg/snowhill#8571
[2025-04-29T06:07:30.485Z] [INFO] Bot is serving 2 guilds
[2025-04-29T06:07:30.485Z] [INFO] Connected to guild: SnowHill #REVIVE (1321561162717855834) with 8161 members
[2025-04-29T06:07:30.485Z] [INFO] Connected to guild: LokiSMP (1226126978629898290) with 3 members
[2025-04-29T06:07:40.802Z] [INFO] Added command: 8ball from fun
[2025-04-29T06:07:40.807Z] [INFO] Added command: coinflip from fun
[2025-04-29T06:07:40.809Z] [INFO] Added command: joke from fun
[2025-04-29T06:07:40.815Z] [INFO] Added command: giveaway from giveaway
[2025-04-29T06:07:40.816Z] [INFO] Added command: gend from giveaway
[2025-04-29T06:07:40.818Z] [INFO] Added command: glist from giveaway
[2025-04-29T06:07:40.823Z] [INFO] Added command: antiping from moderation
[2025-04-29T06:07:40.819Z] [INFO] Added command: greroll from giveaway
[2025-04-29T06:07:40.826Z] [INFO] Added command: kick from moderation
[2025-04-29T06:07:40.825Z] [INFO] Added command: ban from moderation
[2025-04-29T06:07:40.828Z] [INFO] Added command: purge from moderation
[2025-04-29T06:07:40.830Z] [INFO] Added command: timeout from moderation
[2025-04-29T06:07:40.831Z] [INFO] Added command: unmute from moderation
[2025-04-29T06:07:40.832Z] [INFO] Added command: unsticky from sticky
[2025-04-29T06:07:40.846Z] [INFO] Added command: embed from utility
[2025-04-29T06:07:40.834Z] [INFO] Added command: sticky from sticky
[2025-04-29T06:07:40.848Z] [INFO] Added command: help from utility
[2025-04-29T06:07:40.849Z] [INFO] Added command: ping from utility
[2025-04-29T06:07:40.850Z] [INFO] Added command: serverinfo from utility
[2025-04-29T06:07:40.851Z] [INFO] Added command: userinfo from utility
[2025-04-29T06:07:40.853Z] [INFO] Started refreshing 20 application (/) commands.
[2025-04-29T06:07:41.122Z] [ERROR] Error deploying commands: DiscordAPIError[50001]: Missing Access
[2025-04-29T06:07:52.383Z] [INFO] Requesting intents: Guilds, GuildMessages, GuildMembers, MessageContent
[2025-04-29T06:07:52.386Z] [INFO] Loaded event: interactionCreate
[2025-04-29T06:07:52.387Z] [INFO] Loaded event: messageCreate
[2025-04-29T06:07:52.387Z] [INFO] Loaded event: ready
[2025-04-29T06:07:52.388Z] [INFO] Loaded command: 8ball from fun
[2025-04-29T06:07:52.389Z] [INFO] Loaded command: coinflip from fun
[2025-04-29T06:07:52.390Z] [INFO] Loaded command: joke from fun
[2025-04-29T06:07:52.390Z] [INFO] Loaded command: giveaway from giveaway
[2025-04-29T06:07:52.391Z] [INFO] Loaded command: gend from giveaway
[2025-04-29T06:07:52.396Z] [INFO] Loaded command: antiping from moderation
[2025-04-29T06:07:52.392Z] [INFO] Loaded command: glist from giveaway
[2025-04-29T06:07:52.397Z] [INFO] Loaded command: ban from moderation
[2025-04-29T06:07:52.402Z] [INFO] Loaded command: kick from moderation
[2025-04-29T06:07:52.403Z] [INFO] Loaded command: purge from moderation
[2025-04-29T06:07:52.404Z] [INFO] Loaded command: timeout from moderation
[2025-04-29T06:07:52.405Z] [INFO] Loaded command: unmute from moderation
[2025-04-29T06:07:52.393Z] [INFO] Loaded command: greroll from giveaway
[2025-04-29T06:07:52.407Z] [INFO] Loaded command: sticky from sticky
[2025-04-29T06:07:52.405Z] [INFO] Loaded command: unsticky from sticky
[2025-04-29T06:07:52.409Z] [INFO] Loaded command: embed from utility
[2025-04-29T06:07:52.410Z] [INFO] Loaded command: ping from utility
[2025-04-29T06:07:52.411Z] [INFO] Loaded command: serverinfo from utility
[2025-04-29T06:07:52.410Z] [INFO] Loaded command: help from utility
[2025-04-29T06:07:52.411Z] [INFO] Loaded command: userinfo from utility
[2025-04-29T06:07:52.411Z] [INFO] Attempting to log in to Discord...
[2025-04-29T06:07:52.893Z] [INFO] Bot logged in successfully
[2025-04-29T06:07:52.893Z] [INFO] Loaded 0 active giveaways
[2025-04-29T06:07:52.893Z] [INFO] Setting up sticky message handler
[2025-04-29T06:07:52.987Z] [INFO] Bot is serving 2 guilds
[2025-04-29T06:07:52.986Z] [INFO] Logged in as .gg/snowhill#8571
[2025-04-29T06:07:52.987Z] [INFO] Connected to guild: LokiSMP (1226126978629898290) with 3 members
[2025-04-29T06:07:52.987Z] [INFO] Connected to guild: SnowHill #REVIVE (1321561162717855834) with 8161 members
[2025-04-29T06:08:54.317Z] [INFO] Added command: 8ball from fun
[2025-04-29T06:08:54.324Z] [INFO] Added command: coinflip from fun
[2025-04-29T06:08:54.327Z] [INFO] Added command: joke from fun
[2025-04-29T06:08:54.338Z] [INFO] Added command: giveaway from giveaway
[2025-04-29T06:08:54.340Z] [INFO] Added command: gend from giveaway
[2025-04-29T06:08:54.343Z] [INFO] Added command: greroll from giveaway
[2025-04-29T06:08:54.347Z] [INFO] Added command: antiping from moderation
[2025-04-29T06:08:54.348Z] [INFO] Added command: ban from moderation
[2025-04-29T06:08:54.350Z] [INFO] Added command: kick from moderation
[2025-04-29T06:08:54.352Z] [INFO] Added command: purge from moderation
[2025-04-29T06:08:54.354Z] [INFO] Added command: timeout from moderation
[2025-04-29T06:08:54.359Z] [INFO] Added command: unsticky from sticky
[2025-04-29T06:08:54.357Z] [INFO] Added command: unmute from moderation
[2025-04-29T06:08:54.361Z] [INFO] Added command: sticky from sticky
[2025-04-29T06:08:54.365Z] [INFO] Added command: help from utility
[2025-04-29T06:08:54.366Z] [INFO] Added command: ping from utility
[2025-04-29T06:08:54.367Z] [INFO] Added command: serverinfo from utility
[2025-04-29T06:08:54.368Z] [INFO] Added command: userinfo from utility
[2025-04-29T06:08:54.341Z] [INFO] Added command: glist from giveaway
[2025-04-29T06:08:54.363Z] [INFO] Added command: embed from utility
[2025-04-29T06:08:54.369Z] [INFO] Started refreshing 20 application (/) commands.
[2025-04-29T06:08:54.601Z] [ERROR] Error deploying commands: DiscordAPIError[0]: 401: Unauthorized
[2025-04-29T06:09:37.057Z] [INFO] Requesting intents: Guilds, GuildMessages, GuildMembers, MessageContent
[2025-04-29T06:09:37.060Z] [INFO] Loaded event: interactionCreate
[2025-04-29T06:09:37.062Z] [INFO] Loaded event: ready
[2025-04-29T06:09:37.061Z] [INFO] Loaded event: messageCreate
[2025-04-29T06:09:37.063Z] [INFO] Loaded command: 8ball from fun
[2025-04-29T06:09:37.064Z] [INFO] Loaded command: coinflip from fun
[2025-04-29T06:09:37.066Z] [INFO] Loaded command: giveaway from giveaway
[2025-04-29T06:09:37.066Z] [INFO] Loaded command: joke from fun
[2025-04-29T06:09:37.067Z] [INFO] Loaded command: gend from giveaway
[2025-04-29T06:09:37.068Z] [INFO] Loaded command: glist from giveaway
[2025-04-29T06:09:37.070Z] [INFO] Loaded command: greroll from giveaway
[2025-04-29T06:09:37.075Z] [INFO] Loaded command: antiping from moderation
[2025-04-29T06:09:37.076Z] [INFO] Loaded command: ban from moderation
[2025-04-29T06:09:37.077Z] [INFO] Loaded command: kick from moderation
[2025-04-29T06:09:37.079Z] [INFO] Loaded command: purge from moderation
[2025-04-29T06:09:37.080Z] [INFO] Loaded command: timeout from moderation
[2025-04-29T06:09:37.084Z] [INFO] Loaded command: unsticky from sticky
[2025-04-29T06:09:37.084Z] [INFO] Loaded command: sticky from sticky
[2025-04-29T06:09:37.085Z] [INFO] Loaded command: embed from utility
[2025-04-29T06:09:37.086Z] [INFO] Loaded command: help from utility
[2025-04-29T06:09:37.086Z] [INFO] Loaded command: ping from utility
[2025-04-29T06:09:37.087Z] [INFO] Loaded command: serverinfo from utility
[2025-04-29T06:09:37.087Z] [INFO] Loaded command: userinfo from utility
[2025-04-29T06:09:37.087Z] [INFO] Attempting to log in to Discord...
[2025-04-29T06:09:37.083Z] [INFO] Loaded command: unmute from moderation
[2025-04-29T06:09:37.569Z] [INFO] Bot logged in successfully
[2025-04-29T06:09:37.570Z] [INFO] Loaded 0 active giveaways
[2025-04-29T06:09:37.570Z] [INFO] Setting up sticky message handler
[2025-04-29T06:09:37.659Z] [INFO] Logged in as .gg/snowhill#8571
[2025-04-29T06:09:37.660Z] [INFO] Bot is serving 2 guilds
[2025-04-29T06:09:37.660Z] [INFO] Connected to guild: LokiSMP (1226126978629898290) with 3 members
[2025-04-29T06:09:37.660Z] [INFO] Connected to guild: SnowHill #REVIVE (1321561162717855834) with 8161 members
[2025-04-29T06:09:47.350Z] [INFO] Requesting intents: Guilds, GuildMessages, GuildMembers, MessageContent
[2025-04-29T06:09:47.352Z] [INFO] Loaded event: interactionCreate
[2025-04-29T06:09:47.354Z] [INFO] Loaded event: ready
[2025-04-29T06:09:47.355Z] [INFO] Loaded command: 8ball from fun
[2025-04-29T06:09:47.356Z] [INFO] Loaded command: coinflip from fun
[2025-04-29T06:09:47.358Z] [INFO] Loaded command: joke from fun
[2025-04-29T06:09:47.358Z] [INFO] Loaded command: giveaway from giveaway
[2025-04-29T06:09:47.359Z] [INFO] Loaded command: gend from giveaway
[2025-04-29T06:09:47.360Z] [INFO] Loaded command: glist from giveaway
[2025-04-29T06:09:47.361Z] [INFO] Loaded command: greroll from giveaway
[2025-04-29T06:09:47.365Z] [INFO] Loaded command: antiping from moderation
[2025-04-29T06:09:47.366Z] [INFO] Loaded command: ban from moderation
[2025-04-29T06:09:47.367Z] [INFO] Loaded command: kick from moderation
[2025-04-29T06:09:47.368Z] [INFO] Loaded command: purge from moderation
[2025-04-29T06:09:47.369Z] [INFO] Loaded command: timeout from moderation
[2025-04-29T06:09:47.371Z] [INFO] Loaded command: unmute from moderation
[2025-04-29T06:09:47.372Z] [INFO] Loaded command: unsticky from sticky
[2025-04-29T06:09:47.373Z] [INFO] Loaded command: sticky from sticky
[2025-04-29T06:09:47.374Z] [INFO] Loaded command: embed from utility
[2025-04-29T06:09:47.374Z] [INFO] Loaded command: help from utility
[2025-04-29T06:09:47.375Z] [INFO] Loaded command: ping from utility
[2025-04-29T06:09:47.375Z] [INFO] Loaded command: serverinfo from utility
[2025-04-29T06:09:47.376Z] [INFO] Loaded command: userinfo from utility
[2025-04-29T06:09:47.376Z] [INFO] Attempting to log in to Discord...
[2025-04-29T06:09:47.353Z] [INFO] Loaded event: messageCreate
[2025-04-29T06:09:47.894Z] [INFO] Bot logged in successfully
[2025-04-29T06:09:47.895Z] [INFO] Loaded 0 active giveaways
[2025-04-29T06:09:47.895Z] [INFO] Setting up sticky message handler
[2025-04-29T06:09:47.990Z] [INFO] Logged in as .gg/snowhill#8571
[2025-04-29T06:09:47.991Z] [INFO] Bot is serving 2 guilds
[2025-04-29T06:09:47.991Z] [INFO] Connected to guild: LokiSMP (1226126978629898290) with 3 members
[2025-04-29T06:09:47.991Z] [INFO] Connected to guild: SnowHill #REVIVE (1321561162717855834) with 8161 members
[2025-04-29T06:09:50.295Z] [INFO] Requesting intents: Guilds, GuildMessages, GuildMembers, MessageContent
[2025-04-29T06:09:50.298Z] [INFO] Loaded event: interactionCreate
[2025-04-29T06:09:50.299Z] [INFO] Loaded event: messageCreate
[2025-04-29T06:09:50.300Z] [INFO] Loaded event: ready
[2025-04-29T06:09:50.300Z] [INFO] Loaded command: 8ball from fun
[2025-04-29T06:09:50.301Z] [INFO] Loaded command: coinflip from fun
[2025-04-29T06:09:50.302Z] [INFO] Loaded command: joke from fun
[2025-04-29T06:09:50.302Z] [INFO] Loaded command: giveaway from giveaway
[2025-04-29T06:09:50.303Z] [INFO] Loaded command: gend from giveaway
[2025-04-29T06:09:50.304Z] [INFO] Loaded command: glist from giveaway
[2025-04-29T06:09:50.305Z] [INFO] Loaded command: greroll from giveaway
[2025-04-29T06:09:50.308Z] [INFO] Loaded command: antiping from moderation
[2025-04-29T06:09:50.309Z] [INFO] Loaded command: ban from moderation
[2025-04-29T06:09:50.310Z] [INFO] Loaded command: kick from moderation
[2025-04-29T06:09:50.311Z] [INFO] Loaded command: purge from moderation
[2025-04-29T06:09:50.312Z] [INFO] Loaded command: timeout from moderation
[2025-04-29T06:09:50.313Z] [INFO] Loaded command: unmute from moderation
[2025-04-29T06:09:50.313Z] [INFO] Loaded command: unsticky from sticky
[2025-04-29T06:09:50.313Z] [INFO] Loaded command: sticky from sticky
[2025-04-29T06:09:50.315Z] [INFO] Loaded command: embed from utility
[2025-04-29T06:09:50.315Z] [INFO] Loaded command: help from utility
[2025-04-29T06:09:50.316Z] [INFO] Loaded command: ping from utility
[2025-04-29T06:09:50.316Z] [INFO] Loaded command: serverinfo from utility
[2025-04-29T06:09:50.317Z] [INFO] Loaded command: userinfo from utility
[2025-04-29T06:09:50.317Z] [INFO] Attempting to log in to Discord...
[2025-04-29T06:09:50.823Z] [INFO] Bot logged in successfully
[2025-04-29T06:09:50.824Z] [INFO] Loaded 0 active giveaways
[2025-04-29T06:09:50.824Z] [INFO] Setting up sticky message handler
[2025-04-29T06:09:50.925Z] [INFO] Logged in as .gg/snowhill#8571
[2025-04-29T06:09:50.925Z] [INFO] Connected to guild: LokiSMP (1226126978629898290) with 3 members
[2025-04-29T06:09:50.925Z] [INFO] Bot is serving 2 guilds
[2025-04-29T06:09:50.925Z] [INFO] Connected to guild: SnowHill #REVIVE (1321561162717855834) with 8161 members
[2025-04-29T06:10:10.203Z] [INFO] Requesting intents: Guilds, GuildMessages, GuildMembers, MessageContent
[2025-04-29T06:10:10.207Z] [INFO] Loaded event: interactionCreate
[2025-04-29T06:10:10.210Z] [INFO] Loaded event: messageCreate
[2025-04-29T06:10:10.211Z] [INFO] Loaded event: ready
[2025-04-29T06:10:10.212Z] [INFO] Loaded command: 8ball from fun
[2025-04-29T06:10:10.213Z] [INFO] Loaded command: coinflip from fun
[2025-04-29T06:10:10.215Z] [INFO] Loaded command: joke from fun
[2025-04-29T06:10:10.216Z] [INFO] Loaded command: giveaway from giveaway
[2025-04-29T06:10:10.217Z] [INFO] Loaded command: gend from giveaway
[2025-04-29T06:10:10.219Z] [INFO] Loaded command: glist from giveaway
[2025-04-29T06:10:10.221Z] [INFO] Loaded command: greroll from giveaway
[2025-04-29T06:10:10.224Z] [INFO] Loaded command: antiping from moderation
[2025-04-29T06:10:10.227Z] [INFO] Loaded command: ban from moderation
[2025-04-29T06:10:10.228Z] [INFO] Loaded command: kick from moderation
[2025-04-29T06:10:10.229Z] [INFO] Loaded command: purge from moderation
[2025-04-29T06:10:10.230Z] [INFO] Loaded command: timeout from moderation
[2025-04-29T06:10:10.233Z] [INFO] Loaded command: unmute from moderation
[2025-04-29T06:10:10.234Z] [INFO] Loaded command: unsticky from sticky
[2025-04-29T06:10:10.234Z] [INFO] Loaded command: sticky from sticky
[2025-04-29T06:10:10.235Z] [INFO] Loaded command: embed from utility
[2025-04-29T06:10:10.236Z] [INFO] Loaded command: help from utility
[2025-04-29T06:10:10.236Z] [INFO] Loaded command: ping from utility
[2025-04-29T06:10:10.237Z] [INFO] Loaded command: serverinfo from utility
[2025-04-29T06:10:10.237Z] [INFO] Loaded command: userinfo from utility
[2025-04-29T06:10:10.238Z] [INFO] Attempting to log in to Discord...
[2025-04-29T06:10:10.778Z] [INFO] Bot logged in successfully
[2025-04-29T06:10:10.779Z] [INFO] Loaded 0 active giveaways
[2025-04-29T06:10:10.779Z] [INFO] Setting up sticky message handler
[2025-04-29T06:10:10.881Z] [INFO] Logged in as .gg/snowhill#8571
[2025-04-29T06:10:10.881Z] [INFO] Bot is serving 2 guilds
[2025-04-29T06:10:10.882Z] [INFO] Connected to guild: LokiSMP (1226126978629898290) with 3 members
[2025-04-29T06:10:10.882Z] [INFO] Connected to guild: SnowHill #REVIVE (1321561162717855834) with 8161 members
[2025-04-29T06:10:45.085Z] [INFO] Added command: 8ball from fun
[2025-04-29T06:10:45.091Z] [INFO] Added command: coinflip from fun
[2025-04-29T06:10:45.099Z] [INFO] Added command: giveaway from giveaway
[2025-04-29T06:10:45.094Z] [INFO] Added command: joke from fun
[2025-04-29T06:10:45.102Z] [INFO] Added command: gend from giveaway
[2025-04-29T06:10:45.105Z] [INFO] Added command: greroll from giveaway
[2025-04-29T06:10:45.104Z] [INFO] Added command: glist from giveaway
[2025-04-29T06:10:45.108Z] [INFO] Added command: antiping from moderation
[2025-04-29T06:10:45.110Z] [INFO] Added command: ban from moderation
[2025-04-29T06:10:45.113Z] [INFO] Added command: purge from moderation
[2025-04-29T06:10:45.115Z] [INFO] Added command: timeout from moderation
[2025-04-29T06:10:45.111Z] [INFO] Added command: kick from moderation
[2025-04-29T06:10:45.116Z] [INFO] Added command: unmute from moderation
[2025-04-29T06:10:45.118Z] [INFO] Added command: unsticky from sticky
[2025-04-29T06:10:45.120Z] [INFO] Added command: sticky from sticky
[2025-04-29T06:10:45.130Z] [INFO] Added command: embed from utility
[2025-04-29T06:10:45.134Z] [INFO] Added command: help from utility
[2025-04-29T06:10:45.138Z] [INFO] Added command: serverinfo from utility
[2025-04-29T06:10:45.136Z] [INFO] Added command: ping from utility
[2025-04-29T06:10:45.140Z] [INFO] Added command: userinfo from utility
[2025-04-29T06:10:45.141Z] [INFO] Started refreshing 20 application (/) commands.
[2025-04-29T06:10:45.416Z] [ERROR] Error deploying commands: DiscordAPIError[50001]: Missing Access
[2025-04-29T06:11:39.349Z] [INFO] Requesting intents: Guilds, GuildMessages, GuildMembers, MessageContent
[2025-04-29T06:11:39.352Z] [INFO] Loaded event: interactionCreate
[2025-04-29T06:11:39.353Z] [INFO] Loaded event: messageCreate
[2025-04-29T06:11:39.353Z] [INFO] Loaded event: ready
[2025-04-29T06:11:39.354Z] [INFO] Loaded command: 8ball from fun
[2025-04-29T06:11:39.355Z] [INFO] Loaded command: coinflip from fun
[2025-04-29T06:11:39.356Z] [INFO] Loaded command: joke from fun
[2025-04-29T06:11:39.356Z] [INFO] Loaded command: giveaway from giveaway
[2025-04-29T06:11:39.357Z] [INFO] Loaded command: gend from giveaway
[2025-04-29T06:11:39.357Z] [INFO] Loaded command: glist from giveaway
[2025-04-29T06:11:39.358Z] [INFO] Loaded command: greroll from giveaway
[2025-04-29T06:11:39.360Z] [INFO] Loaded command: antiping from moderation
[2025-04-29T06:11:39.361Z] [INFO] Loaded command: ban from moderation
[2025-04-29T06:11:39.363Z] [INFO] Loaded command: kick from moderation
[2025-04-29T06:11:39.364Z] [INFO] Loaded command: purge from moderation
[2025-04-29T06:11:39.365Z] [INFO] Loaded command: timeout from moderation
[2025-04-29T06:11:39.365Z] [INFO] Loaded command: unmute from moderation
[2025-04-29T06:11:39.366Z] [INFO] Loaded command: unsticky from sticky
[2025-04-29T06:11:39.366Z] [INFO] Loaded command: sticky from sticky
[2025-04-29T06:11:39.368Z] [INFO] Loaded command: embed from utility
[2025-04-29T06:11:39.369Z] [INFO] Loaded command: help from utility
[2025-04-29T06:11:39.369Z] [INFO] Loaded command: ping from utility
[2025-04-29T06:11:39.370Z] [INFO] Loaded command: serverinfo from utility
[2025-04-29T06:11:39.370Z] [INFO] Loaded command: userinfo from utility
[2025-04-29T06:11:39.371Z] [INFO] Attempting to log in to Discord...
[2025-04-29T06:11:39.908Z] [INFO] Bot logged in successfully
[2025-04-29T06:11:39.908Z] [INFO] Loaded 0 active giveaways
[2025-04-29T06:11:39.909Z] [INFO] Setting up sticky message handler
[2025-04-29T06:11:40.006Z] [INFO] Logged in as .gg/snowhill#8571
[2025-04-29T06:11:40.007Z] [INFO] Bot is serving 2 guilds
[2025-04-29T06:11:40.007Z] [INFO] Connected to guild: LokiSMP (1226126978629898290) with 3 members
[2025-04-29T06:11:40.007Z] [INFO] Connected to guild: SnowHill #REVIVE (1321561162717855834) with 8161 members
[2025-04-29T06:12:42.128Z] [INFO] Executing antiping subcommand: addrole
[2025-04-29T06:12:42.128Z] [INFO] User sselyan (839580152774000721) used command /antiping addrole
[2025-04-29T06:12:42.321Z] [INFO] Protected role set to NO TAG (1364936227148533761) by sselyan
[2025-04-29T06:12:53.399Z] [INFO] User sselyan (839580152774000721) used command /antiping addbypass
[2025-04-29T06:12:53.399Z] [INFO] Executing antiping subcommand: addbypass
[2025-04-29T06:12:53.399Z] [ERROR] Unknown antiping subcommand received: "addbypass" from user sselyan
[2025-04-29T06:16:11.196Z] [INFO] Requesting intents: Guilds, GuildMessages, GuildMembers, MessageContent
[2025-04-29T06:16:11.199Z] [INFO] Loaded event: interactionCreate
[2025-04-29T06:16:11.200Z] [INFO] Loaded event: messageCreate
[2025-04-29T06:16:11.201Z] [INFO] Loaded command: 8ball from fun
[2025-04-29T06:16:11.204Z] [INFO] Loaded command: coinflip from fun
[2025-04-29T06:16:11.206Z] [INFO] Loaded command: joke from fun
[2025-04-29T06:16:11.206Z] [INFO] Loaded command: giveaway from giveaway
[2025-04-29T06:16:11.207Z] [INFO] Loaded command: gend from giveaway
[2025-04-29T06:16:11.207Z] [INFO] Loaded command: glist from giveaway
[2025-04-29T06:16:11.208Z] [INFO] Loaded command: greroll from giveaway
[2025-04-29T06:16:11.212Z] [INFO] Loaded command: antiping from moderation
[2025-04-29T06:16:11.200Z] [INFO] Loaded event: ready
[2025-04-29T06:16:11.213Z] [INFO] Loaded command: ban from moderation
[2025-04-29T06:16:11.213Z] [INFO] Loaded command: kick from moderation
[2025-04-29T06:16:11.215Z] [INFO] Loaded command: timeout from moderation
[2025-04-29T06:16:11.214Z] [INFO] Loaded command: purge from moderation
[2025-04-29T06:16:11.216Z] [INFO] Loaded command: unmute from moderation
[2025-04-29T06:16:11.216Z] [INFO] Loaded command: unsticky from sticky
[2025-04-29T06:16:11.216Z] [INFO] Loaded command: sticky from sticky
[2025-04-29T06:16:11.218Z] [INFO] Loaded command: embed from utility
[2025-04-29T06:16:11.218Z] [INFO] Loaded command: help from utility
[2025-04-29T06:16:11.219Z] [INFO] Loaded command: ping from utility
[2025-04-29T06:16:11.219Z] [INFO] Loaded command: serverinfo from utility
[2025-04-29T06:16:11.220Z] [INFO] Loaded command: userinfo from utility
[2025-04-29T06:16:11.220Z] [INFO] Attempting to log in to Discord...
[2025-04-29T06:16:11.738Z] [INFO] Bot logged in successfully
[2025-04-29T06:16:11.739Z] [INFO] Loaded 0 active giveaways
[2025-04-29T06:16:11.739Z] [INFO] Setting up sticky message handler
[2025-04-29T06:16:11.828Z] [INFO] Logged in as .gg/snowhill#8571
[2025-04-29T06:16:11.828Z] [INFO] Bot is serving 2 guilds
[2025-04-29T06:16:11.828Z] [INFO] Connected to guild: LokiSMP (1226126978629898290) with 3 members
[2025-04-29T06:16:11.828Z] [INFO] Connected to guild: SnowHill #REVIVE (1321561162717855834) with 8161 members
[2025-04-29T06:17:46.396Z] [INFO] User sselyan (839580152774000721) used command /antiping addrole
[2025-04-29T06:17:46.396Z] [INFO] Executing antiping subcommand: addrole
[2025-04-29T06:17:46.397Z] [ERROR] Unknown antiping subcommand received: "addrole" from user sselyan
[2025-04-29T06:19:08.284Z] [INFO] Requesting intents: Guilds, GuildMessages, GuildMembers, MessageContent
[2025-04-29T06:19:08.287Z] [INFO] Loaded event: interactionCreate
[2025-04-29T06:19:08.288Z] [INFO] Loaded command: 8ball from fun
[2025-04-29T06:19:08.289Z] [INFO] Loaded command: coinflip from fun
[2025-04-29T06:19:08.288Z] [INFO] Loaded event: ready
[2025-04-29T06:19:08.290Z] [INFO] Loaded command: joke from fun
[2025-04-29T06:19:08.290Z] [INFO] Loaded command: giveaway from giveaway
[2025-04-29T06:19:08.290Z] [INFO] Loaded command: gend from giveaway
[2025-04-29T06:19:08.291Z] [INFO] Loaded command: glist from giveaway
[2025-04-29T06:19:08.292Z] [INFO] Loaded command: greroll from giveaway
[2025-04-29T06:19:08.293Z] [INFO] Loaded command: antiping from moderation
[2025-04-29T06:19:08.295Z] [INFO] Loaded command: ban from moderation
[2025-04-29T06:19:08.296Z] [INFO] Loaded command: kick from moderation
[2025-04-29T06:19:08.297Z] [INFO] Loaded command: purge from moderation
[2025-04-29T06:19:08.298Z] [INFO] Loaded command: timeout from moderation
[2025-04-29T06:19:08.298Z] [INFO] Loaded command: unmute from moderation
[2025-04-29T06:19:08.287Z] [INFO] Loaded event: messageCreate
[2025-04-29T06:19:08.299Z] [INFO] Loaded command: unsticky from sticky
[2025-04-29T06:19:08.299Z] [INFO] Loaded command: sticky from sticky
[2025-04-29T06:19:08.300Z] [INFO] Loaded command: embed from utility
[2025-04-29T06:19:08.301Z] [INFO] Loaded command: help from utility
[2025-04-29T06:19:08.301Z] [INFO] Loaded command: ping from utility
[2025-04-29T06:19:08.302Z] [INFO] Loaded command: serverinfo from utility
[2025-04-29T06:19:08.303Z] [INFO] Loaded command: userinfo from utility
[2025-04-29T06:19:08.303Z] [INFO] Attempting to log in to Discord...
[2025-04-29T06:19:09.104Z] [INFO] Loaded 0 active giveaways
[2025-04-29T06:19:09.104Z] [INFO] Bot logged in successfully
[2025-04-29T06:19:09.104Z] [INFO] Setting up sticky message handler
[2025-04-29T06:19:09.183Z] [INFO] Logged in as .gg/snowhill#8571
[2025-04-29T06:19:09.183Z] [INFO] Bot is serving 2 guilds
[2025-04-29T06:19:09.184Z] [INFO] Connected to guild: LokiSMP (1226126978629898290) with 3 members
[2025-04-29T06:19:09.184Z] [INFO] Connected to guild: SnowHill #REVIVE (1321561162717855834) with 8161 members
[2025-04-29T06:19:48.284Z] [INFO] User sselyan (839580152774000721) used command /antiping addbypass
[2025-04-29T06:19:48.284Z] [INFO] Executing antiping subcommand: addbypass
[2025-04-29T06:19:48.518Z] [INFO] Bypass role set to Anti-ping Bypass (1364937426392580117) by sselyan
[2025-04-29T06:19:56.743Z] [INFO] User sselyan (839580152774000721) used command /antiping addrole
[2025-04-29T06:19:56.743Z] [INFO] Executing antiping subcommand: addrole
[2025-04-29T06:19:56.945Z] [INFO] Protected role set to NO TAG (1364936227148533761) by sselyan
[2025-04-29T06:20:05.060Z] [INFO] User sselyan (839580152774000721) used command /antiping setduration
[2025-04-29T06:20:05.060Z] [INFO] Executing antiping subcommand: setduration
[2025-04-29T06:20:05.061Z] [ERROR] Unknown antiping subcommand received: "setduration" from user sselyan
[2025-04-29T06:21:17.374Z] [INFO] Requesting intents: Guilds, GuildMessages, GuildMembers, MessageContent
[2025-04-29T06:21:17.376Z] [INFO] Loaded event: interactionCreate
[2025-04-29T06:21:17.377Z] [INFO] Loaded event: messageCreate
[2025-04-29T06:21:17.377Z] [INFO] Loaded event: ready
[2025-04-29T06:21:17.378Z] [INFO] Loaded command: 8ball from fun
[2025-04-29T06:21:17.379Z] [INFO] Loaded command: coinflip from fun
[2025-04-29T06:21:17.380Z] [INFO] Loaded command: joke from fun
[2025-04-29T06:21:17.380Z] [INFO] Loaded command: giveaway from giveaway
[2025-04-29T06:21:17.381Z] [INFO] Loaded command: gend from giveaway
[2025-04-29T06:21:17.382Z] [INFO] Loaded command: glist from giveaway
[2025-04-29T06:21:17.383Z] [INFO] Loaded command: greroll from giveaway
[2025-04-29T06:21:17.385Z] [INFO] Loaded command: antiping from moderation
[2025-04-29T06:21:17.387Z] [INFO] Loaded command: ban from moderation
[2025-04-29T06:21:17.388Z] [INFO] Loaded command: kick from moderation
[2025-04-29T06:21:17.389Z] [INFO] Loaded command: purge from moderation
[2025-04-29T06:21:17.390Z] [INFO] Loaded command: timeout from moderation
[2025-04-29T06:21:17.390Z] [INFO] Loaded command: unmute from moderation
[2025-04-29T06:21:17.391Z] [INFO] Loaded command: unsticky from sticky
[2025-04-29T06:21:17.391Z] [INFO] Loaded command: sticky from sticky
[2025-04-29T06:21:17.393Z] [INFO] Loaded command: embed from utility
[2025-04-29T06:21:17.393Z] [INFO] Loaded command: help from utility
[2025-04-29T06:21:17.394Z] [INFO] Loaded command: serverinfo from utility
[2025-04-29T06:21:17.394Z] [INFO] Loaded command: ping from utility
[2025-04-29T06:21:17.395Z] [INFO] Loaded command: userinfo from utility
[2025-04-29T06:21:17.395Z] [INFO] Attempting to log in to Discord...
[2025-04-29T06:21:17.964Z] [INFO] Bot logged in successfully
[2025-04-29T06:21:17.965Z] [INFO] Loaded 0 active giveaways
[2025-04-29T06:21:17.965Z] [INFO] Setting up sticky message handler
[2025-04-29T06:21:18.056Z] [INFO] Logged in as .gg/snowhill#8571
[2025-04-29T06:21:18.056Z] [INFO] Bot is serving 2 guilds
[2025-04-29T06:21:18.056Z] [INFO] Connected to guild: LokiSMP (1226126978629898290) with 3 members
[2025-04-29T06:21:18.056Z] [INFO] Connected to guild: SnowHill #REVIVE (1321561162717855834) with 8161 members
[2025-04-29T06:21:51.390Z] [INFO] User sselyan (839580152774000721) used command /antiping setduration
[2025-04-29T06:21:51.391Z] [INFO] Executing antiping subcommand: setduration
[2025-04-29T06:21:51.602Z] [INFO] Timeout duration set to 5 minutes by sselyan
[2025-04-29T06:21:57.024Z] [INFO] User sselyan (839580152774000721) used command /antiping view
[2025-04-29T06:21:57.024Z] [INFO] Executing antiping subcommand: view
[2025-04-29T06:24:38.776Z] [INFO] Requesting intents: Guilds, GuildMessages, GuildMembers, MessageContent
[2025-04-29T06:24:38.780Z] [INFO] Loaded event: interactionCreate
[2025-04-29T06:24:38.781Z] [INFO] Loaded event: messageCreate
[2025-04-29T06:24:38.781Z] [INFO] Loaded event: ready
[2025-04-29T06:24:38.782Z] [INFO] Loaded command: 8ball from fun
[2025-04-29T06:24:38.782Z] [INFO] Loaded command: coinflip from fun
[2025-04-29T06:24:38.784Z] [INFO] Loaded command: joke from fun
[2025-04-29T06:24:38.784Z] [INFO] Loaded command: giveaway from giveaway
[2025-04-29T06:24:38.785Z] [INFO] Loaded command: gend from giveaway
[2025-04-29T06:24:38.786Z] [INFO] Loaded command: glist from giveaway
[2025-04-29T06:24:38.787Z] [INFO] Loaded command: greroll from giveaway
[2025-04-29T06:24:38.790Z] [INFO] Loaded command: antiping from moderation
[2025-04-29T06:24:38.791Z] [INFO] Loaded command: ban from moderation
[2025-04-29T06:24:38.792Z] [INFO] Loaded command: kick from moderation
[2025-04-29T06:24:38.794Z] [INFO] Loaded command: purge from moderation
[2025-04-29T06:24:38.802Z] [INFO] Loaded command: timeout from moderation
[2025-04-29T06:24:38.803Z] [INFO] Loaded command: unmute from moderation
[2025-04-29T06:24:38.804Z] [INFO] Loaded command: unsticky from sticky
[2025-04-29T06:24:38.804Z] [INFO] Loaded command: sticky from sticky
[2025-04-29T06:24:38.806Z] [INFO] Loaded command: embed from utility
[2025-04-29T06:24:38.807Z] [INFO] Loaded command: help from utility
[2025-04-29T06:24:38.807Z] [INFO] Loaded command: ping from utility
[2025-04-29T06:24:38.808Z] [INFO] Loaded command: serverinfo from utility
[2025-04-29T06:24:38.809Z] [INFO] Loaded command: userinfo from utility
[2025-04-29T06:24:38.809Z] [INFO] Attempting to log in to Discord...
[2025-04-29T06:24:39.375Z] [INFO] Bot logged in successfully
[2025-04-29T06:24:39.375Z] [INFO] Loaded 0 active giveaways
[2025-04-29T06:24:39.376Z] [INFO] Setting up sticky message handler
[2025-04-29T06:24:39.463Z] [INFO] Logged in as .gg/snowhill#8571
[2025-04-29T06:24:39.464Z] [INFO] Bot is serving 2 guilds
[2025-04-29T06:24:39.464Z] [INFO] Connected to guild: LokiSMP (1226126978629898290) with 3 members
[2025-04-29T06:24:39.464Z] [INFO] Connected to guild: SnowHill #REVIVE (1321561162717855834) with 8161 members
[2025-04-29T06:24:40.026Z] [INFO] Requesting intents: Guilds, GuildMessages, GuildMembers, MessageContent
[2025-04-29T06:24:40.037Z] [INFO] Loaded event: interactionCreate
[2025-04-29T06:24:40.038Z] [INFO] Loaded event: messageCreate
[2025-04-29T06:24:40.039Z] [INFO] Loaded event: ready
[2025-04-29T06:24:40.040Z] [INFO] Loaded command: 8ball from fun
[2025-04-29T06:24:40.040Z] [INFO] Loaded command: coinflip from fun
[2025-04-29T06:24:40.042Z] [INFO] Loaded command: joke from fun
[2025-04-29T06:24:40.042Z] [INFO] Loaded command: giveaway from giveaway
[2025-04-29T06:24:40.043Z] [INFO] Loaded command: gend from giveaway
[2025-04-29T06:24:40.045Z] [INFO] Loaded command: glist from giveaway
[2025-04-29T06:24:40.046Z] [INFO] Loaded command: greroll from giveaway
[2025-04-29T06:24:40.048Z] [INFO] Loaded command: antiping from moderation
[2025-04-29T06:24:40.050Z] [INFO] Loaded command: ban from moderation
[2025-04-29T06:24:40.051Z] [INFO] Loaded command: kick from moderation
[2025-04-29T06:24:40.052Z] [INFO] Loaded command: purge from moderation
[2025-04-29T06:24:40.053Z] [INFO] Loaded command: timeout from moderation
[2025-04-29T06:24:40.053Z] [INFO] Loaded command: unmute from moderation
[2025-04-29T06:24:40.054Z] [INFO] Loaded command: unsticky from sticky
[2025-04-29T06:24:40.054Z] [INFO] Loaded command: sticky from sticky
[2025-04-29T06:24:40.055Z] [INFO] Loaded command: embed from utility
[2025-04-29T06:24:40.056Z] [INFO] Loaded command: help from utility
[2025-04-29T06:24:40.057Z] [INFO] Loaded command: ping from utility
[2025-04-29T06:24:40.057Z] [INFO] Loaded command: serverinfo from utility
[2025-04-29T06:24:40.058Z] [INFO] Loaded command: userinfo from utility
[2025-04-29T06:24:40.058Z] [INFO] Attempting to log in to Discord...
[2025-04-29T06:24:40.760Z] [INFO] Bot logged in successfully
[2025-04-29T06:24:40.760Z] [INFO] Loaded 0 active giveaways
[2025-04-29T06:24:40.760Z] [INFO] Setting up sticky message handler
[2025-04-29T06:24:40.858Z] [INFO] Bot is serving 2 guilds
[2025-04-29T06:24:40.858Z] [INFO] Logged in as .gg/snowhill#8571
[2025-04-29T06:24:40.858Z] [INFO] Connected to guild: LokiSMP (1226126978629898290) with 3 members
[2025-04-29T06:24:40.858Z] [INFO] Connected to guild: SnowHill #REVIVE (1321561162717855834) with 8161 members
[2025-04-29T09:42:54.500Z] [INFO] Requesting intents: Guilds, GuildMessages, GuildMembers, MessageContent
[2025-04-29T09:42:54.504Z] [INFO] Loaded event: interactionCreate
[2025-04-29T09:42:54.506Z] [INFO] Loaded event: ready
[2025-04-29T09:42:54.507Z] [INFO] Loaded command: 8ball from fun
[2025-04-29T09:42:54.505Z] [INFO] Loaded event: messageCreate
[2025-04-29T09:42:54.508Z] [INFO] Loaded command: coinflip from fun
[2025-04-29T09:42:54.510Z] [INFO] Loaded command: joke from fun
[2025-04-29T09:42:54.510Z] [INFO] Loaded command: giveaway from giveaway
[2025-04-29T09:42:54.511Z] [INFO] Loaded command: gend from giveaway
[2025-04-29T09:42:54.512Z] [INFO] Loaded command: glist from giveaway
[2025-04-29T09:42:54.513Z] [INFO] Loaded command: greroll from giveaway
[2025-04-29T09:42:54.520Z] [INFO] Loaded command: antiping from moderation
[2025-04-29T09:42:54.521Z] [INFO] Loaded command: ban from moderation
[2025-04-29T09:42:54.523Z] [INFO] Loaded command: kick from moderation
[2025-04-29T09:42:54.524Z] [INFO] Loaded command: purge from moderation
[2025-04-29T09:42:54.526Z] [INFO] Loaded command: timeout from moderation
[2025-04-29T09:42:54.528Z] [INFO] Loaded command: unmute from moderation
[2025-04-29T09:42:54.529Z] [INFO] Loaded command: sticky from sticky
[2025-04-29T09:42:54.529Z] [INFO] Loaded command: unsticky from sticky
[2025-04-29T09:42:54.532Z] [INFO] Loaded command: embed from utility
[2025-04-29T09:42:54.535Z] [INFO] Loaded command: help from utility
[2025-04-29T09:42:54.535Z] [INFO] Loaded command: ping from utility
[2025-04-29T09:42:54.536Z] [INFO] Loaded command: serverinfo from utility
[2025-04-29T09:42:54.537Z] [INFO] Loaded command: userinfo from utility
[2025-04-29T09:42:54.537Z] [INFO] Attempting to log in to Discord...
[2025-04-29T09:42:55.091Z] [INFO] Bot logged in successfully
[2025-04-29T09:42:55.091Z] [INFO] Loaded 0 active giveaways
[2025-04-29T09:42:55.092Z] [INFO] Setting up sticky message handler
[2025-04-29T09:42:55.180Z] [INFO] Bot is serving 2 guilds
[2025-04-29T09:42:55.181Z] [INFO] Connected to guild: SnowHill #REVIVE (1321561162717855834) with 8159 members
[2025-04-29T09:42:55.179Z] [INFO] Logged in as .gg/snowhill#8571
[2025-04-29T09:42:55.180Z] [INFO] Connected to guild: LokiSMP (1226126978629898290) with 3 members
[2025-04-29T09:42:55.974Z] [INFO] Requesting intents: Guilds, GuildMessages, GuildMembers, MessageContent
[2025-04-29T09:42:55.977Z] [INFO] Loaded event: interactionCreate
[2025-04-29T09:42:55.977Z] [INFO] Loaded event: messageCreate
[2025-04-29T09:42:55.978Z] [INFO] Loaded event: ready
[2025-04-29T09:42:55.978Z] [INFO] Loaded command: 8ball from fun
[2025-04-29T09:42:55.979Z] [INFO] Loaded command: coinflip from fun
[2025-04-29T09:42:55.981Z] [INFO] Loaded command: joke from fun
[2025-04-29T09:42:55.981Z] [INFO] Loaded command: giveaway from giveaway
[2025-04-29T09:42:55.982Z] [INFO] Loaded command: gend from giveaway
[2025-04-29T09:42:55.983Z] [INFO] Loaded command: glist from giveaway
[2025-04-29T09:42:55.984Z] [INFO] Loaded command: greroll from giveaway
[2025-04-29T09:42:55.987Z] [INFO] Loaded command: antiping from moderation
[2025-04-29T09:42:55.987Z] [INFO] Loaded command: ban from moderation
[2025-04-29T09:42:55.988Z] [INFO] Loaded command: kick from moderation
[2025-04-29T09:42:55.989Z] [INFO] Loaded command: purge from moderation
[2025-04-29T09:42:55.990Z] [INFO] Loaded command: timeout from moderation
[2025-04-29T09:42:55.990Z] [INFO] Loaded command: unmute from moderation
[2025-04-29T09:42:55.991Z] [INFO] Loaded command: unsticky from sticky
[2025-04-29T09:42:55.991Z] [INFO] Loaded command: sticky from sticky
[2025-04-29T09:42:55.992Z] [INFO] Loaded command: embed from utility
[2025-04-29T09:42:55.993Z] [INFO] Loaded command: help from utility
[2025-04-29T09:42:55.993Z] [INFO] Loaded command: ping from utility
[2025-04-29T09:42:55.993Z] [INFO] Loaded command: serverinfo from utility
[2025-04-29T09:42:55.994Z] [INFO] Loaded command: userinfo from utility
[2025-04-29T09:42:55.994Z] [INFO] Attempting to log in to Discord...
[2025-04-29T09:42:56.509Z] [INFO] Bot logged in successfully
[2025-04-29T09:42:56.509Z] [INFO] Loaded 0 active giveaways
[2025-04-29T09:42:56.509Z] [INFO] Setting up sticky message handler
[2025-04-29T09:42:56.599Z] [INFO] Logged in as .gg/snowhill#8571
[2025-04-29T09:42:56.600Z] [INFO] Bot is serving 2 guilds
[2025-04-29T09:42:56.600Z] [INFO] Connected to guild: LokiSMP (1226126978629898290) with 3 members
[2025-04-29T09:42:56.600Z] [INFO] Connected to guild: SnowHill #REVIVE (1321561162717855834) with 8159 members
[2025-04-29T09:45:11.958Z] [INFO] Requesting intents: Guilds, GuildMessages, GuildMembers, MessageContent
[2025-04-29T09:45:11.962Z] [INFO] Loaded event: interactionCreate
[2025-04-29T09:45:11.962Z] [INFO] Loaded event: messageCreate
[2025-04-29T09:45:11.963Z] [INFO] Loaded event: ready
[2025-04-29T09:45:11.964Z] [INFO] Loaded command: 8ball from fun
[2025-04-29T09:45:11.967Z] [INFO] Loaded command: coinflip from fun
[2025-04-29T09:45:11.970Z] [INFO] Loaded command: joke from fun
[2025-04-29T09:45:11.970Z] [INFO] Loaded command: giveaway from giveaway
[2025-04-29T09:45:11.971Z] [INFO] Loaded command: gend from giveaway
[2025-04-29T09:45:11.972Z] [INFO] Loaded command: glist from giveaway
[2025-04-29T09:45:11.973Z] [INFO] Loaded command: greroll from giveaway
[2025-04-29T09:45:11.976Z] [INFO] Loaded command: antiping from moderation
[2025-04-29T09:45:11.977Z] [INFO] Loaded command: ban from moderation
[2025-04-29T09:45:11.979Z] [INFO] Loaded command: kick from moderation
[2025-04-29T09:45:11.980Z] [INFO] Loaded command: purge from moderation
[2025-04-29T09:45:11.983Z] [INFO] Loaded command: timeout from moderation
[2025-04-29T09:45:11.985Z] [INFO] Loaded command: unmute from moderation
[2025-04-29T09:45:11.986Z] [INFO] Loaded command: unsticky from sticky
[2025-04-29T09:45:11.986Z] [INFO] Loaded command: sticky from sticky
[2025-04-29T09:45:11.988Z] [INFO] Loaded command: embed from utility
[2025-04-29T09:45:11.990Z] [INFO] Loaded command: help from utility
[2025-04-29T09:45:11.991Z] [INFO] Loaded command: ping from utility
[2025-04-29T09:45:11.992Z] [INFO] Loaded command: serverinfo from utility
[2025-04-29T09:45:11.992Z] [INFO] Loaded command: userinfo from utility
[2025-04-29T09:45:11.992Z] [INFO] Attempting to log in to Discord...
[2025-04-29T09:45:12.866Z] [INFO] Bot logged in successfully
[2025-04-29T09:45:12.867Z] [INFO] Loaded 0 active giveaways
[2025-04-29T09:45:12.867Z] [INFO] Setting up sticky message handler
[2025-04-29T09:45:12.964Z] [INFO] Logged in as .gg/snowhill#8571
[2025-04-29T09:45:12.965Z] [INFO] Bot is serving 2 guilds
[2025-04-29T09:45:12.965Z] [INFO] Connected to guild: LokiSMP (1226126978629898290) with 3 members
[2025-04-29T09:45:12.965Z] [INFO] Connected to guild: SnowHill #REVIVE (1321561162717855834) with 8159 members
[2025-04-29T10:17:21.654Z] [INFO] Requesting intents: Guilds, GuildMessages, GuildMembers, MessageContent
[2025-04-29T10:17:21.658Z] [INFO] Loaded event: interactionCreate
[2025-04-29T10:17:21.658Z] [INFO] Loaded event: messageCreate
[2025-04-29T10:17:21.659Z] [INFO] Loaded event: ready
[2025-04-29T10:17:21.660Z] [INFO] Loaded command: 8ball from fun
[2025-04-29T10:17:21.660Z] [INFO] Loaded command: coinflip from fun
[2025-04-29T10:17:21.662Z] [INFO] Loaded command: joke from fun
[2025-04-29T10:17:21.662Z] [INFO] Loaded command: giveaway from giveaway
[2025-04-29T10:17:21.662Z] [INFO] Loaded command: gend from giveaway
[2025-04-29T10:17:21.665Z] [INFO] Loaded command: glist from giveaway
[2025-04-29T10:17:21.667Z] [INFO] Loaded command: greroll from giveaway
[2025-04-29T10:17:21.669Z] [INFO] Loaded command: antiping from moderation
[2025-04-29T10:17:21.670Z] [INFO] Loaded command: ban from moderation
[2025-04-29T10:17:21.673Z] [INFO] Loaded command: kick from moderation
[2025-04-29T10:17:21.673Z] [INFO] Loaded command: purge from moderation
[2025-04-29T10:17:21.675Z] [INFO] Loaded command: timeout from moderation
[2025-04-29T10:17:21.676Z] [INFO] Loaded command: unmute from moderation
[2025-04-29T10:17:21.677Z] [INFO] Loaded command: unsticky from sticky
[2025-04-29T10:17:21.677Z] [INFO] Loaded command: sticky from sticky
[2025-04-29T10:17:21.679Z] [INFO] Loaded command: embed from utility
[2025-04-29T10:17:21.681Z] [INFO] Loaded command: help from utility
[2025-04-29T10:17:21.682Z] [INFO] Loaded command: ping from utility
[2025-04-29T10:17:21.682Z] [INFO] Loaded command: serverinfo from utility
[2025-04-29T10:17:21.683Z] [INFO] Loaded command: userinfo from utility
[2025-04-29T10:17:21.684Z] [INFO] Attempting to log in to Discord...
[2025-04-29T10:17:22.406Z] [INFO] Bot logged in successfully
[2025-04-29T10:17:22.407Z] [INFO] Loaded 0 active giveaways
[2025-04-29T10:17:22.407Z] [INFO] Setting up sticky message handler
[2025-04-29T10:17:22.513Z] [INFO] Logged in as .gg/snowhill#8571
[2025-04-29T10:17:22.514Z] [INFO] Connected to guild: LokiSMP (1226126978629898290) with 3 members
[2025-04-29T10:17:22.514Z] [INFO] Bot is serving 2 guilds
[2025-04-29T10:17:22.514Z] [INFO] Connected to guild: SnowHill #REVIVE (1321561162717855834) with 8157 members
[2025-04-29T10:17:31.002Z] [INFO] Requesting intents: Guilds, GuildMessages, GuildMembers, MessageContent
[2025-04-29T10:17:31.007Z] [INFO] Loaded event: ready
[2025-04-29T10:17:31.008Z] [INFO] Loaded command: 8ball from fun
[2025-04-29T10:17:31.009Z] [INFO] Loaded command: coinflip from fun
[2025-04-29T10:17:31.010Z] [INFO] Loaded command: joke from fun
[2025-04-29T10:17:31.010Z] [INFO] Loaded command: giveaway from giveaway
[2025-04-29T10:17:31.011Z] [INFO] Loaded command: gend from giveaway
[2025-04-29T10:17:31.012Z] [INFO] Loaded command: glist from giveaway
[2025-04-29T10:17:31.013Z] [INFO] Loaded command: greroll from giveaway
[2025-04-29T10:17:31.016Z] [INFO] Loaded command: antiping from moderation
[2025-04-29T10:17:31.017Z] [INFO] Loaded command: ban from moderation
[2025-04-29T10:17:31.017Z] [INFO] Loaded command: kick from moderation
[2025-04-29T10:17:31.018Z] [INFO] Loaded command: purge from moderation
[2025-04-29T10:17:31.019Z] [INFO] Loaded command: timeout from moderation
[2025-04-29T10:17:31.020Z] [INFO] Loaded command: unmute from moderation
[2025-04-29T10:17:31.006Z] [INFO] Loaded event: interactionCreate
[2025-04-29T10:17:31.007Z] [INFO] Loaded event: messageCreate
[2025-04-29T10:17:31.020Z] [INFO] Loaded command: unsticky from sticky
[2025-04-29T10:17:31.020Z] [INFO] Loaded command: sticky from sticky
[2025-04-29T10:17:31.032Z] [INFO] Loaded command: embed from utility
[2025-04-29T10:17:31.033Z] [INFO] Loaded command: help from utility
[2025-04-29T10:17:31.033Z] [INFO] Loaded command: ping from utility
[2025-04-29T10:17:31.034Z] [INFO] Loaded command: serverinfo from utility
[2025-04-29T10:17:31.034Z] [INFO] Loaded command: userinfo from utility
[2025-04-29T10:17:31.034Z] [INFO] Attempting to log in to Discord...
[2025-04-29T10:17:31.597Z] [INFO] Bot logged in successfully
[2025-04-29T10:17:31.597Z] [INFO] Loaded 0 active giveaways
[2025-04-29T10:17:31.597Z] [INFO] Setting up sticky message handler
[2025-04-29T10:17:31.980Z] [INFO] Logged in as .gg/snowhill#8571
[2025-04-29T10:17:31.980Z] [INFO] Bot is serving 2 guilds
[2025-04-29T10:17:31.981Z] [INFO] Connected to guild: LokiSMP (1226126978629898290) with 3 members
[2025-04-29T10:17:31.981Z] [INFO] Connected to guild: SnowHill #REVIVE (1321561162717855834) with 8157 members
[2025-04-29T10:17:50.432Z] [INFO] Requesting intents: Guilds, GuildMessages, GuildMembers, MessageContent
[2025-04-29T10:17:50.435Z] [INFO] Loaded event: interactionCreate
[2025-04-29T10:17:50.436Z] [INFO] Loaded event: ready
[2025-04-29T10:17:50.437Z] [INFO] Loaded command: 8ball from fun
[2025-04-29T10:17:50.438Z] [INFO] Loaded command: coinflip from fun
[2025-04-29T10:17:50.439Z] [INFO] Loaded command: joke from fun
[2025-04-29T10:17:50.439Z] [INFO] Loaded command: giveaway from giveaway
[2025-04-29T10:17:50.440Z] [INFO] Loaded command: gend from giveaway
[2025-04-29T10:17:50.436Z] [INFO] Loaded event: messageCreate
[2025-04-29T10:17:50.441Z] [INFO] Loaded command: glist from giveaway
[2025-04-29T10:17:50.442Z] [INFO] Loaded command: greroll from giveaway
[2025-04-29T10:17:50.444Z] [INFO] Loaded command: antiping from moderation
[2025-04-29T10:17:50.445Z] [INFO] Loaded command: ban from moderation
[2025-04-29T10:17:50.449Z] [INFO] Loaded command: kick from moderation
[2025-04-29T10:17:50.451Z] [INFO] Loaded command: purge from moderation
[2025-04-29T10:17:50.452Z] [INFO] Loaded command: timeout from moderation
[2025-04-29T10:17:50.453Z] [INFO] Loaded command: unmute from moderation
[2025-04-29T10:17:50.453Z] [INFO] Loaded command: unsticky from sticky
[2025-04-29T10:17:50.454Z] [INFO] Loaded command: sticky from sticky
[2025-04-29T10:17:50.455Z] [INFO] Loaded command: embed from utility
[2025-04-29T10:17:50.456Z] [INFO] Loaded command: help from utility
[2025-04-29T10:17:50.457Z] [INFO] Loaded command: ping from utility
[2025-04-29T10:17:50.458Z] [INFO] Loaded command: serverinfo from utility
[2025-04-29T10:17:50.458Z] [INFO] Loaded command: userinfo from utility
[2025-04-29T10:17:50.458Z] [INFO] Attempting to log in to Discord...
[2025-04-29T10:17:51.157Z] [INFO] Bot logged in successfully
[2025-04-29T10:17:51.157Z] [INFO] Loaded 0 active giveaways
[2025-04-29T10:17:51.157Z] [INFO] Setting up sticky message handler
[2025-04-29T10:17:51.250Z] [INFO] Logged in as .gg/snowhill#8571
[2025-04-29T10:17:51.251Z] [INFO] Bot is serving 2 guilds
[2025-04-29T10:17:51.251Z] [INFO] Connected to guild: LokiSMP (1226126978629898290) with 3 members
[2025-04-29T10:17:51.251Z] [INFO] Connected to guild: SnowHill #REVIVE (1321561162717855834) with 8157 members
[2025-04-29T10:20:56.444Z] [INFO] Requesting intents: Guilds, GuildMessages, GuildMembers, MessageContent
[2025-04-29T10:20:56.446Z] [INFO] Loaded event: interactionCreate
[2025-04-29T10:20:56.447Z] [INFO] Loaded event: messageCreate
[2025-04-29T10:20:56.448Z] [INFO] Loaded event: ready
[2025-04-29T10:20:56.448Z] [INFO] Loaded command: 8ball from fun
[2025-04-29T10:20:56.449Z] [INFO] Loaded command: coinflip from fun
[2025-04-29T10:20:56.451Z] [INFO] Loaded command: giveaway from giveaway
[2025-04-29T10:20:56.451Z] [INFO] Loaded command: joke from fun
[2025-04-29T10:20:56.452Z] [INFO] Loaded command: gend from giveaway
[2025-04-29T10:20:56.453Z] [INFO] Loaded command: glist from giveaway
[2025-04-29T10:20:56.454Z] [INFO] Loaded command: greroll from giveaway
[2025-04-29T10:20:56.456Z] [INFO] Loaded command: antiping from moderation
[2025-04-29T10:20:56.463Z] [INFO] Loaded command: purge from moderation
[2025-04-29T10:20:56.464Z] [INFO] Loaded command: timeout from moderation
[2025-04-29T10:20:56.465Z] [INFO] Loaded command: unmute from moderation
[2025-04-29T10:20:56.457Z] [INFO] Loaded command: ban from moderation
[2025-04-29T10:20:56.465Z] [INFO] Loaded command: unsticky from sticky
[2025-04-29T10:20:56.462Z] [INFO] Loaded command: kick from moderation
[2025-04-29T10:20:56.465Z] [INFO] Loaded command: sticky from sticky
[2025-04-29T10:20:56.467Z] [INFO] Loaded command: embed from utility
[2025-04-29T10:20:56.468Z] [INFO] Loaded command: help from utility
[2025-04-29T10:20:56.468Z] [INFO] Loaded command: ping from utility
[2025-04-29T10:20:56.469Z] [INFO] Loaded command: serverinfo from utility
[2025-04-29T10:20:56.469Z] [INFO] Loaded command: userinfo from utility
[2025-04-29T10:20:56.469Z] [INFO] Attempting to log in to Discord...
[2025-04-29T10:20:57.033Z] [INFO] Bot logged in successfully
[2025-04-29T10:20:57.033Z] [INFO] Loaded 0 active giveaways
[2025-04-29T10:20:57.034Z] [INFO] Setting up sticky message handler
[2025-04-29T10:20:57.121Z] [INFO] Logged in as .gg/snowhill#8571
[2025-04-29T10:20:57.122Z] [INFO] Bot is serving 2 guilds
[2025-04-29T10:20:57.122Z] [INFO] Connected to guild: LokiSMP (1226126978629898290) with 3 members
[2025-04-29T10:20:57.122Z] [INFO] Connected to guild: SnowHill #REVIVE (1321561162717855834) with 8157 members
[2025-04-29T10:21:04.757Z] [INFO] Requesting intents: Guilds, GuildMessages, GuildMembers, MessageContent
[2025-04-29T10:21:04.760Z] [INFO] Loaded event: interactionCreate
[2025-04-29T10:21:04.760Z] [INFO] Loaded event: messageCreate
[2025-04-29T10:21:04.761Z] [INFO] Loaded event: ready
[2025-04-29T10:21:04.761Z] [INFO] Loaded command: 8ball from fun
[2025-04-29T10:21:04.762Z] [INFO] Loaded command: coinflip from fun
[2025-04-29T10:21:04.763Z] [INFO] Loaded command: joke from fun
[2025-04-29T10:21:04.764Z] [INFO] Loaded command: giveaway from giveaway
[2025-04-29T10:21:04.765Z] [INFO] Loaded command: gend from giveaway
[2025-04-29T10:21:04.765Z] [INFO] Loaded command: glist from giveaway
[2025-04-29T10:21:04.767Z] [INFO] Loaded command: greroll from giveaway
[2025-04-29T10:21:04.769Z] [INFO] Loaded command: antiping from moderation
[2025-04-29T10:21:04.771Z] [INFO] Loaded command: ban from moderation
[2025-04-29T10:21:04.772Z] [INFO] Loaded command: kick from moderation
[2025-04-29T10:21:04.772Z] [INFO] Loaded command: purge from moderation
[2025-04-29T10:21:04.773Z] [INFO] Loaded command: timeout from moderation
[2025-04-29T10:21:04.774Z] [INFO] Loaded command: unmute from moderation
[2025-04-29T10:21:04.775Z] [INFO] Loaded command: unsticky from sticky
[2025-04-29T10:21:04.775Z] [INFO] Loaded command: sticky from sticky
[2025-04-29T10:21:04.777Z] [INFO] Loaded command: embed from utility
[2025-04-29T10:21:04.777Z] [INFO] Loaded command: help from utility
[2025-04-29T10:21:04.778Z] [INFO] Loaded command: ping from utility
[2025-04-29T10:21:04.779Z] [INFO] Loaded command: serverinfo from utility
[2025-04-29T10:21:04.779Z] [INFO] Loaded command: userinfo from utility
[2025-04-29T10:21:04.779Z] [INFO] Attempting to log in to Discord...
[2025-04-29T10:21:05.259Z] [INFO] Bot logged in successfully
[2025-04-29T10:21:05.260Z] [INFO] Loaded 0 active giveaways
[2025-04-29T10:21:05.260Z] [INFO] Setting up sticky message handler
[2025-04-29T10:21:05.631Z] [INFO] Logged in as .gg/snowhill#8571
[2025-04-29T10:21:05.632Z] [INFO] Bot is serving 2 guilds
[2025-04-29T10:21:05.632Z] [INFO] Connected to guild: LokiSMP (1226126978629898290) with 3 members
[2025-04-29T10:21:05.632Z] [INFO] Connected to guild: SnowHill #REVIVE (1321561162717855834) with 8157 members
[2025-04-29T10:21:14.802Z] [INFO] Requesting intents: Guilds, GuildMessages, GuildMembers, MessageContent
[2025-04-29T10:21:14.805Z] [INFO] Loaded event: interactionCreate
[2025-04-29T10:21:14.806Z] [INFO] Loaded event: messageCreate
[2025-04-29T10:21:14.806Z] [INFO] Loaded event: ready
[2025-04-29T10:21:14.807Z] [INFO] Loaded command: 8ball from fun
[2025-04-29T10:21:14.807Z] [INFO] Loaded command: coinflip from fun
[2025-04-29T10:21:14.809Z] [INFO] Loaded command: joke from fun
[2025-04-29T10:21:14.809Z] [INFO] Loaded command: giveaway from giveaway
[2025-04-29T10:21:14.810Z] [INFO] Loaded command: gend from giveaway
[2025-04-29T10:21:14.810Z] [INFO] Loaded command: glist from giveaway
[2025-04-29T10:21:14.811Z] [INFO] Loaded command: greroll from giveaway
[2025-04-29T10:21:14.816Z] [INFO] Loaded command: antiping from moderation
[2025-04-29T10:21:14.817Z] [INFO] Loaded command: ban from moderation
[2025-04-29T10:21:14.818Z] [INFO] Loaded command: kick from moderation
[2025-04-29T10:21:14.818Z] [INFO] Loaded command: purge from moderation
[2025-04-29T10:21:14.819Z] [INFO] Loaded command: timeout from moderation
[2025-04-29T10:21:14.820Z] [INFO] Loaded command: unmute from moderation
[2025-04-29T10:21:14.820Z] [INFO] Loaded command: unsticky from sticky
[2025-04-29T10:21:14.821Z] [INFO] Loaded command: sticky from sticky
[2025-04-29T10:21:14.822Z] [INFO] Loaded command: embed from utility
[2025-04-29T10:21:14.823Z] [INFO] Loaded command: help from utility
[2025-04-29T10:21:14.824Z] [INFO] Loaded command: ping from utility
[2025-04-29T10:21:14.824Z] [INFO] Loaded command: serverinfo from utility
[2025-04-29T10:21:14.825Z] [INFO] Loaded command: userinfo from utility
[2025-04-29T10:21:14.825Z] [INFO] Attempting to log in to Discord...
[2025-04-29T10:21:15.411Z] [INFO] Bot logged in successfully
[2025-04-29T10:21:15.412Z] [INFO] Loaded 0 active giveaways
[2025-04-29T10:21:15.412Z] [INFO] Setting up sticky message handler
[2025-04-29T10:21:15.500Z] [INFO] Logged in as .gg/snowhill#8571
[2025-04-29T10:21:15.500Z] [INFO] Bot is serving 2 guilds
[2025-04-29T10:21:15.501Z] [INFO] Connected to guild: LokiSMP (1226126978629898290) with 3 members
[2025-04-29T10:21:15.501Z] [INFO] Connected to guild: SnowHill #REVIVE (1321561162717855834) with 8157 members
[2025-04-29T10:21:34.237Z] [INFO] Requesting intents: Guilds, GuildMessages, GuildMembers, MessageContent
[2025-04-29T10:21:34.240Z] [INFO] Loaded event: interactionCreate
[2025-04-29T10:21:34.241Z] [INFO] Loaded event: messageCreate
[2025-04-29T10:21:34.241Z] [INFO] Loaded event: ready
[2025-04-29T10:21:34.242Z] [INFO] Loaded command: 8ball from fun
[2025-04-29T10:21:34.242Z] [INFO] Loaded command: coinflip from fun
[2025-04-29T10:21:34.244Z] [INFO] Loaded command: joke from fun
[2025-04-29T10:21:34.244Z] [INFO] Loaded command: giveaway from giveaway
[2025-04-29T10:21:34.245Z] [INFO] Loaded command: gend from giveaway
[2025-04-29T10:21:34.245Z] [INFO] Loaded command: glist from giveaway
[2025-04-29T10:21:34.248Z] [INFO] Loaded command: greroll from giveaway
[2025-04-29T10:21:34.250Z] [INFO] Loaded command: antiping from moderation
[2025-04-29T10:21:34.251Z] [INFO] Loaded command: ban from moderation
[2025-04-29T10:21:34.251Z] [INFO] Loaded command: kick from moderation
[2025-04-29T10:21:34.252Z] [INFO] Loaded command: purge from moderation
[2025-04-29T10:21:34.253Z] [INFO] Loaded command: timeout from moderation
[2025-04-29T10:21:34.254Z] [INFO] Loaded command: unmute from moderation
[2025-04-29T10:21:34.255Z] [INFO] Loaded command: unsticky from sticky
[2025-04-29T10:21:34.257Z] [INFO] Loaded command: embed from utility
[2025-04-29T10:21:34.257Z] [INFO] Loaded command: help from utility
[2025-04-29T10:21:34.259Z] [INFO] Loaded command: userinfo from utility
[2025-04-29T10:21:34.258Z] [INFO] Loaded command: serverinfo from utility
[2025-04-29T10:21:34.261Z] [INFO] Attempting to log in to Discord...
[2025-04-29T10:21:34.255Z] [INFO] Loaded command: sticky from sticky
[2025-04-29T10:21:34.258Z] [INFO] Loaded command: ping from utility
[2025-04-29T10:21:34.768Z] [INFO] Bot logged in successfully
[2025-04-29T10:21:34.769Z] [INFO] Loaded 0 active giveaways
[2025-04-29T10:21:34.769Z] [INFO] Setting up sticky message handler
[2025-04-29T10:21:34.855Z] [INFO] Logged in as .gg/snowhill#8571
[2025-04-29T10:21:34.856Z] [INFO] Bot is serving 2 guilds
[2025-04-29T10:21:34.856Z] [INFO] Connected to guild: LokiSMP (1226126978629898290) with 3 members
[2025-04-29T10:21:34.856Z] [INFO] Connected to guild: SnowHill #REVIVE (1321561162717855834) with 8157 members
[2025-04-29T10:25:16.991Z] [INFO] Requesting intents: Guilds, GuildMessages, GuildMembers, MessageContent
[2025-04-29T10:25:16.995Z] [INFO] Loaded event: interactionCreate
[2025-04-29T10:25:16.996Z] [INFO] Loaded event: messageCreate
[2025-04-29T10:25:16.996Z] [INFO] Loaded event: ready
[2025-04-29T10:25:16.997Z] [INFO] Loaded command: 8ball from fun
[2025-04-29T10:25:16.998Z] [INFO] Loaded command: coinflip from fun
[2025-04-29T10:25:16.999Z] [INFO] Loaded command: joke from fun
[2025-04-29T10:25:17.000Z] [INFO] Loaded command: giveaway from giveaway
[2025-04-29T10:25:17.001Z] [INFO] Loaded command: gend from giveaway
[2025-04-29T10:25:17.001Z] [INFO] Loaded command: glist from giveaway
[2025-04-29T10:25:17.002Z] [INFO] Loaded command: greroll from giveaway
[2025-04-29T10:25:17.004Z] [INFO] Loaded command: antiping from moderation
[2025-04-29T10:25:17.005Z] [INFO] Loaded command: ban from moderation
[2025-04-29T10:25:17.006Z] [INFO] Loaded command: kick from moderation
[2025-04-29T10:25:17.009Z] [INFO] Loaded command: purge from moderation
[2025-04-29T10:25:17.010Z] [INFO] Loaded command: timeout from moderation
[2025-04-29T10:25:17.010Z] [INFO] Loaded command: unmute from moderation
[2025-04-29T10:25:17.011Z] [INFO] Loaded command: unsticky from sticky
[2025-04-29T10:25:17.011Z] [INFO] Loaded command: sticky from sticky
[2025-04-29T10:25:17.013Z] [INFO] Loaded command: embed from utility
[2025-04-29T10:25:17.014Z] [INFO] Loaded command: help from utility
[2025-04-29T10:25:17.014Z] [INFO] Loaded command: ping from utility
[2025-04-29T10:25:17.015Z] [INFO] Loaded command: serverinfo from utility
[2025-04-29T10:25:17.015Z] [INFO] Loaded command: userinfo from utility
[2025-04-29T10:25:17.016Z] [INFO] Attempting to log in to Discord...
[2025-04-29T10:25:17.565Z] [INFO] Loaded 0 active giveaways
[2025-04-29T10:25:17.565Z] [INFO] Bot logged in successfully
[2025-04-29T10:25:17.565Z] [INFO] Setting up sticky message handler
[2025-04-29T10:25:17.675Z] [INFO] Logged in as .gg/snowhill#8571
[2025-04-29T10:25:17.676Z] [INFO] Bot is serving 2 guilds
[2025-04-29T10:25:17.676Z] [INFO] Connected to guild: LokiSMP (1226126978629898290) with 3 members
[2025-04-29T10:25:17.676Z] [INFO] Connected to guild: SnowHill #REVIVE (1321561162717855834) with 8156 members
[2025-04-29T10:26:54.985Z] [INFO] Requesting intents: Guilds, GuildMessages, GuildMembers, MessageContent
[2025-04-29T10:26:54.988Z] [INFO] Loaded event: interactionCreate
[2025-04-29T10:26:54.988Z] [INFO] Loaded event: messageCreate
[2025-04-29T10:26:54.989Z] [INFO] Loaded event: ready
[2025-04-29T10:26:54.989Z] [INFO] Loaded command: 8ball from fun
[2025-04-29T10:26:54.990Z] [INFO] Loaded command: coinflip from fun
[2025-04-29T10:26:54.991Z] [INFO] Loaded command: joke from fun
[2025-04-29T10:26:54.991Z] [INFO] Loaded command: giveaway from giveaway
[2025-04-29T10:26:54.992Z] [INFO] Loaded command: gend from giveaway
[2025-04-29T10:26:54.993Z] [INFO] Loaded command: glist from giveaway
[2025-04-29T10:26:54.998Z] [INFO] Loaded command: ban from moderation
[2025-04-29T10:26:54.999Z] [INFO] Loaded command: kick from moderation
[2025-04-29T10:26:55.000Z] [INFO] Loaded command: purge from moderation
[2025-04-29T10:26:55.001Z] [INFO] Loaded command: timeout from moderation
[2025-04-29T10:26:55.001Z] [INFO] Loaded command: unmute from moderation
[2025-04-29T10:26:55.002Z] [INFO] Loaded command: unsticky from sticky
[2025-04-29T10:26:55.002Z] [INFO] Loaded command: sticky from sticky
[2025-04-29T10:26:55.004Z] [INFO] Loaded command: embed from utility
[2025-04-29T10:26:55.004Z] [INFO] Loaded command: help from utility
[2025-04-29T10:26:55.005Z] [INFO] Loaded command: ping from utility
[2025-04-29T10:26:55.005Z] [INFO] Loaded command: serverinfo from utility
[2025-04-29T10:26:55.006Z] [INFO] Loaded command: userinfo from utility
[2025-04-29T10:26:55.006Z] [INFO] Attempting to log in to Discord...
[2025-04-29T10:26:54.993Z] [INFO] Loaded command: greroll from giveaway
[2025-04-29T10:26:54.998Z] [INFO] Loaded command: antiping from moderation
[2025-04-29T10:26:55.630Z] [INFO] Bot logged in successfully
[2025-04-29T10:26:55.631Z] [INFO] Loaded 0 active giveaways
[2025-04-29T10:26:55.631Z] [INFO] Setting up sticky message handler
[2025-04-29T10:26:55.718Z] [INFO] Logged in as .gg/snowhill#8571
[2025-04-29T10:26:55.718Z] [INFO] Bot is serving 2 guilds
[2025-04-29T10:26:55.718Z] [INFO] Connected to guild: LokiSMP (1226126978629898290) with 3 members
[2025-04-29T10:26:55.718Z] [INFO] Connected to guild: SnowHill #REVIVE (1321561162717855834) with 8156 members
[2025-04-29T10:27:04.951Z] [INFO] Requesting intents: Guilds, GuildMessages, GuildMembers, MessageContent
[2025-04-29T10:27:04.953Z] [INFO] Loaded event: interactionCreate
[2025-04-29T10:27:04.954Z] [INFO] Loaded event: messageCreate
[2025-04-29T10:27:04.954Z] [INFO] Loaded event: ready
[2025-04-29T10:27:04.955Z] [INFO] Loaded command: 8ball from fun
[2025-04-29T10:27:04.955Z] [INFO] Loaded command: coinflip from fun
[2025-04-29T10:27:04.956Z] [INFO] Loaded command: joke from fun
[2025-04-29T10:27:04.957Z] [INFO] Loaded command: giveaway from giveaway
[2025-04-29T10:27:04.957Z] [INFO] Loaded command: gend from giveaway
[2025-04-29T10:27:04.958Z] [INFO] Loaded command: glist from giveaway
[2025-04-29T10:27:04.959Z] [INFO] Loaded command: greroll from giveaway
[2025-04-29T10:27:04.962Z] [INFO] Loaded command: antiping from moderation
[2025-04-29T10:27:04.963Z] [INFO] Loaded command: ban from moderation
[2025-04-29T10:27:04.964Z] [INFO] Loaded command: kick from moderation
[2025-04-29T10:27:04.964Z] [INFO] Loaded command: purge from moderation
[2025-04-29T10:27:04.965Z] [INFO] Loaded command: timeout from moderation
[2025-04-29T10:27:04.966Z] [INFO] Loaded command: unmute from moderation
[2025-04-29T10:27:04.966Z] [INFO] Loaded command: unsticky from sticky
[2025-04-29T10:27:04.967Z] [INFO] Loaded command: sticky from sticky
[2025-04-29T10:27:04.968Z] [INFO] Loaded command: embed from utility
[2025-04-29T10:27:04.969Z] [INFO] Loaded command: ping from utility
[2025-04-29T10:27:04.969Z] [INFO] Loaded command: serverinfo from utility
[2025-04-29T10:27:04.970Z] [INFO] Loaded command: userinfo from utility
[2025-04-29T10:27:04.970Z] [INFO] Attempting to log in to Discord...
[2025-04-29T10:27:04.969Z] [INFO] Loaded command: help from utility
[2025-04-29T10:27:06.827Z] [INFO] Bot logged in successfully
[2025-04-29T10:27:06.827Z] [INFO] Loaded 0 active giveaways
[2025-04-29T10:27:06.827Z] [INFO] Setting up sticky message handler
[2025-04-29T10:27:07.076Z] [INFO] Bot is serving 2 guilds
[2025-04-29T10:27:07.076Z] [INFO] Connected to guild: LokiSMP (1226126978629898290) with 3 members
[2025-04-29T10:27:07.076Z] [INFO] Logged in as .gg/snowhill#8571
[2025-04-29T10:27:07.076Z] [INFO] Connected to guild: SnowHill #REVIVE (1321561162717855834) with 8156 members
[2025-04-29T10:27:24.415Z] [INFO] Requesting intents: Guilds, GuildMessages, GuildMembers, MessageContent
[2025-04-29T10:27:24.418Z] [INFO] Loaded event: interactionCreate
[2025-04-29T10:27:24.419Z] [INFO] Loaded event: messageCreate
[2025-04-29T10:27:24.419Z] [INFO] Loaded event: ready
[2025-04-29T10:27:24.420Z] [INFO] Loaded command: 8ball from fun
[2025-04-29T10:27:24.420Z] [INFO] Loaded command: coinflip from fun
[2025-04-29T10:27:24.421Z] [INFO] Loaded command: joke from fun
[2025-04-29T10:27:24.421Z] [INFO] Loaded command: giveaway from giveaway
[2025-04-29T10:27:24.422Z] [INFO] Loaded command: gend from giveaway
[2025-04-29T10:27:24.422Z] [INFO] Loaded command: glist from giveaway
[2025-04-29T10:27:24.423Z] [INFO] Loaded command: greroll from giveaway
[2025-04-29T10:27:24.427Z] [INFO] Loaded command: antiping from moderation
[2025-04-29T10:27:24.428Z] [INFO] Loaded command: ban from moderation
[2025-04-29T10:27:24.428Z] [INFO] Loaded command: kick from moderation
[2025-04-29T10:27:24.429Z] [INFO] Loaded command: purge from moderation
[2025-04-29T10:27:24.430Z] [INFO] Loaded command: timeout from moderation
[2025-04-29T10:27:24.430Z] [INFO] Loaded command: unmute from moderation
[2025-04-29T10:27:24.431Z] [INFO] Loaded command: unsticky from sticky
[2025-04-29T10:27:24.431Z] [INFO] Loaded command: sticky from sticky
[2025-04-29T10:27:24.432Z] [INFO] Loaded command: embed from utility
[2025-04-29T10:27:24.433Z] [INFO] Loaded command: help from utility
[2025-04-29T10:27:24.433Z] [INFO] Loaded command: ping from utility
[2025-04-29T10:27:24.434Z] [INFO] Loaded command: serverinfo from utility
[2025-04-29T10:27:24.434Z] [INFO] Loaded command: userinfo from utility
[2025-04-29T10:27:24.434Z] [INFO] Attempting to log in to Discord...
[2025-04-29T10:27:24.990Z] [INFO] Bot logged in successfully
[2025-04-29T10:27:24.990Z] [INFO] Loaded 0 active giveaways
[2025-04-29T10:27:24.990Z] [INFO] Setting up sticky message handler
[2025-04-29T10:27:25.095Z] [INFO] Bot is serving 2 guilds
[2025-04-29T10:27:25.095Z] [INFO] Logged in as .gg/snowhill#8571
[2025-04-29T10:27:25.096Z] [INFO] Connected to guild: LokiSMP (1226126978629898290) with 3 members
[2025-04-29T10:27:25.096Z] [INFO] Connected to guild: SnowHill #REVIVE (1321561162717855834) with 8156 members
[2025-04-29T10:27:51.205Z] [INFO] Requesting intents: Guilds, GuildMessages, GuildMembers, MessageContent
[2025-04-29T10:27:51.212Z] [INFO] Loaded event: interactionCreate
[2025-04-29T10:27:51.213Z] [INFO] Loaded event: messageCreate
[2025-04-29T10:27:51.213Z] [INFO] Loaded event: ready
[2025-04-29T10:27:51.214Z] [INFO] Loaded command: 8ball from fun
[2025-04-29T10:27:51.216Z] [INFO] Loaded command: joke from fun
[2025-04-29T10:27:51.215Z] [INFO] Loaded command: coinflip from fun
[2025-04-29T10:27:51.216Z] [INFO] Loaded command: giveaway from giveaway
[2025-04-29T10:27:51.217Z] [INFO] Loaded command: gend from giveaway
[2025-04-29T10:27:51.218Z] [INFO] Loaded command: glist from giveaway
[2025-04-29T10:27:51.219Z] [INFO] Loaded command: greroll from giveaway
[2025-04-29T10:27:51.224Z] [INFO] Loaded command: antiping from moderation
[2025-04-29T10:27:51.230Z] [INFO] Loaded command: ban from moderation
[2025-04-29T10:27:51.230Z] [INFO] Loaded command: kick from moderation
[2025-04-29T10:27:51.231Z] [INFO] Loaded command: purge from moderation
[2025-04-29T10:27:51.232Z] [INFO] Loaded command: timeout from moderation
[2025-04-29T10:27:51.233Z] [INFO] Loaded command: unmute from moderation
[2025-04-29T10:27:51.234Z] [INFO] Loaded command: unsticky from sticky
[2025-04-29T10:27:51.234Z] [INFO] Loaded command: sticky from sticky
[2025-04-29T10:27:51.236Z] [INFO] Loaded command: embed from utility
[2025-04-29T10:27:51.237Z] [INFO] Loaded command: help from utility
[2025-04-29T10:27:51.239Z] [INFO] Loaded command: serverinfo from utility
[2025-04-29T10:27:51.238Z] [INFO] Loaded command: ping from utility
[2025-04-29T10:27:51.243Z] [INFO] Loaded command: userinfo from utility
[2025-04-29T10:27:51.243Z] [INFO] Attempting to log in to Discord...
[2025-04-29T10:27:51.735Z] [INFO] Bot logged in successfully
[2025-04-29T10:27:51.735Z] [INFO] Loaded 0 active giveaways
[2025-04-29T10:27:51.735Z] [INFO] Setting up sticky message handler
[2025-04-29T10:27:51.899Z] [INFO] Logged in as .gg/snowhill#8571
[2025-04-29T10:27:51.899Z] [INFO] Bot is serving 2 guilds
[2025-04-29T10:27:51.899Z] [INFO] Connected to guild: LokiSMP (1226126978629898290) with 3 members
[2025-04-29T10:27:51.899Z] [INFO] Connected to guild: SnowHill #REVIVE (1321561162717855834) with 8156 members
[2025-04-29T10:33:15.988Z] [INFO] Added command: 8ball from fun
[2025-04-29T10:33:15.994Z] [INFO] Added command: coinflip from fun
[2025-04-29T10:33:15.997Z] [INFO] Added command: joke from fun
[2025-04-29T10:33:16.002Z] [INFO] Added command: giveaway from giveaway
[2025-04-29T10:33:16.003Z] [INFO] Added command: gend from giveaway
[2025-04-29T10:33:16.004Z] [INFO] Added command: glist from giveaway
[2025-04-29T10:33:16.005Z] [INFO] Added command: greroll from giveaway
[2025-04-29T10:33:16.008Z] [INFO] Added command: antiping from moderation
[2025-04-29T10:33:16.009Z] [INFO] Added command: ban from moderation
[2025-04-29T10:33:16.010Z] [INFO] Added command: kick from moderation
[2025-04-29T10:33:16.012Z] [INFO] Added command: purge from moderation
[2025-04-29T10:33:16.014Z] [INFO] Added command: timeout from moderation
[2025-04-29T10:33:16.015Z] [INFO] Added command: unmute from moderation
[2025-04-29T10:33:16.018Z] [INFO] Added command: unsticky from sticky
[2025-04-29T10:33:16.019Z] [INFO] Added command: sticky from sticky
[2025-04-29T10:33:16.024Z] [INFO] Added command: embed from utility
[2025-04-29T10:33:16.026Z] [INFO] Added command: help from utility
[2025-04-29T10:33:16.027Z] [INFO] Added command: ping from utility
[2025-04-29T10:33:16.028Z] [INFO] Added command: serverinfo from utility
[2025-04-29T10:33:16.029Z] [INFO] Added command: userinfo from utility
[2025-04-29T10:33:16.031Z] [INFO] Started refreshing 20 application (/) commands.
[2025-04-29T10:33:16.352Z] [ERROR] Error deploying commands: DiscordAPIError[50001]: Missing Access
[2025-04-29T10:34:04.764Z] [INFO] Added command: 8ball from fun
[2025-04-29T10:34:04.770Z] [INFO] Added command: coinflip from fun
[2025-04-29T10:34:04.772Z] [INFO] Added command: joke from fun
[2025-04-29T10:34:04.779Z] [INFO] Added command: giveaway from giveaway
[2025-04-29T10:34:04.781Z] [INFO] Added command: gend from giveaway
[2025-04-29T10:34:04.783Z] [INFO] Added command: glist from giveaway
[2025-04-29T10:34:04.784Z] [INFO] Added command: greroll from giveaway
[2025-04-29T10:34:04.789Z] [INFO] Added command: antiping from moderation
[2025-04-29T10:34:04.791Z] [INFO] Added command: ban from moderation
[2025-04-29T10:34:04.792Z] [INFO] Added command: kick from moderation
[2025-04-29T10:34:04.796Z] [INFO] Added command: timeout from moderation
[2025-04-29T10:34:04.798Z] [INFO] Added command: unmute from moderation
[2025-04-29T10:34:04.794Z] [INFO] Added command: purge from moderation
[2025-04-29T10:34:04.802Z] [INFO] Added command: unsticky from sticky
[2025-04-29T10:34:04.804Z] [INFO] Added command: sticky from sticky
[2025-04-29T10:34:04.806Z] [INFO] Added command: embed from utility
[2025-04-29T10:34:04.808Z] [INFO] Added command: help from utility
[2025-04-29T10:34:04.809Z] [INFO] Added command: ping from utility
[2025-04-29T10:34:04.810Z] [INFO] Added command: serverinfo from utility
[2025-04-29T10:34:04.811Z] [INFO] Added command: userinfo from utility
[2025-04-29T10:34:04.812Z] [INFO] Started refreshing 20 application (/) commands.
[2025-04-29T10:34:05.054Z] [ERROR] Error deploying commands: DiscordAPIError[0]: 401: Unauthorized
[2025-04-29T10:36:59.059Z] [INFO] Requesting intents: Guilds, GuildMessages, GuildMembers, MessageContent
[2025-04-29T10:36:59.062Z] [INFO] Loaded event: interactionCreate
[2025-04-29T10:36:59.063Z] [INFO] Loaded event: messageCreate
[2025-04-29T10:36:59.064Z] [INFO] Loaded event: ready
[2025-04-29T10:36:59.064Z] [INFO] Loaded command: 8ball from fun
[2025-04-29T10:36:59.065Z] [INFO] Loaded command: coinflip from fun
[2025-04-29T10:36:59.066Z] [INFO] Loaded command: joke from fun
[2025-04-29T10:36:59.066Z] [INFO] Loaded command: giveaway from giveaway
[2025-04-29T10:36:59.067Z] [INFO] Loaded command: glist from giveaway
[2025-04-29T10:36:59.067Z] [INFO] Loaded command: gend from giveaway
[2025-04-29T10:36:59.068Z] [INFO] Loaded command: greroll from giveaway
[2025-04-29T10:36:59.072Z] [INFO] Loaded command: antiping from moderation
[2025-04-29T10:36:59.073Z] [INFO] Loaded command: ban from moderation
[2025-04-29T10:36:59.073Z] [INFO] Loaded command: kick from moderation
[2025-04-29T10:36:59.074Z] [INFO] Loaded command: purge from moderation
[2025-04-29T10:36:59.075Z] [INFO] Loaded command: timeout from moderation
[2025-04-29T10:36:59.076Z] [INFO] Loaded command: unmute from moderation
[2025-04-29T10:36:59.076Z] [INFO] Loaded command: unsticky from sticky
[2025-04-29T10:36:59.077Z] [INFO] Loaded command: sticky from sticky
[2025-04-29T10:36:59.078Z] [INFO] Loaded command: embed from utility
[2025-04-29T10:36:59.079Z] [INFO] Loaded command: help from utility
[2025-04-29T10:36:59.080Z] [INFO] Loaded command: ping from utility
[2025-04-29T10:36:59.080Z] [INFO] Loaded command: serverinfo from utility
[2025-04-29T10:36:59.081Z] [INFO] Loaded command: userinfo from utility
[2025-04-29T10:36:59.081Z] [INFO] Attempting to log in to Discord...
[2025-04-29T10:38:01.879Z] [INFO] Requesting intents: Guilds, GuildMessages, GuildMembers, MessageContent
[2025-04-29T10:38:01.882Z] [INFO] Loaded event: interactionCreate
[2025-04-29T10:38:01.882Z] [INFO] Loaded event: messageCreate
[2025-04-29T10:38:01.883Z] [INFO] Loaded event: ready
[2025-04-29T10:38:01.883Z] [INFO] Loaded command: 8ball from fun
[2025-04-29T10:38:01.884Z] [INFO] Loaded command: coinflip from fun
[2025-04-29T10:38:01.885Z] [INFO] Loaded command: joke from fun
[2025-04-29T10:38:01.885Z] [INFO] Loaded command: giveaway from giveaway
[2025-04-29T10:38:01.886Z] [INFO] Loaded command: gend from giveaway
[2025-04-29T10:38:01.888Z] [INFO] Loaded command: glist from giveaway
[2025-04-29T10:38:01.889Z] [INFO] Loaded command: greroll from giveaway
[2025-04-29T10:38:01.890Z] [INFO] Loaded command: antiping from moderation
[2025-04-29T10:38:01.891Z] [INFO] Loaded command: ban from moderation
[2025-04-29T10:38:01.892Z] [INFO] Loaded command: kick from moderation
[2025-04-29T10:38:01.892Z] [INFO] Loaded command: purge from moderation
[2025-04-29T10:38:01.893Z] [INFO] Loaded command: timeout from moderation
[2025-04-29T10:38:01.895Z] [INFO] Loaded command: unmute from moderation
[2025-04-29T10:38:01.895Z] [INFO] Loaded command: unsticky from sticky
[2025-04-29T10:38:01.895Z] [INFO] Loaded command: sticky from sticky
[2025-04-29T10:38:01.897Z] [INFO] Loaded command: embed from utility
[2025-04-29T10:38:01.897Z] [INFO] Loaded command: help from utility
[2025-04-29T10:38:01.899Z] [INFO] Loaded command: userinfo from utility
[2025-04-29T10:38:01.898Z] [INFO] Loaded command: ping from utility
[2025-04-29T10:38:01.899Z] [INFO] Attempting to log in to Discord...
[2025-04-29T10:38:01.898Z] [INFO] Loaded command: serverinfo from utility
[2025-04-29T10:38:02.414Z] [INFO] Bot logged in successfully
[2025-04-29T10:38:02.415Z] [INFO] Started refreshing 20 application (/) commands.
[2025-04-29T10:38:02.500Z] [INFO] Logged in as .gg/snowhill#8571
[2025-04-29T10:38:02.500Z] [INFO] Bot is serving 2 guilds
[2025-04-29T10:38:02.500Z] [INFO] Connected to guild: LokiSMP (1226126978629898290) with 3 members
[2025-04-29T10:38:02.500Z] [INFO] Connected to guild: SnowHill #REVIVE (1321561162717855834) with 8156 members
[2025-04-29T10:38:02.562Z] [INFO] Loaded 0 active giveaways
[2025-04-29T10:38:02.561Z] [ERROR] Error deploying commands: DiscordAPIError[50001]: Missing Access
[2025-04-29T10:38:02.562Z] [INFO] Setting up sticky message handler
[2025-04-29T10:38:12.568Z] [INFO] Added command: 8ball from fun
[2025-04-29T10:38:12.575Z] [INFO] Added command: joke from fun
[2025-04-29T10:38:12.573Z] [INFO] Added command: coinflip from fun
[2025-04-29T10:38:12.580Z] [INFO] Added command: giveaway from giveaway
[2025-04-29T10:38:12.583Z] [INFO] Added command: glist from giveaway
[2025-04-29T10:38:12.584Z] [INFO] Added command: greroll from giveaway
[2025-04-29T10:38:12.589Z] [INFO] Added command: antiping from moderation
[2025-04-29T10:38:12.582Z] [INFO] Added command: gend from giveaway
[2025-04-29T10:38:12.590Z] [INFO] Added command: ban from moderation
[2025-04-29T10:38:12.592Z] [INFO] Added command: kick from moderation
[2025-04-29T10:38:12.593Z] [INFO] Added command: purge from moderation
[2025-04-29T10:38:12.595Z] [INFO] Added command: timeout from moderation
[2025-04-29T10:38:12.596Z] [INFO] Added command: unmute from moderation
[2025-04-29T10:38:12.598Z] [INFO] Added command: unsticky from sticky
[2025-04-29T10:38:12.599Z] [INFO] Added command: sticky from sticky
[2025-04-29T10:38:12.602Z] [INFO] Added command: embed from utility
[2025-04-29T10:38:12.604Z] [INFO] Added command: help from utility
[2025-04-29T10:38:12.605Z] [INFO] Added command: ping from utility
[2025-04-29T10:38:12.608Z] [INFO] Added command: userinfo from utility
[2025-04-29T10:38:12.607Z] [INFO] Added command: serverinfo from utility
[2025-04-29T10:38:12.609Z] [INFO] Started refreshing 20 application (/) commands.
[2025-04-29T10:38:12.851Z] [ERROR] Error deploying commands: DiscordAPIError[50001]: Missing Access
[2025-04-29T10:38:22.904Z] [INFO] Requesting intents: Guilds, GuildMessages, GuildMembers, MessageContent
[2025-04-29T10:38:22.907Z] [INFO] Loaded event: interactionCreate
[2025-04-29T10:38:22.908Z] [INFO] Loaded event: messageCreate
[2025-04-29T10:38:22.909Z] [INFO] Loaded command: coinflip from fun
[2025-04-29T10:38:22.910Z] [INFO] Loaded command: joke from fun
[2025-04-29T10:38:22.910Z] [INFO] Loaded command: giveaway from giveaway
[2025-04-29T10:38:22.909Z] [INFO] Loaded command: 8ball from fun
[2025-04-29T10:38:22.911Z] [INFO] Loaded command: gend from giveaway
[2025-04-29T10:38:22.908Z] [INFO] Loaded event: ready
[2025-04-29T10:38:22.912Z] [INFO] Loaded command: glist from giveaway
[2025-04-29T10:38:22.914Z] [INFO] Loaded command: greroll from giveaway
[2025-04-29T10:38:22.917Z] [INFO] Loaded command: antiping from moderation
[2025-04-29T10:38:22.918Z] [INFO] Loaded command: ban from moderation
[2025-04-29T10:38:22.918Z] [INFO] Loaded command: kick from moderation
[2025-04-29T10:38:22.919Z] [INFO] Loaded command: purge from moderation
[2025-04-29T10:38:22.920Z] [INFO] Loaded command: timeout from moderation
[2025-04-29T10:38:22.921Z] [INFO] Loaded command: unmute from moderation
[2025-04-29T10:38:22.922Z] [INFO] Loaded command: sticky from sticky
[2025-04-29T10:38:22.921Z] [INFO] Loaded command: unsticky from sticky
[2025-04-29T10:38:22.923Z] [INFO] Loaded command: embed from utility
[2025-04-29T10:38:22.924Z] [INFO] Loaded command: help from utility
[2025-04-29T10:38:22.925Z] [INFO] Loaded command: ping from utility
[2025-04-29T10:38:22.925Z] [INFO] Loaded command: serverinfo from utility
[2025-04-29T10:38:22.926Z] [INFO] Loaded command: userinfo from utility
[2025-04-29T10:38:22.931Z] [INFO] Attempting to log in to Discord...
[2025-04-29T10:38:23.544Z] [INFO] Bot logged in successfully
[2025-04-29T10:38:23.545Z] [INFO] Started refreshing 20 application (/) commands.
[2025-04-29T10:38:23.753Z] [INFO] Logged in as .gg/snowhill#8571
[2025-04-29T10:38:23.754Z] [INFO] Bot is serving 2 guilds
[2025-04-29T10:38:23.754Z] [INFO] Connected to guild: LokiSMP (1226126978629898290) with 3 members
[2025-04-29T10:38:23.754Z] [INFO] Connected to guild: SnowHill #REVIVE (1321561162717855834) with 8156 members
[2025-04-29T10:38:33.081Z] [INFO] Requesting intents: Guilds, GuildMessages, GuildMembers, MessageContent
[2025-04-29T10:38:33.084Z] [INFO] Loaded event: interactionCreate
[2025-04-29T10:38:33.085Z] [INFO] Loaded event: messageCreate
[2025-04-29T10:38:33.085Z] [INFO] Loaded event: ready
[2025-04-29T10:38:33.086Z] [INFO] Loaded command: 8ball from fun
[2025-04-29T10:38:33.086Z] [INFO] Loaded command: coinflip from fun
[2025-04-29T10:38:33.087Z] [INFO] Loaded command: joke from fun
[2025-04-29T10:38:33.088Z] [INFO] Loaded command: giveaway from giveaway
[2025-04-29T10:38:33.088Z] [INFO] Loaded command: gend from giveaway
[2025-04-29T10:38:33.089Z] [INFO] Loaded command: glist from giveaway
[2025-04-29T10:38:33.090Z] [INFO] Loaded command: greroll from giveaway
[2025-04-29T10:38:33.092Z] [INFO] Loaded command: antiping from moderation
[2025-04-29T10:38:33.095Z] [INFO] Loaded command: ban from moderation
[2025-04-29T10:38:33.095Z] [INFO] Loaded command: kick from moderation
[2025-04-29T10:38:33.096Z] [INFO] Loaded command: purge from moderation
[2025-04-29T10:38:33.097Z] [INFO] Loaded command: timeout from moderation
[2025-04-29T10:38:33.097Z] [INFO] Loaded command: unmute from moderation
[2025-04-29T10:38:33.099Z] [INFO] Loaded command: unsticky from sticky
[2025-04-29T10:38:33.100Z] [INFO] Loaded command: embed from utility
[2025-04-29T10:38:33.101Z] [INFO] Loaded command: help from utility
[2025-04-29T10:38:33.102Z] [INFO] Loaded command: ping from utility
[2025-04-29T10:38:33.102Z] [INFO] Loaded command: serverinfo from utility
[2025-04-29T10:38:33.103Z] [INFO] Loaded command: userinfo from utility
[2025-04-29T10:38:33.103Z] [INFO] Attempting to log in to Discord...
[2025-04-29T10:38:33.099Z] [INFO] Loaded command: sticky from sticky
[2025-04-29T10:38:33.622Z] [INFO] Bot logged in successfully
[2025-04-29T10:38:33.624Z] [INFO] Started refreshing 20 application (/) commands.
[2025-04-29T10:38:33.725Z] [INFO] Logged in as .gg/snowhill#8571
[2025-04-29T10:38:33.725Z] [INFO] Bot is serving 2 guilds
[2025-04-29T10:38:33.726Z] [INFO] Connected to guild: LokiSMP (1226126978629898290) with 3 members
[2025-04-29T10:38:33.726Z] [INFO] Connected to guild: SnowHill #REVIVE (1321561162717855834) with 8156 members
[2025-04-29T10:38:33.773Z] [ERROR] Error deploying commands: DiscordAPIError[50001]: Missing Access
[2025-04-29T10:38:33.773Z] [INFO] Loaded 0 active giveaways
[2025-04-29T10:38:33.774Z] [INFO] Setting up sticky message handler
[2025-04-29T10:38:52.377Z] [INFO] Requesting intents: Guilds, GuildMessages, GuildMembers, MessageContent
[2025-04-29T10:38:52.379Z] [INFO] Loaded event: interactionCreate
[2025-04-29T10:38:52.379Z] [INFO] Loaded event: messageCreate
[2025-04-29T10:38:52.380Z] [INFO] Loaded event: ready
[2025-04-29T10:38:52.380Z] [INFO] Loaded command: 8ball from fun
[2025-04-29T10:38:52.381Z] [INFO] Loaded command: coinflip from fun
[2025-04-29T10:38:52.382Z] [INFO] Loaded command: joke from fun
[2025-04-29T10:38:52.382Z] [INFO] Loaded command: giveaway from giveaway
[2025-04-29T10:38:52.383Z] [INFO] Loaded command: gend from giveaway
[2025-04-29T10:38:52.383Z] [INFO] Loaded command: glist from giveaway
[2025-04-29T10:38:52.387Z] [INFO] Loaded command: antiping from moderation
[2025-04-29T10:38:52.388Z] [INFO] Loaded command: ban from moderation
[2025-04-29T10:38:52.389Z] [INFO] Loaded command: kick from moderation
[2025-04-29T10:38:52.389Z] [INFO] Loaded command: purge from moderation
[2025-04-29T10:38:52.390Z] [INFO] Loaded command: timeout from moderation
[2025-04-29T10:38:52.391Z] [INFO] Loaded command: unmute from moderation
[2025-04-29T10:38:52.384Z] [INFO] Loaded command: greroll from giveaway
[2025-04-29T10:38:52.391Z] [INFO] Loaded command: unsticky from sticky
[2025-04-29T10:38:52.391Z] [INFO] Loaded command: sticky from sticky
[2025-04-29T10:38:52.393Z] [INFO] Loaded command: embed from utility
[2025-04-29T10:38:52.393Z] [INFO] Loaded command: help from utility
[2025-04-29T10:38:52.394Z] [INFO] Loaded command: ping from utility
[2025-04-29T10:38:52.394Z] [INFO] Loaded command: serverinfo from utility
[2025-04-29T10:38:52.395Z] [INFO] Loaded command: userinfo from utility
[2025-04-29T10:38:52.395Z] [INFO] Attempting to log in to Discord...
[2025-04-29T10:38:52.916Z] [INFO] Bot logged in successfully
[2025-04-29T10:38:52.918Z] [INFO] Started refreshing 20 application (/) commands.
[2025-04-29T10:38:52.990Z] [INFO] Logged in as .gg/snowhill#8571
[2025-04-29T10:38:52.991Z] [INFO] Bot is serving 2 guilds
[2025-04-29T10:38:52.991Z] [INFO] Connected to guild: LokiSMP (1226126978629898290) with 3 members
[2025-04-29T10:38:52.991Z] [INFO] Connected to guild: SnowHill #REVIVE (1321561162717855834) with 8156 members
[2025-04-29T10:39:32.832Z] [ERROR] Error deploying commands: DiscordAPIError[50001]: Missing Access
[2025-04-29T10:39:32.833Z] [INFO] Loaded 0 active giveaways
[2025-04-29T10:39:32.833Z] [INFO] Setting up sticky message handler
[2025-04-29T10:40:44.260Z] [INFO] Added command: 8ball from fun
[2025-04-29T10:40:44.270Z] [INFO] Added command: coinflip from fun
[2025-04-29T10:40:44.272Z] [INFO] Added command: joke from fun
[2025-04-29T10:40:44.282Z] [INFO] Added command: giveaway from giveaway
[2025-04-29T10:40:44.284Z] [INFO] Added command: gend from giveaway
[2025-04-29T10:40:44.286Z] [INFO] Added command: glist from giveaway
[2025-04-29T10:40:44.287Z] [INFO] Added command: greroll from giveaway
[2025-04-29T10:40:44.290Z] [INFO] Added command: antiping from moderation
[2025-04-29T10:40:44.292Z] [INFO] Added command: ban from moderation
[2025-04-29T10:40:44.293Z] [INFO] Added command: kick from moderation
[2025-04-29T10:40:44.295Z] [INFO] Added command: purge from moderation
[2025-04-29T10:40:44.296Z] [INFO] Added command: timeout from moderation
[2025-04-29T10:40:44.303Z] [INFO] Added command: unmute from moderation
[2025-04-29T10:40:44.305Z] [INFO] Added command: unsticky from sticky
[2025-04-29T10:40:44.306Z] [INFO] Added command: sticky from sticky
[2025-04-29T10:40:44.309Z] [INFO] Added command: embed from utility
[2025-04-29T10:40:44.310Z] [INFO] Added command: help from utility
[2025-04-29T10:40:44.312Z] [INFO] Added command: serverinfo from utility
[2025-04-29T10:40:44.311Z] [INFO] Added command: ping from utility
[2025-04-29T10:40:44.314Z] [INFO] Added command: userinfo from utility
[2025-04-29T10:40:44.315Z] [INFO] Démarrage du rafraîchissement de 20 commandes application (/)
[2025-04-29T10:40:44.736Z] [INFO] Succès ! Rechargement de 20 commandes de guilde (/)
[2025-04-29T10:40:58.105Z] [INFO] Requesting intents: Guilds, GuildMessages, GuildMembers, MessageContent
[2025-04-29T10:40:58.108Z] [INFO] Loaded event: interactionCreate
[2025-04-29T10:40:58.108Z] [INFO] Loaded event: messageCreate
[2025-04-29T10:40:58.108Z] [INFO] Loaded event: ready
[2025-04-29T10:40:58.109Z] [INFO] Loaded command: 8ball from fun
[2025-04-29T10:40:58.109Z] [INFO] Loaded command: coinflip from fun
[2025-04-29T10:40:58.110Z] [INFO] Loaded command: joke from fun
[2025-04-29T10:40:58.111Z] [INFO] Loaded command: giveaway from giveaway
[2025-04-29T10:40:58.111Z] [INFO] Loaded command: gend from giveaway
[2025-04-29T10:40:58.112Z] [INFO] Loaded command: glist from giveaway
[2025-04-29T10:40:58.113Z] [INFO] Loaded command: greroll from giveaway
[2025-04-29T10:40:58.118Z] [INFO] Loaded command: antiping from moderation
[2025-04-29T10:40:58.119Z] [INFO] Loaded command: ban from moderation
[2025-04-29T10:40:58.120Z] [INFO] Loaded command: kick from moderation
[2025-04-29T10:40:58.121Z] [INFO] Loaded command: purge from moderation
[2025-04-29T10:40:58.122Z] [INFO] Loaded command: timeout from moderation
[2025-04-29T10:40:58.123Z] [INFO] Loaded command: unmute from moderation
[2025-04-29T10:40:58.123Z] [INFO] Loaded command: unsticky from sticky
[2025-04-29T10:40:58.123Z] [INFO] Loaded command: sticky from sticky
[2025-04-29T10:40:58.125Z] [INFO] Loaded command: embed from utility
[2025-04-29T10:40:58.126Z] [INFO] Loaded command: help from utility
[2025-04-29T10:40:58.127Z] [INFO] Loaded command: ping from utility
[2025-04-29T10:40:58.127Z] [INFO] Loaded command: serverinfo from utility
[2025-04-29T10:40:58.128Z] [INFO] Loaded command: userinfo from utility
[2025-04-29T10:40:58.128Z] [INFO] Attempting to log in to Discord...
[2025-04-29T10:40:58.649Z] [INFO] Bot logged in successfully
[2025-04-29T10:40:58.650Z] [INFO] Started refreshing 20 application (/) commands.
[2025-04-29T10:40:58.735Z] [INFO] Logged in as .gg/snowhill#8571
[2025-04-29T10:40:58.735Z] [INFO] Connected to guild: SnowHill #REVIVE (1321561162717855834) with 8156 members
[2025-04-29T10:40:58.735Z] [INFO] Bot is serving 2 guilds
[2025-04-29T10:40:58.735Z] [INFO] Connected to guild: LokiSMP (1226126978629898290) with 3 members
[2025-04-29T10:40:58.843Z] [INFO] Successfully reloaded 20 guild (/) commands.
[2025-04-29T10:40:58.843Z] [INFO] Loaded 0 active giveaways
[2025-04-29T10:40:58.843Z] [INFO] Setting up sticky message handler
[2025-04-29T10:44:11.957Z] [INFO] Requesting intents: Guilds, GuildMessages, GuildMembers, MessageContent
[2025-04-29T10:44:11.962Z] [INFO] Loaded event: interactionCreate
[2025-04-29T10:44:11.963Z] [INFO] Loaded event: ready
[2025-04-29T10:44:11.964Z] [INFO] Loaded command: 8ball from fun
[2025-04-29T10:44:11.965Z] [INFO] Loaded command: coinflip from fun
[2025-04-29T10:44:11.967Z] [INFO] Loaded command: joke from fun
[2025-04-29T10:44:11.967Z] [INFO] Loaded command: giveaway from giveaway
[2025-04-29T10:44:11.968Z] [INFO] Loaded command: gend from giveaway
[2025-04-29T10:44:11.969Z] [INFO] Loaded command: glist from giveaway
[2025-04-29T10:44:11.970Z] [INFO] Loaded command: greroll from giveaway
[2025-04-29T10:44:11.976Z] [INFO] Loaded command: antiping from moderation
[2025-04-29T10:44:11.981Z] [INFO] Loaded command: ban from moderation
[2025-04-29T10:44:11.983Z] [INFO] Loaded command: kick from moderation
[2025-04-29T10:44:11.984Z] [INFO] Loaded command: purge from moderation
[2025-04-29T10:44:11.986Z] [INFO] Loaded command: timeout from moderation
[2025-04-29T10:44:11.988Z] [INFO] Loaded command: unmute from moderation
[2025-04-29T10:44:11.990Z] [INFO] Loaded command: unsticky from sticky
[2025-04-29T10:44:11.990Z] [INFO] Loaded command: sticky from sticky
[2025-04-29T10:44:11.995Z] [INFO] Loaded command: embed from utility
[2025-04-29T10:44:12.001Z] [INFO] Loaded command: help from utility
[2025-04-29T10:44:12.001Z] [INFO] Loaded command: ping from utility
[2025-04-29T10:44:12.003Z] [INFO] Loaded command: serverinfo from utility
[2025-04-29T10:44:12.005Z] [INFO] Loaded command: userinfo from utility
[2025-04-29T10:44:12.005Z] [INFO] Attempting to log in to Discord...
[2025-04-29T10:44:11.962Z] [INFO] Loaded event: messageCreate
[2025-04-29T10:44:12.728Z] [INFO] Bot logged in successfully
[2025-04-29T10:44:12.729Z] [INFO] Started refreshing 20 application (/) commands.
[2025-04-29T10:44:12.804Z] [INFO] Logged in as .gg/snowhill#8571
[2025-04-29T10:44:12.804Z] [INFO] Bot is serving 2 guilds
[2025-04-29T10:44:12.804Z] [INFO] Connected to guild: LokiSMP (1226126978629898290) with 3 members
[2025-04-29T10:44:12.804Z] [INFO] Connected to guild: SnowHill #REVIVE (1321561162717855834) with 8156 members
[2025-04-29T10:44:12.950Z] [INFO] Successfully reloaded 20 guild (/) commands.
[2025-04-29T10:44:12.951Z] [INFO] Loaded 0 active giveaways
[2025-04-29T10:44:12.951Z] [INFO] Setting up sticky message handler
[2025-04-29T10:44:21.007Z] [INFO] Requesting intents: Guilds, GuildMessages, GuildMembers, MessageContent
[2025-04-29T10:44:21.009Z] [INFO] Loaded event: interactionCreate
[2025-04-29T10:44:21.010Z] [INFO] Loaded event: messageCreate
[2025-04-29T10:44:21.011Z] [INFO] Loaded command: 8ball from fun
[2025-04-29T10:44:21.011Z] [INFO] Loaded command: coinflip from fun
[2025-04-29T10:44:21.013Z] [INFO] Loaded command: giveaway from giveaway
[2025-04-29T10:44:21.012Z] [INFO] Loaded command: joke from fun
[2025-04-29T10:44:21.013Z] [INFO] Loaded command: gend from giveaway
[2025-04-29T10:44:21.014Z] [INFO] Loaded command: glist from giveaway
[2025-04-29T10:44:21.015Z] [INFO] Loaded command: greroll from giveaway
[2025-04-29T10:44:21.017Z] [INFO] Loaded command: antiping from moderation
[2025-04-29T10:44:21.018Z] [INFO] Loaded command: ban from moderation
[2025-04-29T10:44:21.019Z] [INFO] Loaded command: kick from moderation
[2025-04-29T10:44:21.010Z] [INFO] Loaded event: ready
[2025-04-29T10:44:21.020Z] [INFO] Loaded command: timeout from moderation
[2025-04-29T10:44:21.021Z] [INFO] Loaded command: unmute from moderation
[2025-04-29T10:44:21.022Z] [INFO] Loaded command: sticky from sticky
[2025-04-29T10:44:21.022Z] [INFO] Loaded command: unsticky from sticky
[2025-04-29T10:44:21.023Z] [INFO] Loaded command: embed from utility
[2025-04-29T10:44:21.024Z] [INFO] Loaded command: help from utility
[2025-04-29T10:44:21.025Z] [INFO] Loaded command: ping from utility
[2025-04-29T10:44:21.025Z] [INFO] Loaded command: serverinfo from utility
[2025-04-29T10:44:21.026Z] [INFO] Loaded command: userinfo from utility
[2025-04-29T10:44:21.026Z] [INFO] Attempting to log in to Discord...
[2025-04-29T10:44:21.019Z] [INFO] Loaded command: purge from moderation
[2025-04-29T10:44:21.504Z] [INFO] Bot logged in successfully
[2025-04-29T10:44:21.506Z] [INFO] Started refreshing 20 application (/) commands.
[2025-04-29T10:44:21.599Z] [INFO] Logged in as .gg/snowhill#8571
[2025-04-29T10:44:21.600Z] [INFO] Bot is serving 2 guilds
[2025-04-29T10:44:21.600Z] [INFO] Connected to guild: LokiSMP (1226126978629898290) with 3 members
[2025-04-29T10:44:21.600Z] [INFO] Connected to guild: SnowHill #REVIVE (1321561162717855834) with 8156 members
[2025-04-29T10:44:21.676Z] [INFO] Successfully reloaded 20 guild (/) commands.
[2025-04-29T10:44:21.676Z] [INFO] Loaded 0 active giveaways
[2025-04-29T10:44:21.676Z] [INFO] Setting up sticky message handler
[2025-04-29T10:44:30.890Z] [INFO] Requesting intents: Guilds, GuildMessages, GuildMembers, MessageContent
[2025-04-29T10:44:30.892Z] [INFO] Loaded event: interactionCreate
[2025-04-29T10:44:30.893Z] [INFO] Loaded event: messageCreate
[2025-04-29T10:44:30.893Z] [INFO] Loaded event: ready
[2025-04-29T10:44:30.894Z] [INFO] Loaded command: coinflip from fun
[2025-04-29T10:44:30.895Z] [INFO] Loaded command: joke from fun
[2025-04-29T10:44:30.894Z] [INFO] Loaded command: 8ball from fun
[2025-04-29T10:44:30.895Z] [INFO] Loaded command: giveaway from giveaway
[2025-04-29T10:44:30.896Z] [INFO] Loaded command: gend from giveaway
[2025-04-29T10:44:30.900Z] [INFO] Loaded command: antiping from moderation
[2025-04-29T10:44:30.901Z] [INFO] Loaded command: ban from moderation
[2025-04-29T10:44:30.902Z] [INFO] Loaded command: kick from moderation
[2025-04-29T10:44:30.897Z] [INFO] Loaded command: glist from giveaway
[2025-04-29T10:44:30.902Z] [INFO] Loaded command: purge from moderation
[2025-04-29T10:44:30.903Z] [INFO] Loaded command: timeout from moderation
[2025-04-29T10:44:30.904Z] [INFO] Loaded command: unmute from moderation
[2025-04-29T10:44:30.898Z] [INFO] Loaded command: greroll from giveaway
[2025-04-29T10:44:30.904Z] [INFO] Loaded command: unsticky from sticky
[2025-04-29T10:44:30.904Z] [INFO] Loaded command: sticky from sticky
[2025-04-29T10:44:30.906Z] [INFO] Loaded command: embed from utility
[2025-04-29T10:44:30.906Z] [INFO] Loaded command: help from utility
[2025-04-29T10:44:30.907Z] [INFO] Loaded command: ping from utility
[2025-04-29T10:44:30.907Z] [INFO] Loaded command: serverinfo from utility
[2025-04-29T10:44:30.908Z] [INFO] Loaded command: userinfo from utility
[2025-04-29T10:44:30.908Z] [INFO] Attempting to log in to Discord...
[2025-04-29T10:44:31.412Z] [INFO] Bot logged in successfully
[2025-04-29T10:44:31.414Z] [INFO] Started refreshing 20 application (/) commands.
[2025-04-29T10:44:31.729Z] [INFO] Logged in as .gg/snowhill#8571
[2025-04-29T10:44:31.730Z] [INFO] Connected to guild: LokiSMP (1226126978629898290) with 3 members
[2025-04-29T10:44:31.730Z] [INFO] Bot is serving 2 guilds
[2025-04-29T10:44:31.730Z] [INFO] Connected to guild: SnowHill #REVIVE (1321561162717855834) with 8156 members
[2025-04-29T10:44:50.662Z] [INFO] Requesting intents: Guilds, GuildMessages, GuildMembers, MessageContent
[2025-04-29T10:44:50.666Z] [INFO] Loaded event: interactionCreate
[2025-04-29T10:44:50.666Z] [INFO] Loaded event: messageCreate
[2025-04-29T10:44:50.667Z] [INFO] Loaded event: ready
[2025-04-29T10:44:50.667Z] [INFO] Loaded command: 8ball from fun
[2025-04-29T10:44:50.668Z] [INFO] Loaded command: coinflip from fun
[2025-04-29T10:44:50.669Z] [INFO] Loaded command: joke from fun
[2025-04-29T10:44:50.669Z] [INFO] Loaded command: giveaway from giveaway
[2025-04-29T10:44:50.670Z] [INFO] Loaded command: gend from giveaway
[2025-04-29T10:44:50.671Z] [INFO] Loaded command: glist from giveaway
[2025-04-29T10:44:50.672Z] [INFO] Loaded command: greroll from giveaway
[2025-04-29T10:44:50.674Z] [INFO] Loaded command: antiping from moderation
[2025-04-29T10:44:50.675Z] [INFO] Loaded command: ban from moderation
[2025-04-29T10:44:50.682Z] [INFO] Loaded command: kick from moderation
[2025-04-29T10:44:50.683Z] [INFO] Loaded command: purge from moderation
[2025-04-29T10:44:50.684Z] [INFO] Loaded command: timeout from moderation
[2025-04-29T10:44:50.684Z] [INFO] Loaded command: unmute from moderation
[2025-04-29T10:44:50.685Z] [INFO] Loaded command: unsticky from sticky
[2025-04-29T10:44:50.685Z] [INFO] Loaded command: sticky from sticky
[2025-04-29T10:44:50.687Z] [INFO] Loaded command: embed from utility
[2025-04-29T10:44:50.688Z] [INFO] Loaded command: help from utility
[2025-04-29T10:44:50.689Z] [INFO] Loaded command: ping from utility
[2025-04-29T10:44:50.690Z] [INFO] Loaded command: serverinfo from utility
[2025-04-29T10:44:50.690Z] [INFO] Loaded command: userinfo from utility
[2025-04-29T10:44:50.691Z] [INFO] Attempting to log in to Discord...
[2025-04-29T10:44:51.312Z] [INFO] Bot logged in successfully
[2025-04-29T10:44:51.313Z] [INFO] Started refreshing 20 application (/) commands.
[2025-04-29T10:44:51.417Z] [INFO] Logged in as .gg/snowhill#8571
[2025-04-29T10:44:51.417Z] [INFO] Bot is serving 2 guilds
[2025-04-29T10:44:51.417Z] [INFO] Connected to guild: LokiSMP (1226126978629898290) with 3 members
[2025-04-29T10:44:51.418Z] [INFO] Connected to guild: SnowHill #REVIVE (1321561162717855834) with 8156 members
[2025-04-29T10:44:51.547Z] [INFO] Successfully reloaded 20 guild (/) commands.
[2025-04-29T10:44:51.547Z] [INFO] Loaded 0 active giveaways
[2025-04-29T10:44:51.548Z] [INFO] Setting up sticky message handler
[2025-04-29T10:50:40.616Z] [INFO] Anti-ping violation: v3x_._ (1077703822060822588) timed out for 5 minutes - Violation occurred in a regular message
[2025-04-29T10:53:28.316Z] [INFO] Requesting intents: Guilds, GuildMessages, GuildMembers, MessageContent
[2025-04-29T10:53:28.319Z] [INFO] Loaded event: interactionCreate
[2025-04-29T10:53:28.319Z] [INFO] Loaded event: messageCreate
[2025-04-29T10:53:28.320Z] [INFO] Loaded event: ready
[2025-04-29T10:53:28.320Z] [INFO] Loaded command: 8ball from fun
[2025-04-29T10:53:28.321Z] [INFO] Loaded command: coinflip from fun
[2025-04-29T10:53:28.322Z] [INFO] Loaded command: joke from fun
[2025-04-29T10:53:28.322Z] [INFO] Loaded command: giveaway from giveaway
[2025-04-29T10:53:28.323Z] [INFO] Loaded command: gend from giveaway
[2025-04-29T10:53:28.324Z] [INFO] Loaded command: glist from giveaway
[2025-04-29T10:53:28.324Z] [INFO] Loaded command: greroll from giveaway
[2025-04-29T10:53:28.326Z] [INFO] Loaded command: antiping from moderation
[2025-04-29T10:53:28.328Z] [INFO] Loaded command: ban from moderation
[2025-04-29T10:53:28.328Z] [INFO] Loaded command: kick from moderation
[2025-04-29T10:53:28.329Z] [INFO] Loaded command: purge from moderation
[2025-04-29T10:53:28.330Z] [INFO] Loaded command: timeout from moderation
[2025-04-29T10:53:28.330Z] [INFO] Loaded command: unmute from moderation
[2025-04-29T10:53:28.331Z] [INFO] Loaded command: unsticky from sticky
[2025-04-29T10:53:28.331Z] [INFO] Loaded command: sticky from sticky
[2025-04-29T10:53:28.333Z] [INFO] Loaded command: embed from utility
[2025-04-29T10:53:28.334Z] [INFO] Loaded command: help from utility
[2025-04-29T10:53:28.335Z] [INFO] Loaded command: ping from utility
[2025-04-29T10:53:28.335Z] [INFO] Loaded command: serverinfo from utility
[2025-04-29T10:53:28.336Z] [INFO] Loaded command: userinfo from utility
[2025-04-29T10:53:28.336Z] [INFO] Attempting to log in to Discord...
[2025-04-29T10:53:28.836Z] [INFO] Bot logged in successfully
[2025-04-29T10:53:28.837Z] [INFO] Started refreshing 20 application (/) commands.
[2025-04-29T10:53:28.925Z] [INFO] Logged in as .gg/snowhill#8571
[2025-04-29T10:53:28.926Z] [INFO] Bot is serving 2 guilds
[2025-04-29T10:53:28.926Z] [INFO] Connected to guild: LokiSMP (1226126978629898290) with 3 members
[2025-04-29T10:53:28.926Z] [INFO] Connected to guild: SnowHill #REVIVE (1321561162717855834) with 8155 members
[2025-04-29T10:53:29.096Z] [INFO] Successfully reloaded 20 guild (/) commands.
[2025-04-29T10:53:29.096Z] [INFO] Loaded 0 active giveaways
[2025-04-29T10:53:29.096Z] [INFO] Setting up sticky message handler
[2025-04-29T11:03:12.354Z] [INFO] Requesting intents: Guilds, GuildMessages, GuildMembers, MessageContent
[2025-04-29T11:03:12.357Z] [INFO] Loaded event: interactionCreate
[2025-04-29T11:03:12.359Z] [INFO] Loaded command: 8ball from fun
[2025-04-29T11:03:12.359Z] [INFO] Loaded command: coinflip from fun
[2025-04-29T11:03:12.361Z] [INFO] Loaded command: joke from fun
[2025-04-29T11:03:12.361Z] [INFO] Loaded command: giveaway from giveaway
[2025-04-29T11:03:12.362Z] [INFO] Loaded command: gend from giveaway
[2025-04-29T11:03:12.363Z] [INFO] Loaded command: glist from giveaway
[2025-04-29T11:03:12.364Z] [INFO] Loaded command: greroll from giveaway
[2025-04-29T11:03:12.368Z] [INFO] Loaded command: antiping from moderation
[2025-04-29T11:03:12.369Z] [ERROR] Failed to create database file: ENOENT: no such file or directory, open '/home/runner/workspace/data/data/automod.json'
[2025-04-29T11:03:12.373Z] [INFO] Loaded command: ban from moderation
[2025-04-29T11:03:12.374Z] [INFO] Loaded command: kick from moderation
[2025-04-29T11:03:12.374Z] [INFO] Loaded command: purge from moderation
[2025-04-29T11:03:12.375Z] [INFO] Loaded command: timeout from moderation
[2025-04-29T11:03:12.376Z] [INFO] Loaded command: unmute from moderation
[2025-04-29T11:03:12.377Z] [INFO] Loaded command: unsticky from sticky
[2025-04-29T11:03:12.377Z] [INFO] Loaded command: sticky from sticky
[2025-04-29T11:03:12.379Z] [INFO] Loaded command: embed from utility
[2025-04-29T11:03:12.380Z] [INFO] Loaded command: help from utility
[2025-04-29T11:03:12.381Z] [INFO] Loaded command: ping from utility
[2025-04-29T11:03:12.381Z] [INFO] Loaded command: serverinfo from utility
[2025-04-29T11:03:12.382Z] [INFO] Loaded command: userinfo from utility
[2025-04-29T11:03:12.382Z] [INFO] Attempting to log in to Discord...
[2025-04-29T11:03:12.358Z] [INFO] Loaded event: messageCreate
[2025-04-29T11:03:12.358Z] [INFO] Loaded event: ready
[2025-04-29T11:03:12.372Z] [INFO] Loaded command: automod from moderation
[2025-04-29T11:03:12.985Z] [INFO] Bot logged in successfully
[2025-04-29T11:03:12.986Z] [INFO] Started refreshing 21 application (/) commands.
[2025-04-29T11:03:13.065Z] [INFO] Logged in as .gg/snowhill#8571
[2025-04-29T11:03:13.065Z] [INFO] Bot is serving 2 guilds
[2025-04-29T11:03:13.065Z] [INFO] Connected to guild: SnowHill #REVIVE (1321561162717855834) with 8155 members
[2025-04-29T11:03:13.065Z] [INFO] Connected to guild: LokiSMP (1226126978629898290) with 3 members
[2025-04-29T11:03:13.222Z] [INFO] Successfully reloaded 21 guild (/) commands.
[2025-04-29T11:03:13.222Z] [INFO] Loaded 0 active giveaways
[2025-04-29T11:03:13.223Z] [INFO] Setting up sticky message handler
[2025-04-29T11:04:14.654Z] [INFO] Started removing all existing application commands...
[2025-04-29T11:04:14.659Z] [INFO] Removing commands from guild: 1321561162717855834
[2025-04-29T11:04:14.877Z] [ERROR] Error during command reset: DiscordAPIError[0]: 401: Unauthorized
[2025-04-29T11:04:29.114Z] [INFO] Requesting intents: Guilds, GuildMessages, GuildMembers, MessageContent
[2025-04-29T11:04:29.120Z] [INFO] Loaded event: ready
[2025-04-29T11:04:29.120Z] [INFO] Loaded command: 8ball from fun
[2025-04-29T11:04:29.122Z] [INFO] Loaded command: coinflip from fun
[2025-04-29T11:04:29.123Z] [INFO] Loaded command: joke from fun
[2025-04-29T11:04:29.123Z] [INFO] Loaded command: giveaway from giveaway
[2025-04-29T11:04:29.124Z] [INFO] Loaded command: gend from giveaway
[2025-04-29T11:04:29.125Z] [INFO] Loaded command: glist from giveaway
[2025-04-29T11:04:29.126Z] [INFO] Loaded command: greroll from giveaway
[2025-04-29T11:04:29.128Z] [INFO] Loaded command: antiping from moderation
[2025-04-29T11:04:29.132Z] [INFO] Loaded command: automod from moderation
[2025-04-29T11:04:29.133Z] [INFO] Loaded command: ban from moderation
[2025-04-29T11:04:29.133Z] [INFO] Loaded command: kick from moderation
[2025-04-29T11:04:29.119Z] [INFO] Loaded event: interactionCreate
[2025-04-29T11:04:29.119Z] [INFO] Loaded event: messageCreate
[2025-04-29T11:04:29.134Z] [INFO] Loaded command: purge from moderation
[2025-04-29T11:04:29.136Z] [INFO] Loaded command: unsticky from sticky
[2025-04-29T11:04:29.136Z] [INFO] Loaded command: sticky from sticky
[2025-04-29T11:04:29.137Z] [INFO] Loaded command: embed from utility
[2025-04-29T11:04:29.138Z] [INFO] Loaded command: help from utility
[2025-04-29T11:04:29.139Z] [INFO] Loaded command: ping from utility
[2025-04-29T11:04:29.139Z] [INFO] Loaded command: serverinfo from utility
[2025-04-29T11:04:29.140Z] [INFO] Loaded command: userinfo from utility
[2025-04-29T11:04:29.140Z] [INFO] Attempting to log in to Discord...
[2025-04-29T11:04:29.135Z] [INFO] Loaded command: timeout from moderation
[2025-04-29T11:04:29.135Z] [INFO] Loaded command: unmute from moderation
[2025-04-29T11:04:29.720Z] [INFO] Bot logged in successfully
[2025-04-29T11:04:29.723Z] [INFO] Started refreshing 21 application (/) commands.
[2025-04-29T11:04:29.809Z] [INFO] Logged in as .gg/snowhill#8571
[2025-04-29T11:04:29.810Z] [INFO] Bot is serving 2 guilds
[2025-04-29T11:04:29.810Z] [INFO] Connected to guild: LokiSMP (1226126978629898290) with 3 members
[2025-04-29T11:04:29.810Z] [INFO] Connected to guild: SnowHill #REVIVE (1321561162717855834) with 8155 members
[2025-04-29T11:04:29.924Z] [INFO] Loaded 0 active giveaways
[2025-04-29T11:04:29.923Z] [INFO] Successfully reloaded 21 guild (/) commands.
[2025-04-29T11:04:29.924Z] [INFO] Setting up sticky message handler
[2025-04-29T11:04:41.178Z] [INFO] Added command: 8ball from fun
[2025-04-29T11:04:41.184Z] [INFO] Added command: joke from fun
[2025-04-29T11:04:41.182Z] [INFO] Added command: coinflip from fun
[2025-04-29T11:04:41.188Z] [INFO] Added command: giveaway from giveaway
[2025-04-29T11:04:41.190Z] [INFO] Added command: gend from giveaway
[2025-04-29T11:04:41.191Z] [INFO] Added command: glist from giveaway
[2025-04-29T11:04:41.193Z] [INFO] Added command: greroll from giveaway
[2025-04-29T11:04:41.196Z] [INFO] Added command: antiping from moderation
[2025-04-29T11:04:41.200Z] [INFO] Added command: automod from moderation
[2025-04-29T11:04:41.202Z] [INFO] Added command: ban from moderation
[2025-04-29T11:04:41.204Z] [INFO] Added command: purge from moderation
[2025-04-29T11:04:41.206Z] [INFO] Added command: timeout from moderation
[2025-04-29T11:04:41.203Z] [INFO] Added command: kick from moderation
[2025-04-29T11:04:41.208Z] [INFO] Added command: unmute from moderation
[2025-04-29T11:04:41.209Z] [INFO] Added command: unsticky from sticky
[2025-04-29T11:04:41.211Z] [INFO] Added command: sticky from sticky
[2025-04-29T11:04:41.214Z] [INFO] Added command: embed from utility
[2025-04-29T11:04:41.215Z] [INFO] Added command: help from utility
[2025-04-29T11:04:41.216Z] [INFO] Added command: ping from utility
[2025-04-29T11:04:41.217Z] [INFO] Added command: serverinfo from utility
[2025-04-29T11:04:41.218Z] [INFO] Added command: userinfo from utility
[2025-04-29T11:04:41.219Z] [INFO] Démarrage du rafraîchissement de 21 commandes application (/)
[2025-04-29T11:04:41.520Z] [INFO] Succès ! Rechargement de 21 commandes de guilde (/)
[2025-04-29T11:06:17.270Z] [INFO] Requesting intents: Guilds, GuildMessages, GuildMembers, MessageContent
[2025-04-29T11:06:17.272Z] [INFO] Loaded event: interactionCreate
[2025-04-29T11:06:17.273Z] [INFO] Loaded event: messageCreate
[2025-04-29T11:06:17.273Z] [INFO] Loaded event: ready
[2025-04-29T11:06:17.274Z] [INFO] Loaded command: 8ball from fun
[2025-04-29T11:06:17.275Z] [INFO] Loaded command: coinflip from fun
[2025-04-29T11:06:17.276Z] [INFO] Loaded command: joke from fun
[2025-04-29T11:06:17.276Z] [INFO] Loaded command: giveaway from giveaway
[2025-04-29T11:06:17.277Z] [INFO] Loaded command: gend from giveaway
[2025-04-29T11:06:17.277Z] [INFO] Loaded command: glist from giveaway
[2025-04-29T11:06:17.284Z] [INFO] Loaded command: automod from moderation
[2025-04-29T11:06:17.284Z] [INFO] Loaded command: ban from moderation
[2025-04-29T11:06:17.285Z] [INFO] Loaded command: kick from moderation
[2025-04-29T11:06:17.285Z] [INFO] Loaded command: purge from moderation
[2025-04-29T11:06:17.286Z] [INFO] Loaded command: timeout from moderation
[2025-04-29T11:06:17.278Z] [INFO] Loaded command: greroll from giveaway
[2025-04-29T11:06:17.280Z] [INFO] Loaded command: antiping from moderation
[2025-04-29T11:06:17.287Z] [INFO] Loaded command: unmute from moderation
[2025-04-29T11:06:17.287Z] [INFO] Loaded command: unsticky from sticky
[2025-04-29T11:06:17.287Z] [INFO] Loaded command: sticky from sticky
[2025-04-29T11:06:17.289Z] [INFO] Loaded command: embed from utility
[2025-04-29T11:06:17.289Z] [INFO] Loaded command: help from utility
[2025-04-29T11:06:17.290Z] [INFO] Loaded command: ping from utility
[2025-04-29T11:06:17.290Z] [INFO] Loaded command: serverinfo from utility
[2025-04-29T11:06:17.291Z] [INFO] Loaded command: userinfo from utility
[2025-04-29T11:06:17.291Z] [INFO] Attempting to log in to Discord...
[2025-04-29T11:06:17.786Z] [INFO] Bot logged in successfully
[2025-04-29T11:06:17.788Z] [INFO] Started refreshing 21 application (/) commands.
[2025-04-29T11:06:17.890Z] [INFO] Logged in as .gg/snowhill#8571
[2025-04-29T11:06:17.891Z] [INFO] Bot is serving 2 guilds
[2025-04-29T11:06:17.891Z] [INFO] Connected to guild: LokiSMP (1226126978629898290) with 3 members
[2025-04-29T11:06:17.892Z] [INFO] Connected to guild: SnowHill #REVIVE (1321561162717855834) with 8155 members
[2025-04-29T11:06:18.016Z] [INFO] Successfully reloaded 21 guild (/) commands.
[2025-04-29T11:06:18.016Z] [INFO] Loaded 0 active giveaways
[2025-04-29T11:06:18.017Z] [INFO] Setting up sticky message handler
[2025-04-29T11:07:24.960Z] [INFO] Started removing all global application commands...
[2025-04-29T11:07:24.976Z] [ERROR] Error during command clearing: Error: Expected token to be set for this request, but none was present
[2025-04-29T11:07:53.997Z] [INFO] Started removing all existing application commands...
[2025-04-29T11:07:54.005Z] [INFO] Removing commands from guild: 1321561162717855834
[2025-04-29T11:07:54.238Z] [ERROR] Error during command reset: DiscordAPIError[0]: 401: Unauthorized
[2025-04-29T11:09:13.816Z] [INFO] Requesting intents: Guilds, GuildMessages, GuildMembers, MessageContent
[2025-04-29T11:09:13.822Z] [INFO] Loaded command: 8ball from fun
[2025-04-29T11:09:13.823Z] [INFO] Loaded command: coinflip from fun
[2025-04-29T11:09:13.824Z] [INFO] Loaded command: joke from fun
[2025-04-29T11:09:13.824Z] [INFO] Loaded command: giveaway from giveaway
[2025-04-29T11:09:13.825Z] [INFO] Loaded command: gend from giveaway
[2025-04-29T11:09:13.825Z] [INFO] Loaded command: glist from giveaway
[2025-04-29T11:09:13.826Z] [INFO] Loaded command: greroll from giveaway
[2025-04-29T11:09:13.829Z] [INFO] Loaded command: antiping from moderation
[2025-04-29T11:09:13.834Z] [INFO] Loaded command: automod from moderation
[2025-04-29T11:09:13.834Z] [INFO] Loaded command: ban from moderation
[2025-04-29T11:09:13.835Z] [INFO] Loaded command: kick from moderation
[2025-04-29T11:09:13.836Z] [INFO] Loaded command: purge from moderation
[2025-04-29T11:09:13.836Z] [INFO] Loaded command: timeout from moderation
[2025-04-29T11:09:13.837Z] [INFO] Loaded command: unmute from moderation
[2025-04-29T11:09:13.837Z] [INFO] Loaded command: unsticky from sticky
[2025-04-29T11:09:13.838Z] [INFO] Loaded command: sticky from sticky
[2025-04-29T11:09:13.839Z] [INFO] Loaded command: embed from utility
[2025-04-29T11:09:13.840Z] [INFO] Loaded command: help from utility
[2025-04-29T11:09:13.840Z] [INFO] Loaded command: ping from utility
[2025-04-29T11:09:13.840Z] [INFO] Loaded command: serverinfo from utility
[2025-04-29T11:09:13.841Z] [INFO] Loaded command: userinfo from utility
[2025-04-29T11:09:13.841Z] [INFO] Attempting to log in to Discord...
[2025-04-29T11:09:13.821Z] [INFO] Loaded event: messageCreate
[2025-04-29T11:09:13.821Z] [INFO] Loaded event: interactionCreate
[2025-04-29T11:09:13.822Z] [INFO] Loaded event: ready
[2025-04-29T11:09:14.355Z] [INFO] Bot logged in successfully
[2025-04-29T11:09:14.357Z] [INFO] Started refreshing 21 application (/) commands.
[2025-04-29T11:09:14.451Z] [INFO] Logged in as .gg/snowhill#8571
[2025-04-29T11:09:14.451Z] [INFO] Bot is serving 2 guilds
[2025-04-29T11:09:14.451Z] [INFO] Connected to guild: LokiSMP (1226126978629898290) with 3 members
[2025-04-29T11:09:14.451Z] [INFO] Connected to guild: SnowHill #REVIVE (1321561162717855834) with 8155 members
[2025-04-29T11:09:14.551Z] [INFO] Successfully reloaded 21 guild (/) commands.
[2025-04-29T11:09:14.551Z] [INFO] Loaded 0 active giveaways
[2025-04-29T11:09:14.551Z] [INFO] Setting up sticky message handler
[2025-04-29T11:11:21.203Z] [INFO] Starting command cleanup process...
[2025-04-29T11:11:21.207Z] [INFO] Fetching existing commands from guild: 1321561162717855834
[2025-04-29T11:11:21.471Z] [INFO] Found 21 existing commands
[2025-04-29T11:11:21.471Z] [INFO] Deleting command: 8ball (1366725889202589768)
[2025-04-29T11:11:21.910Z] [INFO] Successfully deleted command: 8ball
[2025-04-29T11:11:22.411Z] [INFO] Deleting command: coinflip (1366725889202589769)
[2025-04-29T11:11:22.587Z] [INFO] Successfully deleted command: coinflip
[2025-04-29T11:11:23.087Z] [INFO] Deleting command: joke (1366725889202589770)
[2025-04-29T11:11:23.266Z] [INFO] Successfully deleted command: joke
[2025-04-29T11:11:23.767Z] [INFO] Deleting command: giveaway (1366725889202589771)
[2025-04-29T11:11:23.968Z] [INFO] Successfully deleted command: giveaway
[2025-04-29T11:11:24.472Z] [INFO] Deleting command: gend (1366725889202589772)
[2025-04-29T11:11:24.626Z] [INFO] Successfully deleted command: gend
[2025-04-29T11:11:25.127Z] [INFO] Deleting command: glist (1366725889202589773)
[2025-04-29T11:12:43.294Z] [INFO] Fetching existing commands from guild: 1321561162717855834
[2025-04-29T11:12:43.286Z] [INFO] Starting duplicate command cleanup process...
[2025-04-29T11:12:43.580Z] [INFO] Found 16 existing commands
[2025-04-29T11:12:43.580Z] [INFO] Identified 6 commands to delete
[2025-04-29T11:12:43.581Z] [INFO] Deleting command: glist (1366725889202589773)
[2025-04-29T11:12:43.782Z] [INFO] Successfully deleted command: glist
[2025-04-29T11:12:43.983Z] [INFO] Deleting command: greroll (1366725889202589774)
[2025-04-29T11:12:44.217Z] [INFO] Successfully deleted command: greroll
[2025-04-29T11:12:44.418Z] [INFO] Deleting command: antiping (1366725889202589775)
[2025-04-29T11:12:44.612Z] [INFO] Successfully deleted command: antiping
[2025-04-29T11:12:44.814Z] [INFO] Deleting command: unsticky (1366725889345458210)
[2025-04-29T11:12:44.977Z] [INFO] Successfully deleted command: unsticky
[2025-04-29T11:12:45.177Z] [INFO] Deleting command: sticky (1366725889345458211)
[2025-04-29T11:12:45.351Z] [INFO] Successfully deleted command: sticky
[2025-04-29T11:12:45.551Z] [INFO] Deleting command: automod (1366731545674645524)
[2025-04-29T11:13:09.054Z] [INFO] Requesting intents: Guilds, GuildMessages, GuildMembers, MessageContent
[2025-04-29T11:13:09.058Z] [INFO] Loaded event: interactionCreate
[2025-04-29T11:13:09.058Z] [INFO] Loaded event: messageCreate
[2025-04-29T11:13:09.059Z] [INFO] Loaded event: ready
[2025-04-29T11:13:09.060Z] [INFO] Loaded command: 8ball from fun
[2025-04-29T11:13:09.060Z] [INFO] Loaded command: coinflip from fun
[2025-04-29T11:13:09.061Z] [INFO] Loaded command: joke from fun
[2025-04-29T11:13:09.062Z] [INFO] Loaded command: giveaway from giveaway
[2025-04-29T11:13:09.062Z] [INFO] Loaded command: gend from giveaway
[2025-04-29T11:13:09.063Z] [INFO] Loaded command: glist from giveaway
[2025-04-29T11:13:09.065Z] [INFO] Loaded command: greroll from giveaway
[2025-04-29T11:13:09.069Z] [INFO] Loaded command: antiping from moderation
[2025-04-29T11:13:09.072Z] [INFO] Loaded command: automod from moderation
[2025-04-29T11:13:09.073Z] [INFO] Loaded command: ban from moderation
[2025-04-29T11:13:09.074Z] [INFO] Loaded command: kick from moderation
[2025-04-29T11:13:09.075Z] [INFO] Loaded command: purge from moderation
[2025-04-29T11:13:09.076Z] [INFO] Loaded command: timeout from moderation
[2025-04-29T11:13:09.077Z] [INFO] Loaded command: unmute from moderation
[2025-04-29T11:13:09.078Z] [INFO] Loaded command: sticky from sticky
[2025-04-29T11:13:09.078Z] [INFO] Loaded command: unsticky from sticky
[2025-04-29T11:13:09.080Z] [INFO] Loaded command: embed from utility
[2025-04-29T11:13:09.080Z] [INFO] Loaded command: help from utility
[2025-04-29T11:13:09.081Z] [INFO] Loaded command: ping from utility
[2025-04-29T11:13:09.081Z] [INFO] Loaded command: serverinfo from utility
[2025-04-29T11:13:09.082Z] [INFO] Loaded command: userinfo from utility
[2025-04-29T11:13:09.082Z] [INFO] Attempting to log in to Discord...
[2025-04-29T11:13:09.631Z] [INFO] Bot logged in successfully
[2025-04-29T11:13:09.632Z] [INFO] Started refreshing 21 application (/) commands.
[2025-04-29T11:13:09.719Z] [INFO] Logged in as .gg/snowhill#8571
[2025-04-29T11:13:09.719Z] [INFO] Bot is serving 2 guilds
[2025-04-29T11:13:09.719Z] [INFO] Connected to guild: LokiSMP (1226126978629898290) with 3 members
[2025-04-29T11:13:09.719Z] [INFO] Connected to guild: SnowHill #REVIVE (1321561162717855834) with 8155 members
[2025-04-29T11:13:09.892Z] [INFO] Successfully reloaded 21 guild (/) commands.
[2025-04-29T11:13:09.892Z] [INFO] Loaded 0 active giveaways
[2025-04-29T11:13:09.893Z] [INFO] Setting up sticky message handler
[2025-04-29T11:15:05.541Z] [INFO] Nettoyage complet des commandes en cours...
[2025-04-29T11:15:05.543Z] [INFO] Récupération des commandes du serveur: 1321561162717855834
[2025-04-29T11:15:05.863Z] [INFO] Trouvé 21 commandes de serveur
[2025-04-29T11:15:05.864Z] [INFO] Suppression des commandes de serveur...
[2025-04-29T11:15:06.182Z] [INFO] Commande supprimée: ban
[2025-04-29T11:15:06.339Z] [INFO] Commande supprimée: kick
[2025-04-29T11:15:06.490Z] [INFO] Commande supprimée: purge
[2025-04-29T11:15:06.668Z] [INFO] Commande supprimée: timeout
[2025-04-29T11:15:06.844Z] [INFO] Commande supprimée: unmute
[2025-04-29T11:15:52.530Z] [INFO] Nettoyage des commandes restantes...
[2025-04-29T11:15:52.811Z] [INFO] Trouvé 16 commandes restantes
[2025-04-29T11:15:52.812Z] [INFO] Suppression de la commande: embed (1366725889345458212)
[2025-04-29T11:15:52.812Z] [INFO] 16 commandes à supprimer
[2025-04-29T11:15:52.992Z] [INFO] Commande supprimée avec succès: embed
[2025-04-29T11:15:53.143Z] [INFO] Suppression de la commande: help (1366725889345458213)
[2025-04-29T11:15:53.354Z] [INFO] Commande supprimée avec succès: help
[2025-04-29T11:15:53.505Z] [INFO] Suppression de la commande: ping (1366725889345458214)
[2025-04-29T11:15:53.786Z] [INFO] Commande supprimée avec succès: ping
[2025-04-29T11:15:53.937Z] [INFO] Suppression de la commande: serverinfo (1366725889345458215)
[2025-04-29T11:15:54.146Z] [INFO] Commande supprimée avec succès: serverinfo
[2025-04-29T11:15:54.297Z] [INFO] Suppression de la commande: userinfo (1366725889567490069)
[2025-04-29T11:15:54.497Z] [INFO] Commande supprimée avec succès: userinfo
[2025-04-29T11:15:54.648Z] [INFO] Suppression de la commande: automod (1366731545674645524)
[2025-04-29T11:16:42.812Z] [INFO] Nettoyage final des commandes...
[2025-04-29T11:16:42.814Z] [INFO] Suppression de la commande: automod (1366731545674645524)
[2025-04-29T11:16:43.111Z] [INFO] Commande supprimée avec succès: automod
[2025-04-29T11:16:43.262Z] [INFO] Suppression de la commande: 8ball (1366734048093016085)
[2025-04-29T11:16:43.446Z] [INFO] Commande supprimée avec succès: 8ball
[2025-04-29T11:16:43.597Z] [INFO] Suppression de la commande: coinflip (1366734048093016086)
[2025-04-29T11:16:43.824Z] [INFO] Commande supprimée avec succès: coinflip
[2025-04-29T11:16:43.975Z] [INFO] Suppression de la commande: joke (1366734048093016087)
[2025-04-29T11:16:44.206Z] [INFO] Commande supprimée avec succès: joke
[2025-04-29T11:16:44.357Z] [INFO] Suppression de la commande: giveaway (1366734048093016088)
[2025-04-29T11:16:44.587Z] [INFO] Commande supprimée avec succès: giveaway
[2025-04-29T11:16:44.739Z] [INFO] Suppression de la commande: gend (1366734048093016089)
[2025-04-29T11:17:26.402Z] [INFO] Requesting intents: Guilds, GuildMessages, GuildMembers, MessageContent
[2025-04-29T11:17:26.404Z] [INFO] Loaded event: interactionCreate
[2025-04-29T11:17:26.405Z] [INFO] Loaded event: messageCreate
[2025-04-29T11:17:26.405Z] [INFO] Loaded event: ready
[2025-04-29T11:17:26.406Z] [INFO] Loaded command: 8ball from fun
[2025-04-29T11:17:26.407Z] [INFO] Loaded command: coinflip from fun
[2025-04-29T11:17:26.408Z] [INFO] Loaded command: joke from fun
[2025-04-29T11:17:26.408Z] [INFO] Loaded command: giveaway from giveaway
[2025-04-29T11:17:26.408Z] [INFO] Loaded command: gend from giveaway
[2025-04-29T11:17:26.409Z] [INFO] Loaded command: glist from giveaway
[2025-04-29T11:17:26.410Z] [INFO] Loaded command: greroll from giveaway
[2025-04-29T11:17:26.413Z] [INFO] Loaded command: antiping from moderation
[2025-04-29T11:17:26.415Z] [INFO] Loaded command: automod from moderation
[2025-04-29T11:17:26.416Z] [INFO] Loaded command: ban from moderation
[2025-04-29T11:17:26.417Z] [INFO] Loaded command: kick from moderation
[2025-04-29T11:17:26.417Z] [INFO] Loaded command: purge from moderation
[2025-04-29T11:17:26.418Z] [INFO] Loaded command: timeout from moderation
[2025-04-29T11:17:26.419Z] [INFO] Loaded command: unmute from moderation
[2025-04-29T11:17:26.419Z] [INFO] Loaded command: unsticky from sticky
[2025-04-29T11:17:26.419Z] [INFO] Loaded command: sticky from sticky
[2025-04-29T11:17:26.420Z] [INFO] Loaded command: embed from utility
[2025-04-29T11:17:26.421Z] [INFO] Loaded command: help from utility
[2025-04-29T11:17:26.421Z] [INFO] Loaded command: ping from utility
[2025-04-29T11:17:26.422Z] [INFO] Loaded command: serverinfo from utility
[2025-04-29T11:17:26.422Z] [INFO] Loaded command: userinfo from utility
[2025-04-29T11:17:26.422Z] [INFO] Attempting to log in to Discord...
[2025-04-29T11:17:26.938Z] [INFO] Bot logged in successfully
[2025-04-29T11:17:26.939Z] [INFO] Started refreshing 21 application (/) commands.
[2025-04-29T11:17:27.029Z] [INFO] Bot is serving 2 guilds
[2025-04-29T11:17:27.029Z] [INFO] Logged in as .gg/snowhill#8571
[2025-04-29T11:17:27.029Z] [INFO] Connected to guild: LokiSMP (1226126978629898290) with 3 members
[2025-04-29T11:17:27.029Z] [INFO] Connected to guild: SnowHill #REVIVE (1321561162717855834) with 8155 members
[2025-04-29T11:17:27.219Z] [INFO] Successfully reloaded 21 guild (/) commands.
[2025-04-29T11:17:27.219Z] [INFO] Loaded 0 active giveaways
[2025-04-29T11:17:27.219Z] [INFO] Setting up sticky message handler
[2025-04-29T11:19:17.056Z] [INFO] Requesting intents: Guilds, GuildMessages, GuildMembers, MessageContent
[2025-04-29T11:19:17.058Z] [INFO] Loaded event: interactionCreate
[2025-04-29T11:19:17.059Z] [INFO] Loaded event: messageCreate
[2025-04-29T11:19:17.059Z] [INFO] Loaded event: ready
[2025-04-29T11:19:17.060Z] [INFO] Loaded command: 8ball from fun
[2025-04-29T11:19:17.060Z] [INFO] Loaded command: coinflip from fun
[2025-04-29T11:19:17.061Z] [INFO] Loaded command: joke from fun
[2025-04-29T11:19:17.062Z] [INFO] Loaded command: giveaway from giveaway
[2025-04-29T11:19:17.062Z] [INFO] Loaded command: gend from giveaway
[2025-04-29T11:19:17.063Z] [INFO] Loaded command: glist from giveaway
[2025-04-29T11:19:17.064Z] [INFO] Loaded command: greroll from giveaway
[2025-04-29T11:19:17.068Z] [INFO] Loaded command: antiping from moderation
[2025-04-29T11:19:17.071Z] [INFO] Loaded command: automod from moderation
[2025-04-29T11:19:17.072Z] [INFO] Loaded command: ban from moderation
[2025-04-29T11:19:17.074Z] [INFO] Loaded command: kick from moderation
[2025-04-29T11:19:17.074Z] [INFO] Loaded command: purge from moderation
[2025-04-29T11:19:17.075Z] [INFO] Loaded command: timeout from moderation
[2025-04-29T11:19:17.076Z] [INFO] Loaded command: unmute from moderation
[2025-04-29T11:19:17.077Z] [INFO] Loaded command: unsticky from sticky
[2025-04-29T11:19:17.077Z] [INFO] Loaded command: sticky from sticky
[2025-04-29T11:19:17.078Z] [INFO] Loaded command: embed from utility
[2025-04-29T11:19:17.079Z] [INFO] Loaded command: help from utility
[2025-04-29T11:19:17.080Z] [INFO] Loaded command: ping from utility
[2025-04-29T11:19:17.081Z] [INFO] Loaded command: serverinfo from utility
[2025-04-29T11:19:17.081Z] [INFO] Loaded command: userinfo from utility
[2025-04-29T11:19:17.081Z] [INFO] Attempting to log in to Discord...
[2025-04-29T11:19:17.630Z] [INFO] Bot logged in successfully
[2025-04-29T11:19:17.633Z] [INFO] Started refreshing 21 application (/) commands.
[2025-04-29T11:19:17.725Z] [INFO] Logged in as .gg/snowhill#8571
[2025-04-29T11:19:17.727Z] [INFO] Bot is serving 2 guilds
[2025-04-29T11:19:17.727Z] [INFO] Connected to guild: LokiSMP (1226126978629898290) with 3 members
[2025-04-29T11:19:17.728Z] [INFO] Connected to guild: SnowHill #REVIVE (1321561162717855834) with 8155 members
[2025-04-29T11:19:17.898Z] [INFO] Successfully reloaded 21 guild (/) commands.
[2025-04-29T11:19:17.899Z] [INFO] Loaded 0 active giveaways
[2025-04-29T11:19:17.899Z] [INFO] Setting up sticky message handler
[2025-04-29T15:36:59.988Z] [INFO] Requesting intents: Guilds, GuildMessages, GuildMembers, MessageContent
[2025-04-29T15:36:59.996Z] [INFO] Loaded event: interactionCreate
[2025-04-29T15:37:00.000Z] [INFO] Loaded event: ready
[2025-04-29T15:37:00.001Z] [INFO] Loaded command: 8ball from fun
[2025-04-29T15:37:00.002Z] [INFO] Loaded command: coinflip from fun
[2025-04-29T15:37:00.004Z] [INFO] Loaded command: giveaway from giveaway
[2025-04-29T15:37:00.004Z] [INFO] Loaded command: joke from fun
[2025-04-29T15:37:00.007Z] [INFO] Loaded command: gend from giveaway
[2025-04-29T15:37:00.009Z] [INFO] Loaded command: glist from giveaway
[2025-04-29T15:37:00.011Z] [INFO] Loaded command: greroll from giveaway
[2025-04-29T15:37:00.018Z] [INFO] Loaded command: antiping from moderation
[2025-04-29T15:37:00.026Z] [INFO] Loaded command: automod from moderation
[2025-04-29T15:37:00.028Z] [INFO] Loaded command: ban from moderation
[2025-04-29T15:37:00.031Z] [INFO] Loaded command: kick from moderation
[2025-04-29T15:37:00.032Z] [INFO] Loaded command: purge from moderation
[2025-04-29T15:37:00.033Z] [INFO] Loaded command: timeout from moderation
[2025-04-29T15:37:00.036Z] [INFO] Loaded command: unmute from moderation
[2025-04-29T15:37:00.037Z] [INFO] Loaded command: unsticky from sticky
[2025-04-29T15:37:00.037Z] [INFO] Loaded command: sticky from sticky
[2025-04-29T15:37:00.041Z] [INFO] Loaded command: embed from utility
[2025-04-29T15:37:00.043Z] [INFO] Loaded command: help from utility
[2025-04-29T15:37:00.043Z] [INFO] Loaded command: ping from utility
[2025-04-29T15:37:00.044Z] [INFO] Loaded command: serverinfo from utility
[2025-04-29T15:37:00.045Z] [INFO] Loaded command: userinfo from utility
[2025-04-29T15:37:00.045Z] [INFO] Attempting to log in to Discord...
[2025-04-29T15:36:59.999Z] [INFO] Loaded event: messageCreate
[2025-04-29T15:37:00.630Z] [INFO] Bot logged in successfully
[2025-04-29T15:37:00.632Z] [INFO] Started refreshing 21 application (/) commands.
[2025-04-29T15:37:00.854Z] [INFO] Successfully reloaded 21 guild (/) commands.
[2025-04-29T15:37:00.855Z] [INFO] Loaded 0 active giveaways
[2025-04-29T15:37:00.855Z] [INFO] Setting up sticky message handler
[2025-04-29T15:37:01.015Z] [INFO] Logged in as .gg/snowhill#8571
[2025-04-29T15:37:01.016Z] [INFO] Bot is serving 2 guilds
[2025-04-29T15:37:01.017Z] [INFO] Connected to guild: LokiSMP (1226126978629898290) with 3 members
[2025-04-29T15:37:01.017Z] [INFO] Connected to guild: SnowHill #REVIVE (1321561162717855834) with 8148 members
[2025-04-29T15:39:31.099Z] [INFO] Début du nettoyage des commandes globales...
[2025-04-29T15:39:31.415Z] [INFO] Trouvé 19 commandes globales à supprimer
[2025-04-29T15:39:31.415Z] [INFO] Suppression de la commande globale: 8ball
[2025-04-29T15:39:31.417Z] [INFO] Suppression de la commande globale: kick
[2025-04-29T15:39:31.418Z] [INFO] Suppression de la commande globale: timeout
[2025-04-29T15:39:31.416Z] [INFO] Suppression de la commande globale: trivia
[2025-04-29T15:39:31.419Z] [INFO] Suppression de la commande globale: warn
[2025-04-29T15:39:31.417Z] [INFO] Suppression de la commande globale: ban
[2025-04-29T15:39:31.422Z] [INFO] Suppression de la commande globale: userinfo
[2025-04-29T15:39:31.421Z] [INFO] Suppression de la commande globale: serverinfo
[2025-04-29T15:39:31.420Z] [INFO] Suppression de la commande globale: ping
[2025-04-29T15:39:31.423Z] [INFO] Suppression de la commande globale: help
[2025-04-29T15:39:31.424Z] [INFO] Suppression de la commande globale: gend
[2025-04-29T15:39:31.423Z] [INFO] Suppression de la commande globale: antiping
[2025-04-29T15:39:31.426Z] [INFO] Suppression de la commande globale: giveaway
[2025-04-29T15:39:31.425Z] [INFO] Suppression de la commande globale: dadjoke
[2025-04-29T15:39:31.427Z] [INFO] Suppression de la commande globale: unmute
[2025-04-29T15:39:31.424Z] [INFO] Suppression de la commande globale: greroll
[2025-04-29T15:39:31.426Z] [INFO] Suppression de la commande globale: mute
[2025-04-29T15:39:31.428Z] [INFO] Suppression de la commande globale: sticky
[2025-04-29T15:39:31.428Z] [INFO] Suppression de la commande globale: tutorial
[2025-04-29T15:39:31.735Z] [INFO] Commande globale supprimée: 8ball
[2025-04-29T15:39:31.974Z] [INFO] Commande globale supprimée: trivia
[2025-04-29T15:39:32.232Z] [INFO] Commande globale supprimée: ban
[2025-04-29T15:39:32.445Z] [INFO] Commande globale supprimée: kick
[2025-04-29T15:39:32.624Z] [INFO] Commande globale supprimée: timeout
[2025-04-29T15:40:39.686Z] [INFO] Début du nettoyage des commandes globales une par une...
[2025-04-29T15:40:39.985Z] [INFO] Trouvé 14 commandes globales à supprimer
[2025-04-29T15:40:39.985Z] [INFO] Suppression de la commande globale: warn (1365266149377310743)
[2025-04-29T15:40:40.284Z] [INFO] Commande globale supprimée: warn
[2025-04-29T15:40:41.286Z] [INFO] Suppression de la commande globale: ping (1365266149377310750)
[2025-04-29T15:40:41.490Z] [INFO] Commande globale supprimée: ping
[2025-04-29T15:40:42.490Z] [INFO] Suppression de la commande globale: serverinfo (1365266149377310751)
[2025-04-29T15:40:42.802Z] [INFO] Commande globale supprimée: serverinfo
[2025-04-29T15:40:43.803Z] [INFO] Suppression de la commande globale: userinfo (1365266149520183347)
[2025-04-29T15:40:44.014Z] [INFO] Commande globale supprimée: userinfo
[2025-04-29T15:40:45.016Z] [INFO] Suppression de la commande globale: antiping (1365266149771710538)
[2025-04-29T15:40:45.218Z] [INFO] Commande globale supprimée: antiping
[2025-04-29T15:40:46.221Z] [INFO] Suppression de la commande globale: help (1365266149993877537)
[2025-04-29T15:40:46.569Z] [INFO] Commande globale supprimée: help
[2025-04-29T15:40:47.570Z] [INFO] Suppression de la commande globale: gend (1365284499570688002)
[2025-04-29T15:41:03.488Z] [INFO] Requesting intents: Guilds, GuildMessages, GuildMembers, MessageContent
[2025-04-29T15:41:03.492Z] [INFO] Loaded event: interactionCreate
[2025-04-29T15:41:03.493Z] [INFO] Loaded event: messageCreate
[2025-04-29T15:41:03.493Z] [INFO] Loaded event: ready
[2025-04-29T15:41:03.494Z] [INFO] Loaded command: 8ball from fun
[2025-04-29T15:41:03.494Z] [INFO] Loaded command: coinflip from fun
[2025-04-29T15:41:03.496Z] [INFO] Loaded command: joke from fun
[2025-04-29T15:41:03.497Z] [INFO] Loaded command: gend from giveaway
[2025-04-29T15:41:03.497Z] [INFO] Loaded command: glist from giveaway
[2025-04-29T15:41:03.498Z] [INFO] Loaded command: greroll from giveaway
[2025-04-29T15:41:03.496Z] [INFO] Loaded command: giveaway from giveaway
[2025-04-29T15:41:03.500Z] [INFO] Loaded command: antiping from moderation
[2025-04-29T15:41:03.504Z] [INFO] Loaded command: automod from moderation
[2025-04-29T15:41:03.505Z] [INFO] Loaded command: ban from moderation
[2025-04-29T15:41:03.506Z] [INFO] Loaded command: kick from moderation
[2025-04-29T15:41:03.506Z] [INFO] Loaded command: purge from moderation
[2025-04-29T15:41:03.507Z] [INFO] Loaded command: timeout from moderation
[2025-04-29T15:41:03.507Z] [INFO] Loaded command: unmute from moderation
[2025-04-29T15:41:03.508Z] [INFO] Loaded command: unsticky from sticky
[2025-04-29T15:41:03.508Z] [INFO] Loaded command: sticky from sticky
[2025-04-29T15:41:03.510Z] [INFO] Loaded command: embed from utility
[2025-04-29T15:41:03.511Z] [INFO] Loaded command: help from utility
[2025-04-29T15:41:03.511Z] [INFO] Loaded command: ping from utility
[2025-04-29T15:41:03.511Z] [INFO] Loaded command: serverinfo from utility
[2025-04-29T15:41:03.512Z] [INFO] Loaded command: userinfo from utility
[2025-04-29T15:41:03.512Z] [INFO] Attempting to log in to Discord...
[2025-04-29T15:41:04.127Z] [INFO] Bot logged in successfully
[2025-04-29T15:41:04.128Z] [INFO] Started refreshing 21 application (/) commands.
[2025-04-29T15:41:04.215Z] [INFO] Logged in as .gg/snowhill#8571
[2025-04-29T15:41:04.216Z] [INFO] Bot is serving 2 guilds
[2025-04-29T15:41:04.216Z] [INFO] Connected to guild: LokiSMP (1226126978629898290) with 3 members
[2025-04-29T15:41:04.216Z] [INFO] Connected to guild: SnowHill #REVIVE (1321561162717855834) with 8148 members
[2025-04-29T15:41:04.357Z] [INFO] Successfully reloaded 21 guild (/) commands.
[2025-04-29T15:41:04.357Z] [INFO] Loaded 0 active giveaways
[2025-04-29T15:41:04.358Z] [INFO] Setting up sticky message handler
[2025-04-29T15:41:36.859Z] [INFO] Suppression de la commande globale: gend (1365284499570688002)
[2025-04-29T15:41:37.136Z] [INFO] Commande globale supprimée avec succès: gend
[2025-04-29T15:41:43.422Z] [INFO] Suppression de la commande globale: greroll (1365284500053168208)
[2025-04-29T15:41:43.791Z] [INFO] Commande globale supprimée avec succès: greroll
[2025-04-29T15:41:49.965Z] [INFO] Suppression de la commande globale: dadjoke (1365682814800101447)
[2025-04-29T15:41:50.302Z] [INFO] Commande globale supprimée avec succès: dadjoke
[2025-04-29T15:41:56.764Z] [INFO] Suppression de la commande globale: giveaway (1365682814800101448)
[2025-04-29T15:41:56.999Z] [INFO] Commande globale supprimée avec succès: giveaway
[2025-04-29T15:42:03.225Z] [INFO] Suppression de la commande globale: mute (1365682814800101449)
[2025-04-29T15:42:03.573Z] [INFO] Commande globale supprimée avec succès: mute
[2025-04-29T15:42:10.353Z] [INFO] Suppression de la commande globale: unmute (1365682814800101450)
[2025-04-29T15:42:10.943Z] [INFO] Commande globale supprimée avec succès: unmute
[2025-04-29T15:42:17.949Z] [INFO] Suppression de la commande globale: tutorial (1365691874941337650)
[2025-04-29T15:42:18.191Z] [INFO] Commande globale supprimée avec succès: tutorial
[2025-04-29T15:42:24.972Z] [INFO] Suppression de la commande globale: sticky (1365724165075894312)
[2025-04-29T15:42:25.225Z] [INFO] Commande globale supprimée avec succès: sticky
[2025-04-29T15:42:35.726Z] [INFO] Requesting intents: Guilds, GuildMessages, GuildMembers, MessageContent
[2025-04-29T15:42:35.729Z] [INFO] Loaded event: interactionCreate
[2025-04-29T15:42:35.730Z] [INFO] Loaded event: messageCreate
[2025-04-29T15:42:35.731Z] [INFO] Loaded command: 8ball from fun
[2025-04-29T15:42:35.731Z] [INFO] Loaded command: coinflip from fun
[2025-04-29T15:42:35.732Z] [INFO] Loaded command: joke from fun
[2025-04-29T15:42:35.733Z] [INFO] Loaded command: giveaway from giveaway
[2025-04-29T15:42:35.734Z] [INFO] Loaded command: gend from giveaway
[2025-04-29T15:42:35.735Z] [INFO] Loaded command: glist from giveaway
[2025-04-29T15:42:35.736Z] [INFO] Loaded command: greroll from giveaway
[2025-04-29T15:42:35.739Z] [INFO] Loaded command: antiping from moderation
[2025-04-29T15:42:35.742Z] [INFO] Loaded command: automod from moderation
[2025-04-29T15:42:35.743Z] [INFO] Loaded command: ban from moderation
[2025-04-29T15:42:35.743Z] [INFO] Loaded command: kick from moderation
[2025-04-29T15:42:35.744Z] [INFO] Loaded command: purge from moderation
[2025-04-29T15:42:35.745Z] [INFO] Loaded command: timeout from moderation
[2025-04-29T15:42:35.730Z] [INFO] Loaded event: ready
[2025-04-29T15:42:35.745Z] [INFO] Loaded command: unmute from moderation
[2025-04-29T15:42:35.746Z] [INFO] Loaded command: sticky from sticky
[2025-04-29T15:42:35.746Z] [INFO] Loaded command: unsticky from sticky
[2025-04-29T15:42:35.748Z] [INFO] Loaded command: embed from utility
[2025-04-29T15:42:35.748Z] [INFO] Loaded command: help from utility
[2025-04-29T15:42:35.749Z] [INFO] Loaded command: ping from utility
[2025-04-29T15:42:35.749Z] [INFO] Loaded command: serverinfo from utility
[2025-04-29T15:42:35.750Z] [INFO] Loaded command: userinfo from utility
[2025-04-29T15:42:35.750Z] [INFO] Attempting to log in to Discord...
[2025-04-29T15:42:36.302Z] [INFO] Bot logged in successfully
[2025-04-29T15:42:36.303Z] [INFO] Started refreshing 21 application (/) commands.
[2025-04-29T15:42:36.549Z] [INFO] Successfully reloaded 21 guild (/) commands.
[2025-04-29T15:42:36.550Z] [INFO] Loaded 0 active giveaways
[2025-04-29T15:42:36.550Z] [INFO] Setting up sticky message handler
[2025-04-29T15:42:36.690Z] [INFO] Logged in as .gg/snowhill#8571
[2025-04-29T15:42:36.690Z] [INFO] Bot is serving 2 guilds
[2025-04-29T15:42:36.690Z] [INFO] Connected to guild: LokiSMP (1226126978629898290) with 3 members
[2025-04-29T15:42:36.690Z] [INFO] Connected to guild: SnowHill #REVIVE (1321561162717855834) with 8148 members
[2025-04-29T15:44:07.990Z] [INFO] Requesting intents: Guilds, GuildMessages, GuildMembers, MessageContent
[2025-04-29T15:44:07.993Z] [INFO] Loaded event: interactionCreate
[2025-04-29T15:44:07.995Z] [INFO] Loaded command: 8ball from fun
[2025-04-29T15:44:07.995Z] [INFO] Loaded command: coinflip from fun
[2025-04-29T15:44:07.997Z] [INFO] Loaded command: joke from fun
[2025-04-29T15:44:07.997Z] [INFO] Loaded command: giveaway from giveaway
[2025-04-29T15:44:07.997Z] [INFO] Loaded command: gend from giveaway
[2025-04-29T15:44:07.999Z] [INFO] Loaded command: glist from giveaway
[2025-04-29T15:44:08.000Z] [INFO] Loaded command: greroll from giveaway
[2025-04-29T15:44:08.001Z] [INFO] Loaded command: antiping from moderation
[2025-04-29T15:44:08.003Z] [INFO] Loaded command: automod from moderation
[2025-04-29T15:44:08.004Z] [INFO] Loaded command: ban from moderation
[2025-04-29T15:44:08.004Z] [INFO] Loaded command: kick from moderation
[2025-04-29T15:44:08.005Z] [INFO] Loaded command: purge from moderation
[2025-04-29T15:44:08.005Z] [INFO] Loaded command: timeout from moderation
[2025-04-29T15:44:08.006Z] [INFO] Loaded command: unmute from moderation
[2025-04-29T15:44:08.006Z] [INFO] Loaded command: unsticky from sticky
[2025-04-29T15:44:08.007Z] [INFO] Loaded command: sticky from sticky
[2025-04-29T15:44:08.008Z] [INFO] Loaded command: embed from utility
[2025-04-29T15:44:08.008Z] [INFO] Loaded command: help from utility
[2025-04-29T15:44:08.009Z] [INFO] Loaded command: ping from utility
[2025-04-29T15:44:08.009Z] [INFO] Loaded command: serverinfo from utility
[2025-04-29T15:44:08.010Z] [INFO] Loaded command: userinfo from utility
[2025-04-29T15:44:08.010Z] [INFO] Attempting to log in to Discord...
[2025-04-29T15:44:07.994Z] [INFO] Loaded event: messageCreate
[2025-04-29T15:44:07.994Z] [INFO] Loaded event: ready
[2025-04-29T15:44:08.531Z] [INFO] Bot logged in successfully
[2025-04-29T15:44:08.534Z] [INFO] Started refreshing 21 application (/) commands.
[2025-04-29T15:44:08.622Z] [INFO] Logged in as .gg/snowhill#8571
[2025-04-29T15:44:08.622Z] [INFO] Bot is serving 2 guilds
[2025-04-29T15:44:08.623Z] [INFO] Connected to guild: LokiSMP (1226126978629898290) with 3 members
[2025-04-29T15:44:08.623Z] [INFO] Connected to guild: SnowHill #REVIVE (1321561162717855834) with 8148 members
[2025-04-29T15:44:08.755Z] [INFO] Successfully reloaded 21 guild (/) commands.
[2025-04-29T15:44:08.755Z] [INFO] Loaded 0 active giveaways
[2025-04-29T15:44:08.756Z] [INFO] Setting up sticky message handler
